Protein_ID,Species_Group,Organism_Source,Domain_True,True_Thermal_Class,P_Cold
tr|X2JFT6|X2JFT6_9PEZI,Geomyces pannorum,Geomyces_pannorum,Fungi,0,0.36677125
tr|X2JI35|X2JI35_9PEZI,Geomyces pannorum,Geomyces_pannorum,Fungi,0,0.47137195
tr|A0A142I5C4|A0A142I5C4_9PEZI,Geomyces pannorum,Geomyces_pannorum,Fungi,0,0.48807955
tr|A0A1B8GGY1|A0A1B8GGY1_9PEZI,Pseudogymnoascus verrucosus,Pseudogymnoascus_verrucosus,Fungi,0,0.31648958
tr|A0A1B8G6R5|A0A1B8G6R5_9PEZI,Pseudogymnoascus verrucosus,Pseudogymnoascus_verrucosus,Fungi,0,0.083100736
tr|A0A1B8GEY6|A0A1B8GEY6_9PEZI,Pseudogymnoascus verrucosus,Pseudogymnoascus_verrucosus,Fungi,0,0.3575862
tr|A0A1B8GVR8|A0A1B8GVR8_9PEZI,Pseudogymnoascus verrucosus,Pseudogymnoascus_verrucosus,Fungi,0,0.23831244
tr|A0A1B8GV73|A0A1B8GV73_9PEZI,Pseudogymnoascus verrucosus,Pseudogymnoascus_verrucosus,Fungi,0,0.38281098
tr|A0A1B8GQC0|A0A1B8GQC0_9PEZI,Pseudogymnoascus verrucosus,Pseudogymnoascus_verrucosus,Fungi,0,0.27374694
tr|A0A1B8GJR7|A0A1B8GJR7_9PEZI,Pseudogymnoascus verrucosus,Pseudogymnoascus_verrucosus,Fungi,0,0.43876237
tr|A0A1B8GCS6|A0A1B8GCS6_9PEZI,Pseudogymnoascus verrucosus,Pseudogymnoascus_verrucosus,Fungi,0,0.21446046
tr|A0A1B8GJ65|A0A1B8GJ65_9PEZI,Pseudogymnoascus verrucosus,Pseudogymnoascus_verrucosus,Fungi,0,0.19573343
tr|A0A1B8GP28|A0A1B8GP28_9PEZI,Pseudogymnoascus verrucosus,Pseudogymnoascus_verrucosus,Fungi,0,0.21437734
tr|A0A1B8GUX6|A0A1B8GUX6_9PEZI,Pseudogymnoascus verrucosus,Pseudogymnoascus_verrucosus,Fungi,0,0.12284355
tr|A0A1B8G9F4|A0A1B8G9F4_9PEZI,Pseudogymnoascus verrucosus,Pseudogymnoascus_verrucosus,Fungi,0,0.23167588
tr|A0A1B8GTY9|A0A1B8GTY9_9PEZI,Pseudogymnoascus verrucosus,Pseudogymnoascus_verrucosus,Fungi,0,0.3208088
tr|A0A1B8G9T7|A0A1B8G9T7_9PEZI,Pseudogymnoascus verrucosus,Pseudogymnoascus_verrucosus,Fungi,0,0.37504533
tr|A0A1B8G8R7|A0A1B8G8R7_9PEZI,Pseudogymnoascus verrucosus,Pseudogymnoascus_verrucosus,Fungi,0,0.30152074
tr|A0A1B8GFA3|A0A1B8GFA3_9PEZI,Pseudogymnoascus verrucosus,Pseudogymnoascus_verrucosus,Fungi,0,0.35339543
tr|A0A1B8G656|A0A1B8G656_9PEZI,Pseudogymnoascus verrucosus,Pseudogymnoascus_verrucosus,Fungi,0,0.18497287
tr|A0A1B8GMF3|A0A1B8GMF3_9PEZI,Pseudogymnoascus verrucosus,Pseudogymnoascus_verrucosus,Fungi,0,0.16897862
tr|A0A1B8GNW0|A0A1B8GNW0_9PEZI,Pseudogymnoascus verrucosus,Pseudogymnoascus_verrucosus,Fungi,0,0.17308027
tr|A0A2P2SWB3|A0A2P2SWB3_9PEZI,Pseudogymnoascus verrucosus,Pseudogymnoascus_verrucosus,Fungi,0,0.45571876
tr|A0A1B8GPZ2|A0A1B8GPZ2_9PEZI,Pseudogymnoascus verrucosus,Pseudogymnoascus_verrucosus,Fungi,0,0.3165158
tr|A0A1B8GTG7|A0A1B8GTG7_9PEZI,Pseudogymnoascus verrucosus,Pseudogymnoascus_verrucosus,Fungi,0,0.16125593
tr|A0A1B8GJ19|A0A1B8GJ19_9PEZI,Pseudogymnoascus verrucosus,Pseudogymnoascus_verrucosus,Fungi,0,0.54134524
tr|A0A2P2SYA7|A0A2P2SYA7_9PEZI,Pseudogymnoascus verrucosus,Pseudogymnoascus_verrucosus,Fungi,0,0.49725017
tr|A0A1B8GDU1|A0A1B8GDU1_9PEZI,Pseudogymnoascus verrucosus,Pseudogymnoascus_verrucosus,Fungi,0,0.3240201
tr|A0A1B8GD91|A0A1B8GD91_9PEZI,Pseudogymnoascus verrucosus,Pseudogymnoascus_verrucosus,Fungi,0,0.537841
tr|A0A1B8GK78|A0A1B8GK78_9PEZI,Pseudogymnoascus verrucosus,Pseudogymnoascus_verrucosus,Fungi,0,0.58480334
tr|A0A1B8GXC9|A0A1B8GXC9_9PEZI,Pseudogymnoascus verrucosus,Pseudogymnoascus_verrucosus,Fungi,0,0.63594216
tr|A0A1B8G6A1|A0A1B8G6A1_9PEZI,Pseudogymnoascus verrucosus,Pseudogymnoascus_verrucosus,Fungi,0,0.34864038
tr|A0A1B8GFD2|A0A1B8GFD2_9PEZI,Pseudogymnoascus verrucosus,Pseudogymnoascus_verrucosus,Fungi,0,0.61137974
tr|A0A1B8GFN8|A0A1B8GFN8_9PEZI,Pseudogymnoascus verrucosus,Pseudogymnoascus_verrucosus,Fungi,0,0.6283262
tr|A0A1B8GSK0|A0A1B8GSK0_9PEZI,Pseudogymnoascus verrucosus,Pseudogymnoascus_verrucosus,Fungi,0,0.37374792
tr|A0A1B8GVM9|A0A1B8GVM9_9PEZI,Pseudogymnoascus verrucosus,Pseudogymnoascus_verrucosus,Fungi,0,0.3834065
tr|A0A4U0XSR0|A0A4U0XSR0_9PEZI,Friedmanniomyces simplex,Friedmanniomyces_simplex,Fungi,0,0.39410087
tr|A0A4U0X0F3|A0A4U0X0F3_9PEZI,Friedmanniomyces simplex,Friedmanniomyces_simplex,Fungi,0,0.42625278
tr|A0A4U0XW13|A0A4U0XW13_9PEZI,Friedmanniomyces simplex,Friedmanniomyces_simplex,Fungi,0,0.48426878
tr|A0A4U0X211|A0A4U0X211_9PEZI,Friedmanniomyces simplex,Friedmanniomyces_simplex,Fungi,0,0.5700263
tr|A0A4U0XNJ8|A0A4U0XNJ8_9PEZI,Friedmanniomyces simplex,Friedmanniomyces_simplex,Fungi,0,0.6391608
tr|A0A4U0W859|A0A4U0W859_9PEZI,Friedmanniomyces simplex,Friedmanniomyces_simplex,Fungi,0,0.6438253
tr|A0A4U0WII7|A0A4U0WII7_9PEZI,Friedmanniomyces simplex,Friedmanniomyces_simplex,Fungi,0,0.626953
tr|A0A4U0WU08|A0A4U0WU08_9PEZI,Friedmanniomyces simplex,Friedmanniomyces_simplex,Fungi,0,0.5189494
tr|A0A4U0XLY3|A0A4U0XLY3_9PEZI,Friedmanniomyces simplex,Friedmanniomyces_simplex,Fungi,0,0.4249563
tr|A0A4U0WPC5|A0A4U0WPC5_9PEZI,Friedmanniomyces simplex,Friedmanniomyces_simplex,Fungi,0,0.3886936
tr|A0A4U0WRZ4|A0A4U0WRZ4_9PEZI,Friedmanniomyces simplex,Friedmanniomyces_simplex,Fungi,0,0.5291209
tr|A0A4U0WHC0|A0A4U0WHC0_9PEZI,Friedmanniomyces simplex,Friedmanniomyces_simplex,Fungi,0,0.5421372
tr|A0A4U0XCL0|A0A4U0XCL0_9PEZI,Friedmanniomyces simplex,Friedmanniomyces_simplex,Fungi,0,0.6249403
tr|A0A4U0XP65|A0A4U0XP65_9PEZI,Friedmanniomyces simplex,Friedmanniomyces_simplex,Fungi,0,0.6501231
tr|A0A4U0X030|A0A4U0X030_9PEZI,Friedmanniomyces simplex,Friedmanniomyces_simplex,Fungi,0,0.43219155
tr|A0A4U0Y0E5|A0A4U0Y0E5_9PEZI,Friedmanniomyces simplex,Friedmanniomyces_simplex,Fungi,0,0.67544335
tr|A0A4U0XSR4|A0A4U0XSR4_9PEZI,Friedmanniomyces simplex,Friedmanniomyces_simplex,Fungi,0,0.3103768
tr|A0A4U0WJX9|A0A4U0WJX9_9PEZI,Friedmanniomyces simplex,Friedmanniomyces_simplex,Fungi,0,0.6382398
tr|A0A4U0XTZ5|A0A4U0XTZ5_9PEZI,Friedmanniomyces simplex,Friedmanniomyces_simplex,Fungi,0,0.5933037
tr|A0A4U0XIB1|A0A4U0XIB1_9PEZI,Friedmanniomyces simplex,Friedmanniomyces_simplex,Fungi,0,0.548414
tr|A0A4U0XRZ3|A0A4U0XRZ3_9PEZI,Friedmanniomyces simplex,Friedmanniomyces_simplex,Fungi,0,0.3975711
tr|A0A4U0VME8|A0A4U0VME8_9PEZI,Friedmanniomyces simplex,Friedmanniomyces_simplex,Fungi,0,0.27220637
tr|A0A4U0WHW8|A0A4U0WHW8_9PEZI,Friedmanniomyces simplex,Friedmanniomyces_simplex,Fungi,0,0.8989128
tr|A0A4U0XCB4|A0A4U0XCB4_9PEZI,Friedmanniomyces simplex,Friedmanniomyces_simplex,Fungi,0,0.67708755
tr|A0A4U0WY03|A0A4U0WY03_9PEZI,Friedmanniomyces simplex,Friedmanniomyces_simplex,Fungi,0,0.54967165
tr|A0A4V6WKR7|A0A4V6WKR7_9PEZI,Friedmanniomyces simplex,Friedmanniomyces_simplex,Fungi,0,0.77645004
tr|A0A4U0XEJ0|A0A4U0XEJ0_9PEZI,Friedmanniomyces simplex,Friedmanniomyces_simplex,Fungi,0,0.52122337
tr|A0A074YNB5|A0A074YNB5_AURSE,Aureobasidium subglaciale,Aureobasidium subglaciale (strain EXF-2481),Fungi,0,0.30454013
tr|A0A074YMM7|A0A074YMM7_AURSE,Aureobasidium subglaciale,Aureobasidium subglaciale (strain EXF-2481),Fungi,0,0.2102198
tr|A0A074YX41|A0A074YX41_AURSE,Aureobasidium subglaciale,Aureobasidium subglaciale (strain EXF-2481),Fungi,0,0.2485401
tr|A0A074YR59|A0A074YR59_AURSE,Aureobasidium subglaciale,Aureobasidium subglaciale (strain EXF-2481),Fungi,0,0.47575366
tr|A0A074YTB7|A0A074YTB7_AURSE,Aureobasidium subglaciale,Aureobasidium subglaciale (strain EXF-2481),Fungi,0,0.44078442
tr|A0A074YQZ5|A0A074YQZ5_AURSE,Aureobasidium subglaciale,Aureobasidium subglaciale (strain EXF-2481),Fungi,0,0.51606184
tr|A0A074YK40|A0A074YK40_AURSE,Aureobasidium subglaciale,Aureobasidium subglaciale (strain EXF-2481),Fungi,0,0.291169
tr|A0A074YAJ1|A0A074YAJ1_AURSE,Aureobasidium subglaciale,Aureobasidium subglaciale (strain EXF-2481),Fungi,0,0.37108615
tr|A0A074Z188|A0A074Z188_AURSE,Aureobasidium subglaciale,Aureobasidium subglaciale (strain EXF-2481),Fungi,0,0.5045164
tr|A0A074Y2Z0|A0A074Y2Z0_AURSE,Aureobasidium subglaciale,Aureobasidium subglaciale (strain EXF-2481),Fungi,0,0.16595027
tr|A0A074Y5D4|A0A074Y5D4_AURSE,Aureobasidium subglaciale,Aureobasidium subglaciale (strain EXF-2481),Fungi,0,0.30942506
tr|A0A074YAR2|A0A074YAR2_AURSE,Aureobasidium subglaciale,Aureobasidium subglaciale (strain EXF-2481),Fungi,0,0.50265074
tr|A0A074YTP6|A0A074YTP6_AURSE,Aureobasidium subglaciale,Aureobasidium subglaciale (strain EXF-2481),Fungi,0,0.5363665
tr|A0A074YD09|A0A074YD09_AURSE,Aureobasidium subglaciale,Aureobasidium subglaciale (strain EXF-2481),Fungi,0,0.34335783
tr|A0A074YQV9|A0A074YQV9_AURSE,Aureobasidium subglaciale,Aureobasidium subglaciale (strain EXF-2481),Fungi,0,0.54455626
tr|A0A074ZPB7|A0A074ZPB7_AURSE,Aureobasidium subglaciale,Aureobasidium subglaciale (strain EXF-2481),Fungi,0,0.4914386
tr|A0A074Y5A0|A0A074Y5A0_AURSE,Aureobasidium subglaciale,Aureobasidium subglaciale (strain EXF-2481),Fungi,0,0.59841
tr|A0A074YBX4|A0A074YBX4_AURSE,Aureobasidium subglaciale,Aureobasidium subglaciale (strain EXF-2481),Fungi,0,0.30523622
tr|A0A074YPU1|A0A074YPU1_AURSE,Aureobasidium subglaciale,Aureobasidium subglaciale (strain EXF-2481),Fungi,0,0.30546814
tr|A0A074Y7C4|A0A074Y7C4_AURSE,Aureobasidium subglaciale,Aureobasidium subglaciale (strain EXF-2481),Fungi,0,0.40402004
tr|A0A074YK44|A0A074YK44_AURSE,Aureobasidium subglaciale,Aureobasidium subglaciale (strain EXF-2481),Fungi,0,0.4028681
tr|A0AAN6KMD2|A0AAN6KMD2_9PEZI,Friedmanniomyces endolithicus,Friedmanniomyces_endolithicus,Fungi,0,0.25900847
tr|A0AAN6KFE8|A0AAN6KFE8_9PEZI,Friedmanniomyces endolithicus,Friedmanniomyces_endolithicus,Fungi,0,0.502147
tr|A0AAN6KT83|A0AAN6KT83_9PEZI,Friedmanniomyces endolithicus,Friedmanniomyces_endolithicus,Fungi,0,0.52895933
tr|A0AAN6KLR2|A0AAN6KLR2_9PEZI,Friedmanniomyces endolithicus,Friedmanniomyces_endolithicus,Fungi,0,0.49169543
tr|A0AAN6QSM2|A0AAN6QSM2_9PEZI,Friedmanniomyces endolithicus,Friedmanniomyces_endolithicus,Fungi,0,0.55601233
tr|A0AAN6JWG5|A0AAN6JWG5_9PEZI,Friedmanniomyces endolithicus,Friedmanniomyces_endolithicus,Fungi,0,0.64673793
tr|A0AAN6KCQ6|A0AAN6KCQ6_9PEZI,Friedmanniomyces endolithicus,Friedmanniomyces_endolithicus,Fungi,0,0.50346744
tr|A0A4V5N7H2|A0A4V5N7H2_9PEZI,Friedmanniomyces endolithicus,Friedmanniomyces_endolithicus,Fungi,0,0.5619529
tr|A0AAN6K0R9|A0AAN6K0R9_9PEZI,Friedmanniomyces endolithicus,Friedmanniomyces_endolithicus,Fungi,0,0.59707147
tr|A0AAN6K517|A0AAN6K517_9PEZI,Friedmanniomyces endolithicus,Friedmanniomyces_endolithicus,Fungi,0,0.588918
tr|A0AAN6QRA4|A0AAN6QRA4_9PEZI,Friedmanniomyces endolithicus,Friedmanniomyces_endolithicus,Fungi,0,0.5511864
tr|A0AAN6KDZ2|A0AAN6KDZ2_9PEZI,Friedmanniomyces endolithicus,Friedmanniomyces_endolithicus,Fungi,0,0.21528122
tr|A0AAN6K9W2|A0AAN6K9W2_9PEZI,Friedmanniomyces endolithicus,Friedmanniomyces_endolithicus,Fungi,0,0.2152961
tr|A0AAN6H3J1|A0AAN6H3J1_9PEZI,Friedmanniomyces endolithicus,Friedmanniomyces_endolithicus,Fungi,0,0.56631815
tr|A0AAN6F8S8|A0AAN6F8S8_9PEZI,Friedmanniomyces endolithicus,Friedmanniomyces_endolithicus,Fungi,0,0.5521103
tr|A0AAN6KFI9|A0AAN6KFI9_9PEZI,Friedmanniomyces endolithicus,Friedmanniomyces_endolithicus,Fungi,0,0.5745296
tr|A0AAN6KPL3|A0AAN6KPL3_9PEZI,Friedmanniomyces endolithicus,Friedmanniomyces_endolithicus,Fungi,0,0.25600183
tr|A0AAN6H3Y7|A0AAN6H3Y7_9PEZI,Friedmanniomyces endolithicus,Friedmanniomyces_endolithicus,Fungi,0,0.23981564
tr|A0AAN6KC46|A0AAN6KC46_9PEZI,Friedmanniomyces endolithicus,Friedmanniomyces_endolithicus,Fungi,0,0.24748479
tr|A0AAN6K7X8|A0AAN6K7X8_9PEZI,Friedmanniomyces endolithicus,Friedmanniomyces_endolithicus,Fungi,0,0.08442351
tr|A0AAN6H1S5|A0AAN6H1S5_9PEZI,Friedmanniomyces endolithicus,Friedmanniomyces_endolithicus,Fungi,0,0.06446996
tr|A0AAN6H2E1|A0AAN6H2E1_9PEZI,Friedmanniomyces endolithicus,Friedmanniomyces_endolithicus,Fungi,0,0.4184557
tr|A0AAN6K961|A0AAN6K961_9PEZI,Friedmanniomyces endolithicus,Friedmanniomyces_endolithicus,Fungi,0,0.5248084
tr|A0AAN6KBR5|A0AAN6KBR5_9PEZI,Friedmanniomyces endolithicus,Friedmanniomyces_endolithicus,Fungi,0,0.59630704
tr|A0AAN6JVG4|A0AAN6JVG4_9PEZI,Friedmanniomyces endolithicus,Friedmanniomyces_endolithicus,Fungi,0,0.5625897
tr|A0AAN6JY05|A0AAN6JY05_9PEZI,Friedmanniomyces endolithicus,Friedmanniomyces_endolithicus,Fungi,0,0.5680001
tr|A0AAN6KB89|A0AAN6KB89_9PEZI,Friedmanniomyces endolithicus,Friedmanniomyces_endolithicus,Fungi,0,0.4466226
tr|A0AAN6KKQ8|A0AAN6KKQ8_9PEZI,Friedmanniomyces endolithicus,Friedmanniomyces_endolithicus,Fungi,0,0.564522
tr|A0AAN6KEY3|A0AAN6KEY3_9PEZI,Friedmanniomyces endolithicus,Friedmanniomyces_endolithicus,Fungi,0,0.5732853
tr|A0AAN6KV59|A0AAN6KV59_9PEZI,Friedmanniomyces endolithicus,Friedmanniomyces_endolithicus,Fungi,0,0.50617796
tr|A0A4U0VF52|A0A4U0VF52_9PEZI,Friedmanniomyces endolithicus,Friedmanniomyces_endolithicus,Fungi,0,0.65604836
tr|A0AAN6QVR0|A0AAN6QVR0_9PEZI,Friedmanniomyces endolithicus,Friedmanniomyces_endolithicus,Fungi,0,0.2989082
tr|A0AAN6GYH8|A0AAN6GYH8_9PEZI,Friedmanniomyces endolithicus,Friedmanniomyces_endolithicus,Fungi,0,0.24593958
tr|A0AAN6JYK4|A0AAN6JYK4_9PEZI,Friedmanniomyces endolithicus,Friedmanniomyces_endolithicus,Fungi,0,0.24612306
tr|A0AAN6H436|A0AAN6H436_9PEZI,Friedmanniomyces endolithicus,Friedmanniomyces_endolithicus,Fungi,0,0.6373703
tr|A0AAN6KMK7|A0AAN6KMK7_9PEZI,Friedmanniomyces endolithicus,Friedmanniomyces_endolithicus,Fungi,0,0.29350016
tr|A0AAN6KVX1|A0AAN6KVX1_9PEZI,Friedmanniomyces endolithicus,Friedmanniomyces_endolithicus,Fungi,0,0.25438088
tr|A0AAN6KKI9|A0AAN6KKI9_9PEZI,Friedmanniomyces endolithicus,Friedmanniomyces_endolithicus,Fungi,0,0.25598362
tr|A0AAN6QL93|A0AAN6QL93_9PEZI,Friedmanniomyces endolithicus,Friedmanniomyces_endolithicus,Fungi,0,0.23558767
tr|A0A4U0UUK7|A0A4U0UUK7_9PEZI,Friedmanniomyces endolithicus,Friedmanniomyces_endolithicus,Fungi,0,0.67044014
tr|A0AAN6KLP5|A0AAN6KLP5_9PEZI,Friedmanniomyces endolithicus,Friedmanniomyces_endolithicus,Fungi,0,0.22449991
tr|A0AAN6FZ73|A0AAN6FZ73_9PEZI,Friedmanniomyces endolithicus,Friedmanniomyces_endolithicus,Fungi,0,0.58653533
tr|A0AAN6QJJ0|A0AAN6QJJ0_9PEZI,Friedmanniomyces endolithicus,Friedmanniomyces_endolithicus,Fungi,0,0.5679081
tr|A0AAN6KC63|A0AAN6KC63_9PEZI,Friedmanniomyces endolithicus,Friedmanniomyces_endolithicus,Fungi,0,0.6217757
tr|A0AAN6KTL8|A0AAN6KTL8_9PEZI,Friedmanniomyces endolithicus,Friedmanniomyces_endolithicus,Fungi,0,0.4664463
tr|A0AAN6QXW0|A0AAN6QXW0_9PEZI,Friedmanniomyces endolithicus,Friedmanniomyces_endolithicus,Fungi,0,0.45218375
tr|A0AAN6KKV0|A0AAN6KKV0_9PEZI,Friedmanniomyces endolithicus,Friedmanniomyces_endolithicus,Fungi,0,0.4786379
tr|A0AAN6H0R4|A0AAN6H0R4_9PEZI,Friedmanniomyces endolithicus,Friedmanniomyces_endolithicus,Fungi,0,0.6051292
tr|A0A4U0UPH9|A0A4U0UPH9_9PEZI,Friedmanniomyces endolithicus,Friedmanniomyces_endolithicus,Fungi,0,0.3525759
tr|A0A4U0V4R4|A0A4U0V4R4_9PEZI,Friedmanniomyces endolithicus,Friedmanniomyces_endolithicus,Fungi,0,0.5458391
tr|A0A4U0UJE3|A0A4U0UJE3_9PEZI,Friedmanniomyces endolithicus,Friedmanniomyces_endolithicus,Fungi,0,0.7931298
tr|A0A4U0VKA4|A0A4U0VKA4_9PEZI,Friedmanniomyces endolithicus,Friedmanniomyces_endolithicus,Fungi,0,0.7960091
tr|A0AAN6KK23|A0AAN6KK23_9PEZI,Friedmanniomyces endolithicus,Friedmanniomyces_endolithicus,Fungi,0,0.3556574
tr|A0AAN6H5D8|A0AAN6H5D8_9PEZI,Friedmanniomyces endolithicus,Friedmanniomyces_endolithicus,Fungi,0,0.58755815
tr|A0AAN6K142|A0AAN6K142_9PEZI,Friedmanniomyces endolithicus,Friedmanniomyces_endolithicus,Fungi,0,0.3692343
tr|A0AAN6K7A3|A0AAN6K7A3_9PEZI,Friedmanniomyces endolithicus,Friedmanniomyces_endolithicus,Fungi,0,0.7912909
tr|A0A4U0UIF1|A0A4U0UIF1_9PEZI,Friedmanniomyces endolithicus,Friedmanniomyces_endolithicus,Fungi,0,0.6410011
tr|A0AAN6QXI6|A0AAN6QXI6_9PEZI,Friedmanniomyces endolithicus,Friedmanniomyces_endolithicus,Fungi,0,0.653062
tr|A0A4U0V0P6|A0A4U0V0P6_9PEZI,Friedmanniomyces endolithicus,Friedmanniomyces_endolithicus,Fungi,0,0.18562716
tr|A0AAN6K4Z8|A0AAN6K4Z8_9PEZI,Friedmanniomyces endolithicus,Friedmanniomyces_endolithicus,Fungi,0,0.7316947
tr|A0AAN6KUU9|A0AAN6KUU9_9PEZI,Friedmanniomyces endolithicus,Friedmanniomyces_endolithicus,Fungi,0,0.28974718
tr|A0AAN6QPE6|A0AAN6QPE6_9PEZI,Friedmanniomyces endolithicus,Friedmanniomyces_endolithicus,Fungi,0,0.26252216
tr|A0AAN6K3Z5|A0AAN6K3Z5_9PEZI,Friedmanniomyces endolithicus,Friedmanniomyces_endolithicus,Fungi,0,0.71147734
tr|A0AAN6R2S9|A0AAN6R2S9_9PEZI,Friedmanniomyces endolithicus,Friedmanniomyces_endolithicus,Fungi,0,0.31301087
tr|A0AAN6HAB7|A0AAN6HAB7_9PEZI,Friedmanniomyces endolithicus,Friedmanniomyces_endolithicus,Fungi,0,0.7376252
tr|A0AAN6HFI9|A0AAN6HFI9_9PEZI,Friedmanniomyces endolithicus,Friedmanniomyces_endolithicus,Fungi,0,0.17819372
tr|A0AAN6KJJ4|A0AAN6KJJ4_9PEZI,Friedmanniomyces endolithicus,Friedmanniomyces_endolithicus,Fungi,0,0.47982252
tr|A0A099K956|A0A099K956_COLPS,Colwellia psychrerythraea,Colwellia_psychrerythraea,Bacteria,0,0.3832445
tr|Q47YS4|Q47YS4_COLP3,Colwellia psychrerythraea,Colwellia psychrerythraea (strain 34H / ATCC BAA-681),Bacteria,0,0.4227072
tr|A0A099KC61|A0A099KC61_COLPS,Colwellia psychrerythraea,Colwellia_psychrerythraea,Bacteria,0,0.078399666
tr|A0A099KXL5|A0A099KXL5_COLPS,Colwellia psychrerythraea,Colwellia_psychrerythraea,Bacteria,0,0.0735467
tr|Q47YJ4|Q47YJ4_COLP3,Colwellia psychrerythraea,Colwellia psychrerythraea (strain 34H / ATCC BAA-681),Bacteria,0,0.309862
tr|A0A099KMF1|A0A099KMF1_COLPS,Colwellia psychrerythraea,Colwellia_psychrerythraea,Bacteria,0,0.45723113
tr|Q47WA5|Q47WA5_COLP3,Colwellia psychrerythraea,Colwellia psychrerythraea (strain 34H / ATCC BAA-681),Bacteria,0,0.2042545
tr|A0A099L0Q0|A0A099L0Q0_COLPS,Colwellia psychrerythraea,Colwellia_psychrerythraea,Bacteria,0,0.39683065
tr|Q47U98|Q47U98_COLP3,Colwellia psychrerythraea,Colwellia psychrerythraea (strain 34H / ATCC BAA-681),Bacteria,0,0.6680097
tr|A0A099KVC6|A0A099KVC6_COLPS,Colwellia psychrerythraea,Colwellia_psychrerythraea,Bacteria,0,0.68202925
tr|A0A099KA55|A0A099KA55_COLPS,Colwellia psychrerythraea,Colwellia_psychrerythraea,Bacteria,0,0.20468771
tr|A0A099KNV1|A0A099KNV1_COLPS,Colwellia psychrerythraea,Colwellia_psychrerythraea,Bacteria,0,0.477467
tr|A0A099KNB3|A0A099KNB3_COLPS,Colwellia psychrerythraea,Colwellia_psychrerythraea,Bacteria,0,0.2880159
tr|Q485R5|Q485R5_COLP3,Colwellia psychrerythraea,Colwellia psychrerythraea (strain 34H / ATCC BAA-681),Bacteria,0,0.27074245
tr|Q486V2|Q486V2_COLP3,Colwellia psychrerythraea,Colwellia psychrerythraea (strain 34H / ATCC BAA-681),Bacteria,0,0.5496966
tr|Q485G3|Q485G3_COLP3,Colwellia psychrerythraea,Colwellia psychrerythraea (strain 34H / ATCC BAA-681),Bacteria,0,0.3326102
tr|A0A099K8F1|A0A099K8F1_COLPS,Colwellia psychrerythraea,Colwellia_psychrerythraea,Bacteria,0,0.1166573
tr|A0A099KAW6|A0A099KAW6_COLPS,Colwellia psychrerythraea,Colwellia_psychrerythraea,Bacteria,0,0.73917764
tr|Q47ZB8|Q47ZB8_COLP3,Colwellia psychrerythraea,Colwellia psychrerythraea (strain 34H / ATCC BAA-681),Bacteria,0,0.7140112
tr|Q483A7|Q483A7_COLP3,Colwellia psychrerythraea,Colwellia psychrerythraea (strain 34H / ATCC BAA-681),Bacteria,0,0.38389444
tr|Q485T2|Q485T2_COLP3,Colwellia psychrerythraea,Colwellia psychrerythraea (strain 34H / ATCC BAA-681),Bacteria,0,0.3152638
tr|Q485W4|Q485W4_COLP3,Colwellia psychrerythraea,Colwellia psychrerythraea (strain 34H / ATCC BAA-681),Bacteria,0,0.40381268
tr|A0A099KMG1|A0A099KMG1_COLPS,Colwellia psychrerythraea,Colwellia_psychrerythraea,Bacteria,0,0.51444614
tr|A0A099KKB7|A0A099KKB7_COLPS,Colwellia psychrerythraea,Colwellia_psychrerythraea,Bacteria,0,0.2069034
tr|Q482Q5|Q482Q5_COLP3,Colwellia psychrerythraea,Colwellia psychrerythraea (strain 34H / ATCC BAA-681),Bacteria,0,0.27418107
sp|Q48AA9|LEXA_COLP3,Colwellia psychrerythraea,Colwellia psychrerythraea (strain 34H / ATCC BAA-681),Bacteria,0,0.57544035
sp|Q47XL8|CLPP_COLP3,Colwellia psychrerythraea,Colwellia psychrerythraea (strain 34H / ATCC BAA-681),Bacteria,0,0.3290171
tr|A0A099KPK2|A0A099KPK2_COLPS,Colwellia psychrerythraea,Colwellia_psychrerythraea,Bacteria,0,0.61932737
tr|Q47XM0|Q47XM0_COLP3,Colwellia psychrerythraea,Colwellia psychrerythraea (strain 34H / ATCC BAA-681),Bacteria,0,0.30118522
tr|A0A099KR04|A0A099KR04_COLPS,Colwellia psychrerythraea,Colwellia_psychrerythraea,Bacteria,0,0.28580782
tr|A0A099KTL1|A0A099KTL1_COLPS,Colwellia psychrerythraea,Colwellia_psychrerythraea,Bacteria,0,0.44515082
tr|A0A099KWQ4|A0A099KWQ4_COLPS,Colwellia psychrerythraea,Colwellia_psychrerythraea,Bacteria,0,0.6332674
tr|A0A099KPV2|A0A099KPV2_COLPS,Colwellia psychrerythraea,Colwellia_psychrerythraea,Bacteria,0,0.13560084
tr|Q484I1|Q484I1_COLP3,Colwellia psychrerythraea,Colwellia psychrerythraea (strain 34H / ATCC BAA-681),Bacteria,0,0.11354005
tr|A0A099KX36|A0A099KX36_COLPS,Colwellia psychrerythraea,Colwellia_psychrerythraea,Bacteria,0,0.19854955
tr|Q47WP4|Q47WP4_COLP3,Colwellia psychrerythraea,Colwellia psychrerythraea (strain 34H / ATCC BAA-681),Bacteria,0,0.16092654
tr|Q484Q3|Q484Q3_COLP3,Colwellia psychrerythraea,Colwellia psychrerythraea (strain 34H / ATCC BAA-681),Bacteria,0,0.59269243
tr|Q48AQ9|Q48AQ9_COLP3,Colwellia psychrerythraea,Colwellia psychrerythraea (strain 34H / ATCC BAA-681),Bacteria,0,0.35359544
tr|A0A099KY10|A0A099KY10_COLPS,Colwellia psychrerythraea,Colwellia_psychrerythraea,Bacteria,0,0.20033222
tr|Q48AT9|Q48AT9_COLP3,Colwellia psychrerythraea,Colwellia psychrerythraea (strain 34H / ATCC BAA-681),Bacteria,0,0.1459663
tr|Q47YW0|Q47YW0_COLP3,Colwellia psychrerythraea,Colwellia psychrerythraea (strain 34H / ATCC BAA-681),Bacteria,0,0.063521996
tr|Q480E3|Q480E3_COLP3,Colwellia psychrerythraea,Colwellia psychrerythraea (strain 34H / ATCC BAA-681),Bacteria,0,0.04694266
tr|Q488L2|Q488L2_COLP3,Colwellia psychrerythraea,Colwellia psychrerythraea (strain 34H / ATCC BAA-681),Bacteria,0,0.033949275
tr|A0A099KYV8|A0A099KYV8_COLPS,Colwellia psychrerythraea,Colwellia_psychrerythraea,Bacteria,0,0.1355414
tr|Q47W27|Q47W27_COLP3,Colwellia psychrerythraea,Colwellia psychrerythraea (strain 34H / ATCC BAA-681),Bacteria,0,0.1202466
tr|Q488L4|Q488L4_COLP3,Colwellia psychrerythraea,Colwellia psychrerythraea (strain 34H / ATCC BAA-681),Bacteria,0,0.023192156
tr|A0A099KT78|A0A099KT78_COLPS,Colwellia psychrerythraea,Colwellia_psychrerythraea,Bacteria,0,0.34213084
tr|Q47XA3|Q47XA3_COLP3,Colwellia psychrerythraea,Colwellia psychrerythraea (strain 34H / ATCC BAA-681),Bacteria,0,0.40918535
tr|Q480J7|Q480J7_COLP3,Colwellia psychrerythraea,Colwellia psychrerythraea (strain 34H / ATCC BAA-681),Bacteria,0,0.19076715
tr|A0A099K9W9|A0A099K9W9_COLPS,Colwellia psychrerythraea,Colwellia_psychrerythraea,Bacteria,0,0.10089551
tr|A0A099KUY8|A0A099KUY8_COLPS,Colwellia psychrerythraea,Colwellia_psychrerythraea,Bacteria,0,0.14378251
tr|Q484Z2|Q484Z2_COLP3,Colwellia psychrerythraea,Colwellia psychrerythraea (strain 34H / ATCC BAA-681),Bacteria,0,0.20281434
tr|Q486S9|Q486S9_COLP3,Colwellia psychrerythraea,Colwellia psychrerythraea (strain 34H / ATCC BAA-681),Bacteria,0,0.2956081
tr|Q489M4|Q489M4_COLP3,Colwellia psychrerythraea,Colwellia psychrerythraea (strain 34H / ATCC BAA-681),Bacteria,0,0.12554763
tr|A0A099KMG7|A0A099KMG7_COLPS,Colwellia psychrerythraea,Colwellia_psychrerythraea,Bacteria,0,0.052075494
tr|A0A099KVZ6|A0A099KVZ6_COLPS,Colwellia psychrerythraea,Colwellia_psychrerythraea,Bacteria,0,0.5744838
tr|A0A099KWF1|A0A099KWF1_COLPS,Colwellia psychrerythraea,Colwellia_psychrerythraea,Bacteria,0,0.5608839
tr|Q47V81|Q47V81_COLP3,Colwellia psychrerythraea,Colwellia psychrerythraea (strain 34H / ATCC BAA-681),Bacteria,0,0.2711469
tr|Q47W26|Q47W26_COLP3,Colwellia psychrerythraea,Colwellia psychrerythraea (strain 34H / ATCC BAA-681),Bacteria,0,0.6038029
tr|Q484F0|Q484F0_COLP3,Colwellia psychrerythraea,Colwellia psychrerythraea (strain 34H / ATCC BAA-681),Bacteria,0,0.54966277
tr|Q488L1|Q488L1_COLP3,Colwellia psychrerythraea,Colwellia psychrerythraea (strain 34H / ATCC BAA-681),Bacteria,0,0.08806714
tr|A0A099KP59|A0A099KP59_COLPS,Colwellia psychrerythraea,Colwellia_psychrerythraea,Bacteria,0,0.20286846
tr|Q47VX9|Q47VX9_COLP3,Colwellia psychrerythraea,Colwellia psychrerythraea (strain 34H / ATCC BAA-681),Bacteria,0,0.30918708
tr|Q47YD5|Q47YD5_COLP3,Colwellia psychrerythraea,Colwellia psychrerythraea (strain 34H / ATCC BAA-681),Bacteria,0,0.5206261
tr|Q47ZP5|Q47ZP5_COLP3,Colwellia psychrerythraea,Colwellia psychrerythraea (strain 34H / ATCC BAA-681),Bacteria,0,0.47902632
tr|Q480X2|Q480X2_COLP3,Colwellia psychrerythraea,Colwellia psychrerythraea (strain 34H / ATCC BAA-681),Bacteria,0,0.11907294
tr|Q488H8|Q488H8_COLP3,Colwellia psychrerythraea,Colwellia psychrerythraea (strain 34H / ATCC BAA-681),Bacteria,0,0.044657502
tr|A0A1C7DWA6|A0A1C7DWA6_9BACL,Planococcus halocryophilus,Planococcus_halocryophilus,Bacteria,0,0.52226907
tr|A0A1C7DVB3|A0A1C7DVB3_9BACL,Planococcus halocryophilus,Planococcus_halocryophilus,Bacteria,0,0.30368343
tr|A0A1C7DUC3|A0A1C7DUC3_9BACL,Planococcus halocryophilus,Planococcus_halocryophilus,Bacteria,0,0.26385698
tr|A0A1C7DT58|A0A1C7DT58_9BACL,Planococcus halocryophilus,Planococcus_halocryophilus,Bacteria,0,0.21773696
tr|A0A1C7DQT2|A0A1C7DQT2_9BACL,Planococcus halocryophilus,Planococcus_halocryophilus,Bacteria,0,0.14570004
tr|A0A1C7DP94|A0A1C7DP94_9BACL,Planococcus halocryophilus,Planococcus_halocryophilus,Bacteria,0,0.06280246
tr|A0A1C7DQ03|A0A1C7DQ03_9BACL,Planococcus halocryophilus,Planococcus_halocryophilus,Bacteria,0,0.139333
tr|A0A1C7DTL1|A0A1C7DTL1_9BACL,Planococcus halocryophilus,Planococcus_halocryophilus,Bacteria,0,0.14036015
tr|A0A1C7DMI1|A0A1C7DMI1_9BACL,Planococcus halocryophilus,Planococcus_halocryophilus,Bacteria,0,0.13124894
tr|A0A1C7DLR9|A0A1C7DLR9_9BACL,Planococcus halocryophilus,Planococcus_halocryophilus,Bacteria,0,0.07876871
tr|A0A1C7DPX1|A0A1C7DPX1_9BACL,Planococcus halocryophilus,Planococcus_halocryophilus,Bacteria,0,0.05835417
tr|A0A1C7DQ92|A0A1C7DQ92_9BACL,Planococcus halocryophilus,Planococcus_halocryophilus,Bacteria,0,0.10799505
tr|A0A1C7DQF9|A0A1C7DQF9_9BACL,Planococcus halocryophilus,Planococcus_halocryophilus,Bacteria,0,0.11075077
tr|A0A1C7DPM6|A0A1C7DPM6_9BACL,Planococcus halocryophilus,Planococcus_halocryophilus,Bacteria,0,0.23566914
tr|A0A1C7DSB1|A0A1C7DSB1_9BACL,Planococcus halocryophilus,Planococcus_halocryophilus,Bacteria,0,0.110551
tr|A0A1C7DR93|A0A1C7DR93_9BACL,Planococcus halocryophilus,Planococcus_halocryophilus,Bacteria,0,0.5374909
tr|A0A1Y2G021|A0A1Y2G021_9BASI,Leucosporidium creatinivorum,Leucosporidium_creatinivorum,Fungi,0,0.4977052
tr|A0A1Y2FXB6|A0A1Y2FXB6_9BASI,Leucosporidium creatinivorum,Leucosporidium_creatinivorum,Fungi,0,0.45761034
tr|A0A1Y2FJS3|A0A1Y2FJS3_9BASI,Leucosporidium creatinivorum,Leucosporidium_creatinivorum,Fungi,0,0.26685363
tr|A0A1Y2CY02|A0A1Y2CY02_9BASI,Leucosporidium creatinivorum,Leucosporidium_creatinivorum,Fungi,0,0.49697837
tr|A0A1Y2DW22|A0A1Y2DW22_9BASI,Leucosporidium creatinivorum,Leucosporidium_creatinivorum,Fungi,0,0.48519477
tr|A0A1Y2FXH1|A0A1Y2FXH1_9BASI,Leucosporidium creatinivorum,Leucosporidium_creatinivorum,Fungi,0,0.53868765
tr|A0A1Y2FQ12|A0A1Y2FQ12_9BASI,Leucosporidium creatinivorum,Leucosporidium_creatinivorum,Fungi,0,0.32426023
tr|A0A1Y2FZ20|A0A1Y2FZ20_9BASI,Leucosporidium creatinivorum,Leucosporidium_creatinivorum,Fungi,0,0.27454507
tr|A0A1Y2G324|A0A1Y2G324_9BASI,Leucosporidium creatinivorum,Leucosporidium_creatinivorum,Fungi,0,0.3104189
tr|A0A1Y2FHZ3|A0A1Y2FHZ3_9BASI,Leucosporidium creatinivorum,Leucosporidium_creatinivorum,Fungi,0,0.23655006
tr|A0A1Y2FPZ1|A0A1Y2FPZ1_9BASI,Leucosporidium creatinivorum,Leucosporidium_creatinivorum,Fungi,0,0.35184392
tr|A0A1Y2F4Q1|A0A1Y2F4Q1_9BASI,Leucosporidium creatinivorum,Leucosporidium_creatinivorum,Fungi,0,0.15079777
tr|A0A1Y2C2D5|A0A1Y2C2D5_9BASI,Leucosporidium creatinivorum,Leucosporidium_creatinivorum,Fungi,0,0.2763027
tr|A0A1Y2FWW0|A0A1Y2FWW0_9BASI,Leucosporidium creatinivorum,Leucosporidium_creatinivorum,Fungi,0,0.51571196
tr|A0AAJ0DQ36|A0AAJ0DQ36_9PEZI,Extremus antarcticus,Extremus_antarcticus,Fungi,0,0.26790252
tr|A0AAJ0D8S6|A0AAJ0D8S6_9PEZI,Extremus antarcticus,Extremus_antarcticus,Fungi,0,0.45208594
tr|A0AAJ0GHI4|A0AAJ0GHI4_9PEZI,Extremus antarcticus,Extremus_antarcticus,Fungi,0,0.4596545
tr|A0AAJ0D5E1|A0AAJ0D5E1_9PEZI,Extremus antarcticus,Extremus_antarcticus,Fungi,0,0.22731799
tr|A0AAJ0GI00|A0AAJ0GI00_9PEZI,Extremus antarcticus,Extremus_antarcticus,Fungi,0,0.33260167
tr|A0AAJ0DFX0|A0AAJ0DFX0_9PEZI,Extremus antarcticus,Extremus_antarcticus,Fungi,0,0.29190698
tr|A0AAJ0DFQ5|A0AAJ0DFQ5_9PEZI,Extremus antarcticus,Extremus_antarcticus,Fungi,0,0.11110923
tr|A0AAJ0G5N9|A0AAJ0G5N9_9PEZI,Extremus antarcticus,Extremus_antarcticus,Fungi,0,0.3100952
tr|A0AAJ0GB15|A0AAJ0GB15_9PEZI,Extremus antarcticus,Extremus_antarcticus,Fungi,0,0.5777907
tr|A0AAJ0GDX9|A0AAJ0GDX9_9PEZI,Extremus antarcticus,Extremus_antarcticus,Fungi,0,0.44346753
tr|A0AAJ0DCB7|A0AAJ0DCB7_9PEZI,Extremus antarcticus,Extremus_antarcticus,Fungi,0,0.33722162
tr|A0AAJ0DD45|A0AAJ0DD45_9PEZI,Extremus antarcticus,Extremus_antarcticus,Fungi,0,0.5579721
tr|A0AAJ0GHF5|A0AAJ0GHF5_9PEZI,Extremus antarcticus,Extremus_antarcticus,Fungi,0,0.17874314
tr|A0AAJ0D5Q4|A0AAJ0D5Q4_9PEZI,Extremus antarcticus,Extremus_antarcticus,Fungi,0,0.56036335
tr|A0AAJ0DDI6|A0AAJ0DDI6_9PEZI,Extremus antarcticus,Extremus_antarcticus,Fungi,0,0.6320074
tr|A0AAJ0D7D2|A0AAJ0D7D2_9PEZI,Extremus antarcticus,Extremus_antarcticus,Fungi,0,0.30127966
tr|A0AAJ0DQH5|A0AAJ0DQH5_9PEZI,Extremus antarcticus,Extremus_antarcticus,Fungi,0,0.56163466
tr|A0AAJ0DBP1|A0AAJ0DBP1_9PEZI,Extremus antarcticus,Extremus_antarcticus,Fungi,0,0.8459728
tr|A0AAJ0DJA3|A0AAJ0DJA3_9PEZI,Extremus antarcticus,Extremus_antarcticus,Fungi,0,0.17755836
tr|A0AAJ0GGP5|A0AAJ0GGP5_9PEZI,Extremus antarcticus,Extremus_antarcticus,Fungi,0,0.4597887
tr|A0AAJ0DE53|A0AAJ0DE53_9PEZI,Extremus antarcticus,Extremus_antarcticus,Fungi,0,0.12182811
tr|A0AAJ0GCS2|A0AAJ0GCS2_9PEZI,Extremus antarcticus,Extremus_antarcticus,Fungi,0,0.29447165
tr|B6EK24|B6EK24_ALISL,Aliivibrio salmonicida,Aliivibrio salmonicida (strain LFI1238),Bacteria,0,0.17408289
tr|B6EGT4|B6EGT4_ALISL,Aliivibrio salmonicida,Aliivibrio salmonicida (strain LFI1238),Bacteria,0,0.35335034
sp|B6EKC3|HTPX_ALISL,Aliivibrio salmonicida,Aliivibrio salmonicida (strain LFI1238),Bacteria,0,0.5625849
tr|B6END6|B6END6_ALISL,Aliivibrio salmonicida,Aliivibrio salmonicida (strain LFI1238),Bacteria,0,0.5817633
tr|B6EP81|B6EP81_ALISL,Aliivibrio salmonicida,Aliivibrio salmonicida (strain LFI1238),Bacteria,0,0.6135989
tr|B6EK50|B6EK50_ALISL,Aliivibrio salmonicida,Aliivibrio salmonicida (strain LFI1238),Bacteria,0,0.46232224
sp|B6EHK3|CLPP_ALISL,Aliivibrio salmonicida,Aliivibrio salmonicida (strain LFI1238),Bacteria,0,0.593038
sp|B6ENU0|LEXA_ALISL,Aliivibrio salmonicida,Aliivibrio salmonicida (strain LFI1238),Bacteria,0,0.69720155
tr|B6EHK6|B6EHK6_ALISL,Aliivibrio salmonicida,Aliivibrio salmonicida (strain LFI1238),Bacteria,0,0.6073971
tr|B6ELY8|B6ELY8_ALISL,Aliivibrio salmonicida,Aliivibrio salmonicida (strain LFI1238),Bacteria,0,0.118423045
tr|B6ELY9|B6ELY9_ALISL,Aliivibrio salmonicida,Aliivibrio salmonicida (strain LFI1238),Bacteria,0,0.17519192
tr|B6EKN0|B6EKN0_ALISL,Aliivibrio salmonicida,Aliivibrio salmonicida (strain LFI1238),Bacteria,0,0.6339933
tr|B6ELS4|B6ELS4_ALISL,Aliivibrio salmonicida,Aliivibrio salmonicida (strain LFI1238),Bacteria,0,0.16635214
tr|B6ESA7|B6ESA7_ALISL,Aliivibrio salmonicida,Aliivibrio salmonicida (strain LFI1238),Bacteria,0,0.12168373
tr|B6EIH4|B6EIH4_ALISL,Aliivibrio salmonicida,Aliivibrio salmonicida (strain LFI1238),Bacteria,0,0.5039327
tr|B6ELC6|B6ELC6_ALISL,Aliivibrio salmonicida,Aliivibrio salmonicida (strain LFI1238),Bacteria,0,0.3663924
tr|B6EJI3|B6EJI3_ALISL,Aliivibrio salmonicida,Aliivibrio salmonicida (strain LFI1238),Bacteria,0,0.16929059
tr|Q086Z3|Q086Z3_SHEFN,Shewanella frigidimarina,Shewanella frigidimarina (strain NCIMB 400),Bacteria,0,0.48040146
sp|Q083Z6|HTPX_SHEFN,Shewanella frigidimarina,Shewanella frigidimarina (strain NCIMB 400),Bacteria,0,0.17805664
tr|Q086H9|Q086H9_SHEFN,Shewanella frigidimarina,Shewanella frigidimarina (strain NCIMB 400),Bacteria,0,0.40975085
tr|Q07WB5|Q07WB5_SHEFN,Shewanella frigidimarina,Shewanella frigidimarina (strain NCIMB 400),Bacteria,0,0.66669625
tr|Q07ZQ3|Q07ZQ3_SHEFN,Shewanella frigidimarina,Shewanella frigidimarina (strain NCIMB 400),Bacteria,0,0.37791246
tr|Q085D5|Q085D5_SHEFN,Shewanella frigidimarina,Shewanella frigidimarina (strain NCIMB 400),Bacteria,0,0.18353066
tr|Q086X0|Q086X0_SHEFN,Shewanella frigidimarina,Shewanella frigidimarina (strain NCIMB 400),Bacteria,0,0.22064047
tr|Q082L1|Q082L1_SHEFN,Shewanella frigidimarina,Shewanella frigidimarina (strain NCIMB 400),Bacteria,0,0.34926704
sp|Q07ZX8|CLPP_SHEFN,Shewanella frigidimarina,Shewanella frigidimarina (strain NCIMB 400),Bacteria,0,0.26869306
sp|Q089E2|LEXA_SHEFN,Shewanella frigidimarina,Shewanella frigidimarina (strain NCIMB 400),Bacteria,0,0.095081456
tr|Q07ZY0|Q07ZY0_SHEFN,Shewanella frigidimarina,Shewanella frigidimarina (strain NCIMB 400),Bacteria,0,0.39878476
tr|Q07ZR9|Q07ZR9_SHEFN,Shewanella frigidimarina,Shewanella frigidimarina (strain NCIMB 400),Bacteria,0,0.62081283
tr|Q07XR5|Q07XR5_SHEFN,Shewanella frigidimarina,Shewanella frigidimarina (strain NCIMB 400),Bacteria,0,0.078193925
tr|Q07YZ5|Q07YZ5_SHEFN,Shewanella frigidimarina,Shewanella frigidimarina (strain NCIMB 400),Bacteria,0,0.38684884
tr|Q085Y2|Q085Y2_SHEFN,Shewanella frigidimarina,Shewanella frigidimarina (strain NCIMB 400),Bacteria,0,0.5211877
tr|Q07X02|Q07X02_SHEFN,Shewanella frigidimarina,Shewanella frigidimarina (strain NCIMB 400),Bacteria,0,0.1356236
tr|A0A4U0WFT9|A0A4U0WFT9_9PEZI,Cryomyces minteri,Cryomyces_minteri,Fungi,0,0.38178715
tr|A0A4U0WID5|A0A4U0WID5_9PEZI,Cryomyces minteri,Cryomyces_minteri,Fungi,0,0.35044837
tr|A0A4U0WRL1|A0A4U0WRL1_9PEZI,Cryomyces minteri,Cryomyces_minteri,Fungi,0,0.5216198
tr|A0A4U0WP81|A0A4U0WP81_9PEZI,Cryomyces minteri,Cryomyces_minteri,Fungi,0,0.324462
tr|A0A4U0WVF9|A0A4U0WVF9_9PEZI,Cryomyces minteri,Cryomyces_minteri,Fungi,0,0.4238337
tr|A0A4U0VK37|A0A4U0VK37_9PEZI,Cryomyces minteri,Cryomyces_minteri,Fungi,0,0.3477065
tr|A0A4U0XSL6|A0A4U0XSL6_9PEZI,Cryomyces minteri,Cryomyces_minteri,Fungi,0,0.4625635
tr|A0A4U0XZ94|A0A4U0XZ94_9PEZI,Cryomyces minteri,Cryomyces_minteri,Fungi,0,0.34681606
tr|A0A4U0WX44|A0A4U0WX44_9PEZI,Cryomyces minteri,Cryomyces_minteri,Fungi,0,0.32670674
tr|A0A4U0XV19|A0A4U0XV19_9PEZI,Cryomyces minteri,Cryomyces_minteri,Fungi,0,0.2985006
tr|A0A4U0X7Z4|A0A4U0X7Z4_9PEZI,Cryomyces minteri,Cryomyces_minteri,Fungi,0,0.52798563
tr|A0A4U0X912|A0A4U0X912_9PEZI,Cryomyces minteri,Cryomyces_minteri,Fungi,0,0.4136084
tr|A0A4U0XN36|A0A4U0XN36_9PEZI,Cryomyces minteri,Cryomyces_minteri,Fungi,0,0.6628807
tr|A0A4U0XHU6|A0A4U0XHU6_9PEZI,Cryomyces minteri,Cryomyces_minteri,Fungi,0,0.6479453
tr|A0A4U0XI80|A0A4U0XI80_9PEZI,Cryomyces minteri,Cryomyces_minteri,Fungi,0,0.19227003
tr|A0A4U0XLT8|A0A4U0XLT8_9PEZI,Cryomyces minteri,Cryomyces_minteri,Fungi,0,0.50507635
tr|A0A4U0WRI1|A0A4U0WRI1_9PEZI,Cryomyces minteri,Cryomyces_minteri,Fungi,0,0.18841611
tr|Q6LKA3|Q6LKA3_PHOPR,Photobacterium profundum,Photobacterium profundum (strain SS9),Bacteria,0,0.49923158
tr|Q6LSM3|Q6LSM3_PHOPR,Photobacterium profundum,Photobacterium profundum (strain SS9),Bacteria,0,0.36353904
tr|Q6LRE7|Q6LRE7_PHOPR,Photobacterium profundum,Photobacterium profundum (strain SS9),Bacteria,0,0.1507392
tr|Q6LKT3|Q6LKT3_PHOPR,Photobacterium profundum,Photobacterium profundum (strain SS9),Bacteria,0,0.13965654
sp|Q6LUJ8|FTSH_PHOPR,Photobacterium profundum,Photobacterium profundum (strain SS9),Bacteria,0,0.46737418
tr|Q6LLL3|Q6LLL3_PHOPR,Photobacterium profundum,Photobacterium profundum (strain SS9),Bacteria,0,0.68813664
tr|Q6LTK2|Q6LTK2_PHOPR,Photobacterium profundum,Photobacterium profundum (strain SS9),Bacteria,0,0.58971083
tr|Q6LN31|Q6LN31_PHOPR,Photobacterium profundum,Photobacterium profundum (strain SS9),Bacteria,0,0.5919294
tr|Q6LPR9|Q6LPR9_PHOPR,Photobacterium profundum,Photobacterium profundum (strain SS9),Bacteria,0,0.5990037
sp|Q6LNW0|CLPP_PHOPR,Photobacterium profundum,Photobacterium profundum (strain SS9),Bacteria,0,0.2776327
sp|Q6LVS1|LEXA_PHOPR,Photobacterium profundum,Photobacterium profundum (strain SS9),Bacteria,0,0.41520423
tr|Q6LNW2|Q6LNW2_PHOPR,Photobacterium profundum,Photobacterium profundum (strain SS9),Bacteria,0,0.365961
tr|Q6LMS1|Q6LMS1_PHOPR,Photobacterium profundum,Photobacterium profundum (strain SS9),Bacteria,0,0.2236356
tr|Q6LKE3|Q6LKE3_PHOPR,Photobacterium profundum,Photobacterium profundum (strain SS9),Bacteria,0,0.41268322
tr|Q6LMD0|Q6LMD0_PHOPR,Photobacterium profundum,Photobacterium profundum (strain SS9),Bacteria,0,0.4336957
tr|Q6LR95|Q6LR95_PHOPR,Photobacterium profundum,Photobacterium profundum (strain SS9),Bacteria,0,0.51818275
tr|Q6LGV0|Q6LGV0_PHOPR,Photobacterium profundum,Photobacterium profundum (strain SS9),Bacteria,0,0.0962912
tr|Q6LGV1|Q6LGV1_PHOPR,Photobacterium profundum,Photobacterium profundum (strain SS9),Bacteria,0,0.21048708
tr|A0A0C5W4M8|A0A0C5W4M8_9GAMM,Photobacterium gaetbulicola,Photobacterium gaetbulicola Gung47,Bacteria,0,0.3508538
tr|A0A0C5WIT4|A0A0C5WIT4_9GAMM,Photobacterium gaetbulicola,Photobacterium gaetbulicola Gung47,Bacteria,0,0.4501068
tr|A0A0C5WPQ9|A0A0C5WPQ9_9GAMM,Photobacterium gaetbulicola,Photobacterium gaetbulicola Gung47,Bacteria,0,0.17651995
tr|A0A0C5WXW8|A0A0C5WXW8_9GAMM,Photobacterium gaetbulicola,Photobacterium gaetbulicola Gung47,Bacteria,0,0.2250466
tr|A0A0C5WVJ1|A0A0C5WVJ1_9GAMM,Photobacterium gaetbulicola,Photobacterium gaetbulicola Gung47,Bacteria,0,0.670246
tr|A0A0C5W9I8|A0A0C5W9I8_9GAMM,Photobacterium gaetbulicola,Photobacterium gaetbulicola Gung47,Bacteria,0,0.58113265
tr|A0A0C5WL01|A0A0C5WL01_9GAMM,Photobacterium gaetbulicola,Photobacterium gaetbulicola Gung47,Bacteria,0,0.5524082
tr|A0A0C5W7W7|A0A0C5W7W7_9GAMM,Photobacterium gaetbulicola,Photobacterium gaetbulicola Gung47,Bacteria,0,0.5465122
tr|A0A0C5WCK2|A0A0C5WCK2_9GAMM,Photobacterium gaetbulicola,Photobacterium gaetbulicola Gung47,Bacteria,0,0.7218102
tr|A0A0C5WVN9|A0A0C5WVN9_9GAMM,Photobacterium gaetbulicola,Photobacterium gaetbulicola Gung47,Bacteria,0,0.45330617
tr|A0A0C5WWM8|A0A0C5WWM8_9GAMM,Photobacterium gaetbulicola,Photobacterium gaetbulicola Gung47,Bacteria,0,0.4269129
tr|A0A0C5W8X3|A0A0C5W8X3_9GAMM,Photobacterium gaetbulicola,Photobacterium gaetbulicola Gung47,Bacteria,0,0.5029565
tr|A0A0C5WMG6|A0A0C5WMG6_9GAMM,Photobacterium gaetbulicola,Photobacterium gaetbulicola Gung47,Bacteria,0,0.6502857
tr|A0A0C5WQH3|A0A0C5WQH3_9GAMM,Photobacterium gaetbulicola,Photobacterium gaetbulicola Gung47,Bacteria,0,0.36984718
tr|A0A0C5WWC3|A0A0C5WWC3_9GAMM,Photobacterium gaetbulicola,Photobacterium gaetbulicola Gung47,Bacteria,0,0.28699586
tr|A0A0C5WG31|A0A0C5WG31_9GAMM,Photobacterium gaetbulicola,Photobacterium gaetbulicola Gung47,Bacteria,0,0.54692024
tr|A1SXA3|A1SXA3_PSYIN,Psychromonas ingrahamii,Psychromonas ingrahamii (strain DSM 17664 / CCUG 51855 / 37),Bacteria,0,0.18672451
tr|A1ST39|A1ST39_PSYIN,Psychromonas ingrahamii,Psychromonas ingrahamii (strain DSM 17664 / CCUG 51855 / 37),Bacteria,0,0.66095537
tr|A1SRG4|A1SRG4_PSYIN,Psychromonas ingrahamii,Psychromonas ingrahamii (strain DSM 17664 / CCUG 51855 / 37),Bacteria,0,0.6549355
tr|A1SYN9|A1SYN9_PSYIN,Psychromonas ingrahamii,Psychromonas ingrahamii (strain DSM 17664 / CCUG 51855 / 37),Bacteria,0,0.16799
tr|A1SYV6|A1SYV6_PSYIN,Psychromonas ingrahamii,Psychromonas ingrahamii (strain DSM 17664 / CCUG 51855 / 37),Bacteria,0,0.24425118
tr|A1T098|A1T098_PSYIN,Psychromonas ingrahamii,Psychromonas ingrahamii (strain DSM 17664 / CCUG 51855 / 37),Bacteria,0,0.6802072
tr|A1SW23|A1SW23_PSYIN,Psychromonas ingrahamii,Psychromonas ingrahamii (strain DSM 17664 / CCUG 51855 / 37),Bacteria,0,0.31151992
sp|A1SR67|LEXA_PSYIN,Psychromonas ingrahamii,Psychromonas ingrahamii (strain DSM 17664 / CCUG 51855 / 37),Bacteria,0,0.51201016
sp|A1SUW7|CLPP_PSYIN,Psychromonas ingrahamii,Psychromonas ingrahamii (strain DSM 17664 / CCUG 51855 / 37),Bacteria,0,0.62629765
tr|A1SUW9|A1SUW9_PSYIN,Psychromonas ingrahamii,Psychromonas ingrahamii (strain DSM 17664 / CCUG 51855 / 37),Bacteria,0,0.38410002
tr|A1SYL9|A1SYL9_PSYIN,Psychromonas ingrahamii,Psychromonas ingrahamii (strain DSM 17664 / CCUG 51855 / 37),Bacteria,0,0.372523
tr|A1SSM7|A1SSM7_PSYIN,Psychromonas ingrahamii,Psychromonas ingrahamii (strain DSM 17664 / CCUG 51855 / 37),Bacteria,0,0.26940456
tr|A1SSY0|A1SSY0_PSYIN,Psychromonas ingrahamii,Psychromonas ingrahamii (strain DSM 17664 / CCUG 51855 / 37),Bacteria,0,0.199177
tr|A1SSM1|A1SSM1_PSYIN,Psychromonas ingrahamii,Psychromonas ingrahamii (strain DSM 17664 / CCUG 51855 / 37),Bacteria,0,0.34736294
tr|A0A1V8TQ10|A0A1V8TQ10_9PEZI,Rachicladosporium antarcticum,Rachicladosporium_antarcticum,Fungi,0,0.22034374
tr|A0A1V8SSY6|A0A1V8SSY6_9PEZI,Rachicladosporium antarcticum,Rachicladosporium_antarcticum,Fungi,0,0.26431647
tr|A0A1V8TKR1|A0A1V8TKR1_9PEZI,Rachicladosporium antarcticum,Rachicladosporium_antarcticum,Fungi,0,0.1587188
tr|A0A1V8TKW0|A0A1V8TKW0_9PEZI,Rachicladosporium antarcticum,Rachicladosporium_antarcticum,Fungi,0,0.58483475
tr|A0A1V8T3J6|A0A1V8T3J6_9PEZI,Rachicladosporium antarcticum,Rachicladosporium_antarcticum,Fungi,0,0.5941377
tr|A0A1V8TEB5|A0A1V8TEB5_9PEZI,Rachicladosporium antarcticum,Rachicladosporium_antarcticum,Fungi,0,0.6050346
tr|A0A1V8SSR5|A0A1V8SSR5_9PEZI,Rachicladosporium antarcticum,Rachicladosporium_antarcticum,Fungi,0,0.6165247
tr|A0A1V8SLN3|A0A1V8SLN3_9PEZI,Rachicladosporium antarcticum,Rachicladosporium_antarcticum,Fungi,0,0.11450592
tr|A0A1V8SXA8|A0A1V8SXA8_9PEZI,Rachicladosporium antarcticum,Rachicladosporium_antarcticum,Fungi,0,0.33379784
tr|A0A1V8SH40|A0A1V8SH40_9PEZI,Rachicladosporium antarcticum,Rachicladosporium_antarcticum,Fungi,0,0.30693513
tr|A0A1V8SKR2|A0A1V8SKR2_9PEZI,Rachicladosporium antarcticum,Rachicladosporium_antarcticum,Fungi,0,0.11206011
tr|A0A1V8SQI8|A0A1V8SQI8_9PEZI,Rachicladosporium antarcticum,Rachicladosporium_antarcticum,Fungi,0,0.51312697
tr|A0A1V8THC3|A0A1V8THC3_9PEZI,Rachicladosporium antarcticum,Rachicladosporium_antarcticum,Fungi,0,0.48620972
tr|A0A1V8TLZ1|A0A1V8TLZ1_9PEZI,Rachicladosporium antarcticum,Rachicladosporium_antarcticum,Fungi,0,0.40160835
tr|A0A1V8TP68|A0A1V8TP68_9PEZI,Rachicladosporium antarcticum,Rachicladosporium_antarcticum,Fungi,0,0.3089846
tr|A0A1V8T8I4|A0A1V8T8I4_9PEZI,Rachicladosporium antarcticum,Rachicladosporium_antarcticum,Fungi,0,0.31833738
tr|A0A1V8SCC5|A0A1V8SCC5_9PEZI,Rachicladosporium antarcticum,Rachicladosporium_antarcticum,Fungi,0,0.6513799
tr|A0A1V8T1I2|A0A1V8T1I2_9PEZI,Rachicladosporium antarcticum,Rachicladosporium_antarcticum,Fungi,0,0.37949836
tr|A0A1V8S9D0|A0A1V8S9D0_9PEZI,Rachicladosporium antarcticum,Rachicladosporium_antarcticum,Fungi,0,0.5185714
tr|A0A1V8SAZ7|A0A1V8SAZ7_9PEZI,Rachicladosporium antarcticum,Rachicladosporium_antarcticum,Fungi,0,0.65457106
tr|A0A1V8SRT1|A0A1V8SRT1_9PEZI,Rachicladosporium antarcticum,Rachicladosporium_antarcticum,Fungi,0,0.5814604
tr|A0A1V8STX1|A0A1V8STX1_9PEZI,Rachicladosporium antarcticum,Rachicladosporium_antarcticum,Fungi,0,0.4473934
tr|A0A1V8T417|A0A1V8T417_9PEZI,Rachicladosporium antarcticum,Rachicladosporium_antarcticum,Fungi,0,0.06694379
tr|A0A1V8SZB4|A0A1V8SZB4_9PEZI,Rachicladosporium antarcticum,Rachicladosporium_antarcticum,Fungi,0,0.3844112
tr|A0A1V8T0R9|A0A1V8T0R9_9PEZI,Rachicladosporium antarcticum,Rachicladosporium_antarcticum,Fungi,0,0.12570283
tr|A0A1V8T207|A0A1V8T207_9PEZI,Rachicladosporium antarcticum,Rachicladosporium_antarcticum,Fungi,0,0.53820527
tr|A0A1V8TL62|A0A1V8TL62_9PEZI,Rachicladosporium antarcticum,Rachicladosporium_antarcticum,Fungi,0,0.27295274
tr|A0A1V8SUC5|A0A1V8SUC5_9PEZI,Rachicladosporium antarcticum,Rachicladosporium_antarcticum,Fungi,0,0.38833404
tr|A0A1V8T2Y6|A0A1V8T2Y6_9PEZI,Rachicladosporium antarcticum,Rachicladosporium_antarcticum,Fungi,0,0.28318375
tr|A0A1V8SRB4|A0A1V8SRB4_9PEZI,Rachicladosporium antarcticum,Rachicladosporium_antarcticum,Fungi,0,0.23332131
tr|A0A1V8TDY1|A0A1V8TDY1_9PEZI,Rachicladosporium antarcticum,Rachicladosporium_antarcticum,Fungi,0,0.11146704
tr|A0A1V8T2I4|A0A1V8T2I4_9PEZI,Rachicladosporium antarcticum,Rachicladosporium_antarcticum,Fungi,0,0.44386178
tr|A0A1V8T955|A0A1V8T955_9PEZI,Rachicladosporium antarcticum,Rachicladosporium_antarcticum,Fungi,0,0.7009528
tr|A0A1V8THL5|A0A1V8THL5_9PEZI,Rachicladosporium antarcticum,Rachicladosporium_antarcticum,Fungi,0,0.6882763
tr|A0A1V8T9W8|A0A1V8T9W8_9PEZI,Rachicladosporium antarcticum,Rachicladosporium_antarcticum,Fungi,0,0.628969
tr|A0A1V8SRB8|A0A1V8SRB8_9PEZI,Rachicladosporium antarcticum,Rachicladosporium_antarcticum,Fungi,0,0.07011108
tr|A0A1V8TFY9|A0A1V8TFY9_9PEZI,Rachicladosporium antarcticum,Rachicladosporium_antarcticum,Fungi,0,0.34351566
tr|A0A1V8TTA4|A0A1V8TTA4_9PEZI,Rachicladosporium antarcticum,Rachicladosporium_antarcticum,Fungi,0,0.3867155
tr|A0A1V8STA3|A0A1V8STA3_9PEZI,Rachicladosporium antarcticum,Rachicladosporium_antarcticum,Fungi,0,0.44335338
tr|A0A1V8S8Y4|A0A1V8S8Y4_9PEZI,Rachicladosporium antarcticum,Rachicladosporium_antarcticum,Fungi,0,0.53604174
tr|A0A1V8T9M3|A0A1V8T9M3_9PEZI,Rachicladosporium antarcticum,Rachicladosporium_antarcticum,Fungi,0,0.5702022
tr|A4CA94|A4CA94_9GAMM,Pseudoalteromonas tunicata,Pseudoalteromonas tunicata D2,Bacteria,0,0.32736292
tr|A4CD76|A4CD76_9GAMM,Pseudoalteromonas tunicata,Pseudoalteromonas tunicata D2,Bacteria,0,0.3798979
tr|A4C865|A4C865_9GAMM,Pseudoalteromonas tunicata,Pseudoalteromonas tunicata D2,Bacteria,0,0.7066192
tr|A4CCW5|A4CCW5_9GAMM,Pseudoalteromonas tunicata,Pseudoalteromonas tunicata D2,Bacteria,0,0.41824248
tr|A4C9J3|A4C9J3_9GAMM,Pseudoalteromonas tunicata,Pseudoalteromonas tunicata D2,Bacteria,0,0.27127954
tr|A4C4U3|A4C4U3_9GAMM,Pseudoalteromonas tunicata,Pseudoalteromonas tunicata D2,Bacteria,0,0.22971174
tr|A4C5Z6|A4C5Z6_9GAMM,Pseudoalteromonas tunicata,Pseudoalteromonas tunicata D2,Bacteria,0,0.58217716
tr|A4C678|A4C678_9GAMM,Pseudoalteromonas tunicata,Pseudoalteromonas tunicata D2,Bacteria,0,0.49998945
tr|A4CE26|A4CE26_9GAMM,Pseudoalteromonas tunicata,Pseudoalteromonas tunicata D2,Bacteria,0,0.25211015
tr|A4CD19|A4CD19_9GAMM,Pseudoalteromonas tunicata,Pseudoalteromonas tunicata D2,Bacteria,0,0.2448505
tr|A4CEX3|A4CEX3_9GAMM,Pseudoalteromonas tunicata,Pseudoalteromonas tunicata D2,Bacteria,0,0.35527104
tr|A4CD16|A4CD16_9GAMM,Pseudoalteromonas tunicata,Pseudoalteromonas tunicata D2,Bacteria,0,0.5296497
tr|A4C6N1|A4C6N1_9GAMM,Pseudoalteromonas tunicata,Pseudoalteromonas tunicata D2,Bacteria,0,0.51500225
tr|A4C5C1|A4C5C1_9GAMM,Pseudoalteromonas tunicata,Pseudoalteromonas tunicata D2,Bacteria,0,0.14284112
tr|A4C773|A4C773_9GAMM,Pseudoalteromonas tunicata,Pseudoalteromonas tunicata D2,Bacteria,0,0.10849441
tr|A4CDF0|A4CDF0_9GAMM,Pseudoalteromonas tunicata,Pseudoalteromonas tunicata D2,Bacteria,0,0.4747735
tr|K4IRZ0|K4IRZ0_PSYTT,Psychroflexus torquis,Psychroflexus torquis (strain ATCC 700755 / CIP 106069 / ACAM 623),Bacteria,0,0.11876386
tr|K4IE90|K4IE90_PSYTT,Psychroflexus torquis,Psychroflexus torquis (strain ATCC 700755 / CIP 106069 / ACAM 623),Bacteria,0,0.31858942
tr|K4IDL1|K4IDL1_PSYTT,Psychroflexus torquis,Psychroflexus torquis (strain ATCC 700755 / CIP 106069 / ACAM 623),Bacteria,0,0.5210406
tr|K4IHG0|K4IHG0_PSYTT,Psychroflexus torquis,Psychroflexus torquis (strain ATCC 700755 / CIP 106069 / ACAM 623),Bacteria,0,0.60401624
tr|K4IB23|K4IB23_PSYTT,Psychroflexus torquis,Psychroflexus torquis (strain ATCC 700755 / CIP 106069 / ACAM 623),Bacteria,0,0.29109484
tr|K4ISU8|K4ISU8_PSYTT,Psychroflexus torquis,Psychroflexus torquis (strain ATCC 700755 / CIP 106069 / ACAM 623),Bacteria,0,0.48282778
tr|K4IIM9|K4IIM9_PSYTT,Psychroflexus torquis,Psychroflexus torquis (strain ATCC 700755 / CIP 106069 / ACAM 623),Bacteria,0,0.41854116
tr|K4IE07|K4IE07_PSYTT,Psychroflexus torquis,Psychroflexus torquis (strain ATCC 700755 / CIP 106069 / ACAM 623),Bacteria,0,0.20719941
tr|K4IJB2|K4IJB2_PSYTT,Psychroflexus torquis,Psychroflexus torquis (strain ATCC 700755 / CIP 106069 / ACAM 623),Bacteria,0,0.5932878
tr|K4IIB6|K4IIB6_PSYTT,Psychroflexus torquis,Psychroflexus torquis (strain ATCC 700755 / CIP 106069 / ACAM 623),Bacteria,0,0.36338973
tr|K4IAP2|K4IAP2_PSYTT,Psychroflexus torquis,Psychroflexus torquis (strain ATCC 700755 / CIP 106069 / ACAM 623),Bacteria,0,0.33113047
tr|K4ID82|K4ID82_PSYTT,Psychroflexus torquis,Psychroflexus torquis (strain ATCC 700755 / CIP 106069 / ACAM 623),Bacteria,0,0.34770194
tr|L8FZQ7|L8FZQ7_PSED2,Pseudogymnoascus destructans,Pseudogymnoascus destructans (strain ATCC MYA-4855 / 20631-21),Fungi,0,0.34295198
tr|L8FSU2|L8FSU2_PSED2,Pseudogymnoascus destructans,Pseudogymnoascus destructans (strain ATCC MYA-4855 / 20631-21),Fungi,0,0.41232815
tr|L8GBG8|L8GBG8_PSED2,Pseudogymnoascus destructans,Pseudogymnoascus destructans (strain ATCC MYA-4855 / 20631-21),Fungi,0,0.16178666
tr|L8GCB1|L8GCB1_PSED2,Pseudogymnoascus destructans,Pseudogymnoascus destructans (strain ATCC MYA-4855 / 20631-21),Fungi,0,0.49745747
tr|L8GBH3|L8GBH3_PSED2,Pseudogymnoascus destructans,Pseudogymnoascus destructans (strain ATCC MYA-4855 / 20631-21),Fungi,0,0.38178462
tr|L8FWB4|L8FWB4_PSED2,Pseudogymnoascus destructans,Pseudogymnoascus destructans (strain ATCC MYA-4855 / 20631-21),Fungi,0,0.5357939
tr|L8G500|L8G500_PSED2,Pseudogymnoascus destructans,Pseudogymnoascus destructans (strain ATCC MYA-4855 / 20631-21),Fungi,0,0.47814023
tr|L8G6N0|L8G6N0_PSED2,Pseudogymnoascus destructans,Pseudogymnoascus destructans (strain ATCC MYA-4855 / 20631-21),Fungi,0,0.49304846
tr|L8G6T3|L8G6T3_PSED2,Pseudogymnoascus destructans,Pseudogymnoascus destructans (strain ATCC MYA-4855 / 20631-21),Fungi,0,0.4866186
sp|L8FSM5|SUB2_PSED2,Pseudogymnoascus destructans,Pseudogymnoascus destructans (strain ATCC MYA-4855 / 20631-21),Fungi,0,0.078733265
sp|L8GD75|SUB3_PSED2,Pseudogymnoascus destructans,Pseudogymnoascus destructans (strain ATCC MYA-4855 / 20631-21),Fungi,0,0.08696258
sp|L8G6I7|SUB1_PSED2,Pseudogymnoascus destructans,Pseudogymnoascus destructans (strain ATCC MYA-4855 / 20631-21),Fungi,0,0.08241929
tr|L8G9X1|L8G9X1_PSED2,Pseudogymnoascus destructans,Pseudogymnoascus destructans (strain ATCC MYA-4855 / 20631-21),Fungi,0,0.5018586
tr|L8G7V2|L8G7V2_PSED2,Pseudogymnoascus destructans,Pseudogymnoascus destructans (strain ATCC MYA-4855 / 20631-21),Fungi,0,0.6336749
tr|L8FM52|L8FM52_PSED2,Pseudogymnoascus destructans,Pseudogymnoascus destructans (strain ATCC MYA-4855 / 20631-21),Fungi,0,0.5969464
tr|L8G4Y8|L8G4Y8_PSED2,Pseudogymnoascus destructans,Pseudogymnoascus destructans (strain ATCC MYA-4855 / 20631-21),Fungi,0,0.6382304
tr|L8FWD7|L8FWD7_PSED2,Pseudogymnoascus destructans,Pseudogymnoascus destructans (strain ATCC MYA-4855 / 20631-21),Fungi,0,0.44179448
tr|L8FY85|L8FY85_PSED2,Pseudogymnoascus destructans,Pseudogymnoascus destructans (strain ATCC MYA-4855 / 20631-21),Fungi,0,0.497541
tr|L8GC34|L8GC34_PSED2,Pseudogymnoascus destructans,Pseudogymnoascus destructans (strain ATCC MYA-4855 / 20631-21),Fungi,0,0.06938608
tr|R4YQG3|R4YQG3_OLEAN,Oleispira antarctica,Oleispira antarctica RB-8,Bacteria,0,0.10080165
tr|R4YKF7|R4YKF7_OLEAN,Oleispira antarctica,Oleispira antarctica RB-8,Bacteria,0,0.41373515
tr|R4YV04|R4YV04_OLEAN,Oleispira antarctica,Oleispira antarctica RB-8,Bacteria,0,0.15841036
tr|R4YSE4|R4YSE4_OLEAN,Oleispira antarctica,Oleispira antarctica RB-8,Bacteria,0,0.15004571
tr|R4YUG9|R4YUG9_OLEAN,Oleispira antarctica,Oleispira antarctica RB-8,Bacteria,0,0.3732845
tr|R4YV26|R4YV26_OLEAN,Oleispira antarctica,Oleispira antarctica RB-8,Bacteria,0,0.42561856
tr|R4YVD4|R4YVD4_OLEAN,Oleispira antarctica,Oleispira antarctica RB-8,Bacteria,0,0.61218417
tr|R4YNY2|R4YNY2_OLEAN,Oleispira antarctica,Oleispira antarctica RB-8,Bacteria,0,0.41875044
tr|R4YSP8|R4YSP8_OLEAN,Oleispira antarctica,Oleispira antarctica RB-8,Bacteria,0,0.23051946
tr|R4YJB6|R4YJB6_OLEAN,Oleispira antarctica,Oleispira antarctica RB-8,Bacteria,0,0.14228304
tr|R4YM39|R4YM39_OLEAN,Oleispira antarctica,Oleispira antarctica RB-8,Bacteria,0,0.19868478
tr|R4YML6|R4YML6_OLEAN,Oleispira antarctica,Oleispira antarctica RB-8,Bacteria,0,0.40554708
tr|R4YSG4|R4YSG4_OLEAN,Oleispira antarctica,Oleispira antarctica RB-8,Bacteria,0,0.44248343
tr|R4YLY3|R4YLY3_OLEAN,Oleispira antarctica,Oleispira antarctica RB-8,Bacteria,0,0.10085744
tr|R4YN92|R4YN92_OLEAN,Oleispira antarctica,Oleispira antarctica RB-8,Bacteria,0,0.63002944
tr|R4YNC3|R4YNC3_OLEAN,Oleispira antarctica,Oleispira antarctica RB-8,Bacteria,0,0.31009108
tr|R4YN36|R4YN36_OLEAN,Oleispira antarctica,Oleispira antarctica RB-8,Bacteria,0,0.17400843
tr|R4YLU0|R4YLU0_OLEAN,Oleispira antarctica,Oleispira antarctica RB-8,Bacteria,0,0.13409735
tr|R4YSC7|R4YSC7_OLEAN,Oleispira antarctica,Oleispira antarctica RB-8,Bacteria,0,0.09695896
tr|R4YNH6|R4YNH6_OLEAN,Oleispira antarctica,Oleispira antarctica RB-8,Bacteria,0,0.38637438
tr|A0A4U0U3B4|A0A4U0U3B4_9PEZI,Salinomyces thailandicus,Salinomyces_thailandicus,Fungi,0,0.4327821
tr|A0A4U0UCZ0|A0A4U0UCZ0_9PEZI,Salinomyces thailandicus,Salinomyces_thailandicus,Fungi,0,0.44736183
tr|A0A4U0TV65|A0A4U0TV65_9PEZI,Salinomyces thailandicus,Salinomyces_thailandicus,Fungi,0,0.2951313
tr|A0A4U0TVU7|A0A4U0TVU7_9PEZI,Salinomyces thailandicus,Salinomyces_thailandicus,Fungi,0,0.3665283
tr|A0A4U0U020|A0A4U0U020_9PEZI,Salinomyces thailandicus,Salinomyces_thailandicus,Fungi,0,0.39676216
tr|A0A4U0TWT0|A0A4U0TWT0_9PEZI,Salinomyces thailandicus,Salinomyces_thailandicus,Fungi,0,0.30322245
tr|A0A4U0UCL9|A0A4U0UCL9_9PEZI,Salinomyces thailandicus,Salinomyces_thailandicus,Fungi,0,0.49091014
tr|A0A4U0UCY3|A0A4U0UCY3_9PEZI,Salinomyces thailandicus,Salinomyces_thailandicus,Fungi,0,0.606531
tr|A0A4U0U7R1|A0A4U0U7R1_9PEZI,Salinomyces thailandicus,Salinomyces_thailandicus,Fungi,0,0.40538427
tr|A0A4U0TLM9|A0A4U0TLM9_9PEZI,Salinomyces thailandicus,Salinomyces_thailandicus,Fungi,0,0.24627484
tr|A0A4U0TMF3|A0A4U0TMF3_9PEZI,Salinomyces thailandicus,Salinomyces_thailandicus,Fungi,0,0.0869043
tr|A0A4U0U7U2|A0A4U0U7U2_9PEZI,Salinomyces thailandicus,Salinomyces_thailandicus,Fungi,0,0.56029105
tr|A0A4V5N5X5|A0A4V5N5X5_9PEZI,Salinomyces thailandicus,Salinomyces_thailandicus,Fungi,0,0.48538664
tr|A0A4U0U2G5|A0A4U0U2G5_9PEZI,Salinomyces thailandicus,Salinomyces_thailandicus,Fungi,0,0.44217038
tr|A0A4U0TV83|A0A4U0TV83_9PEZI,Salinomyces thailandicus,Salinomyces_thailandicus,Fungi,0,0.65692496
tr|A0A4U0TKI3|A0A4U0TKI3_9PEZI,Salinomyces thailandicus,Salinomyces_thailandicus,Fungi,0,0.33412203
tr|A0A4U0TIY0|A0A4U0TIY0_9PEZI,Salinomyces thailandicus,Salinomyces_thailandicus,Fungi,0,0.19154301
tr|A0A4U0TZE2|A0A4U0TZE2_9PEZI,Salinomyces thailandicus,Salinomyces_thailandicus,Fungi,0,0.49566117
sp|Q8EDL5|HTPX_SHEON,Shewanella oneidensis,Shewanella oneidensis (strain ATCC 700550 / JCM 31522 / CIP 106686 / LMG 19005 / NCIMB 14063 / MR-1),Bacteria,1,0.7088843
tr|Q8EHM2|Q8EHM2_SHEON,Shewanella oneidensis,Shewanella oneidensis (strain ATCC 700550 / JCM 31522 / CIP 106686 / LMG 19005 / NCIMB 14063 / MR-1),Bacteria,1,0.6469478
tr|Q8EJ34|Q8EJ34_SHEON,Shewanella oneidensis,Shewanella oneidensis (strain ATCC 700550 / JCM 31522 / CIP 106686 / LMG 19005 / NCIMB 14063 / MR-1),Bacteria,1,0.4270159
tr|Q8E8G5|Q8E8G5_SHEON,Shewanella oneidensis,Shewanella oneidensis (strain ATCC 700550 / JCM 31522 / CIP 106686 / LMG 19005 / NCIMB 14063 / MR-1),Bacteria,1,0.5881615
tr|Q8ECQ2|Q8ECQ2_SHEON,Shewanella oneidensis,Shewanella oneidensis (strain ATCC 700550 / JCM 31522 / CIP 106686 / LMG 19005 / NCIMB 14063 / MR-1),Bacteria,1,0.75057167
tr|Q8EGG8|Q8EGG8_SHEON,Shewanella oneidensis,Shewanella oneidensis (strain ATCC 700550 / JCM 31522 / CIP 106686 / LMG 19005 / NCIMB 14063 / MR-1),Bacteria,1,0.5033342
tr|Q8EAQ3|Q8EAQ3_SHEON,Shewanella oneidensis,Shewanella oneidensis (strain ATCC 700550 / JCM 31522 / CIP 106686 / LMG 19005 / NCIMB 14063 / MR-1),Bacteria,1,0.67267835
tr|Q8EF89|Q8EF89_SHEON,Shewanella oneidensis,Shewanella oneidensis (strain ATCC 700550 / JCM 31522 / CIP 106686 / LMG 19005 / NCIMB 14063 / MR-1),Bacteria,1,0.35003278
sp|Q8E8Q8|LEXA_SHEON,Shewanella oneidensis,Shewanella oneidensis (strain ATCC 700550 / JCM 31522 / CIP 106686 / LMG 19005 / NCIMB 14063 / MR-1),Bacteria,1,0.35286233
sp|Q8EG19|CLPP_SHEON,Shewanella oneidensis,Shewanella oneidensis (strain ATCC 700550 / JCM 31522 / CIP 106686 / LMG 19005 / NCIMB 14063 / MR-1),Bacteria,1,0.67823815
tr|Q8EG17|Q8EG17_SHEON,Shewanella oneidensis,Shewanella oneidensis (strain ATCC 700550 / JCM 31522 / CIP 106686 / LMG 19005 / NCIMB 14063 / MR-1),Bacteria,1,0.2751262
tr|Q8EH82|Q8EH82_SHEON,Shewanella oneidensis,Shewanella oneidensis (strain ATCC 700550 / JCM 31522 / CIP 106686 / LMG 19005 / NCIMB 14063 / MR-1),Bacteria,1,0.40742484
tr|Q8EBV4|Q8EBV4_SHEON,Shewanella oneidensis,Shewanella oneidensis (strain ATCC 700550 / JCM 31522 / CIP 106686 / LMG 19005 / NCIMB 14063 / MR-1),Bacteria,1,0.73194826
tr|Q8EDJ3|Q8EDJ3_SHEON,Shewanella oneidensis,Shewanella oneidensis (strain ATCC 700550 / JCM 31522 / CIP 106686 / LMG 19005 / NCIMB 14063 / MR-1),Bacteria,1,0.40619195
tr|Q8ED46|Q8ED46_SHEON,Shewanella oneidensis,Shewanella oneidensis (strain ATCC 700550 / JCM 31522 / CIP 106686 / LMG 19005 / NCIMB 14063 / MR-1),Bacteria,1,0.112643175
tr|Q8EFV8|Q8EFV8_SHEON,Shewanella oneidensis,Shewanella oneidensis (strain ATCC 700550 / JCM 31522 / CIP 106686 / LMG 19005 / NCIMB 14063 / MR-1),Bacteria,1,0.711173
tr|Q8ED37|Q8ED37_SHEON,Shewanella oneidensis,Shewanella oneidensis (strain ATCC 700550 / JCM 31522 / CIP 106686 / LMG 19005 / NCIMB 14063 / MR-1),Bacteria,1,0.18074602
tr|Q8EDY9|Q8EDY9_SHEON,Shewanella oneidensis,Shewanella oneidensis (strain ATCC 700550 / JCM 31522 / CIP 106686 / LMG 19005 / NCIMB 14063 / MR-1),Bacteria,1,0.4120557
tr|Q8EAG0|Q8EAG0_SHEON,Shewanella oneidensis,Shewanella oneidensis (strain ATCC 700550 / JCM 31522 / CIP 106686 / LMG 19005 / NCIMB 14063 / MR-1),Bacteria,1,0.17528185
tr|Q8ECN0|Q8ECN0_SHEON,Shewanella oneidensis,Shewanella oneidensis (strain ATCC 700550 / JCM 31522 / CIP 106686 / LMG 19005 / NCIMB 14063 / MR-1),Bacteria,1,0.11333439
tr|Q8ED07|Q8ED07_SHEON,Shewanella oneidensis,Shewanella oneidensis (strain ATCC 700550 / JCM 31522 / CIP 106686 / LMG 19005 / NCIMB 14063 / MR-1),Bacteria,1,0.21574238
tr|Q8EAF9|Q8EAF9_SHEON,Shewanella oneidensis,Shewanella oneidensis (strain ATCC 700550 / JCM 31522 / CIP 106686 / LMG 19005 / NCIMB 14063 / MR-1),Bacteria,1,0.51226497
tr|Q8EBT8|Q8EBT8_SHEON,Shewanella oneidensis,Shewanella oneidensis (strain ATCC 700550 / JCM 31522 / CIP 106686 / LMG 19005 / NCIMB 14063 / MR-1),Bacteria,1,0.5967334
tr|Q8EKF0|Q8EKF0_SHEON,Shewanella oneidensis,Shewanella oneidensis (strain ATCC 700550 / JCM 31522 / CIP 106686 / LMG 19005 / NCIMB 14063 / MR-1),Bacteria,1,0.22422837
tr|Q8EFD4|Q8EFD4_SHEON,Shewanella oneidensis,Shewanella oneidensis (strain ATCC 700550 / JCM 31522 / CIP 106686 / LMG 19005 / NCIMB 14063 / MR-1),Bacteria,1,0.26703188
tr|Q8EKP4|Q8EKP4_SHEON,Shewanella oneidensis,Shewanella oneidensis (strain ATCC 700550 / JCM 31522 / CIP 106686 / LMG 19005 / NCIMB 14063 / MR-1),Bacteria,1,0.18672694
tr|Q8E896|Q8E896_SHEON,Shewanella oneidensis,Shewanella oneidensis (strain ATCC 700550 / JCM 31522 / CIP 106686 / LMG 19005 / NCIMB 14063 / MR-1),Bacteria,1,0.16599455
tr|Q8EI50|Q8EI50_SHEON,Shewanella oneidensis,Shewanella oneidensis (strain ATCC 700550 / JCM 31522 / CIP 106686 / LMG 19005 / NCIMB 14063 / MR-1),Bacteria,1,0.30563176
tr|A6GX85|A6GX85_FLAPJ,Flavobacterium psychrophilum,Flavobacterium psychrophilum (strain ATCC 49511 / DSM 21280 / CIP 103535 / JIP02/86),Bacteria,0,0.2018158
tr|A6GVS7|A6GVS7_FLAPJ,Flavobacterium psychrophilum,Flavobacterium psychrophilum (strain ATCC 49511 / DSM 21280 / CIP 103535 / JIP02/86),Bacteria,0,0.26309854
tr|A6GWE0|A6GWE0_FLAPJ,Flavobacterium psychrophilum,Flavobacterium psychrophilum (strain ATCC 49511 / DSM 21280 / CIP 103535 / JIP02/86),Bacteria,0,0.104199834
tr|A6GVT2|A6GVT2_FLAPJ,Flavobacterium psychrophilum,Flavobacterium psychrophilum (strain ATCC 49511 / DSM 21280 / CIP 103535 / JIP02/86),Bacteria,0,0.2144977
tr|A6H1C3|A6H1C3_FLAPJ,Flavobacterium psychrophilum,Flavobacterium psychrophilum (strain ATCC 49511 / DSM 21280 / CIP 103535 / JIP02/86),Bacteria,0,0.37291956
tr|A6H0A8|A6H0A8_FLAPJ,Flavobacterium psychrophilum,Flavobacterium psychrophilum (strain ATCC 49511 / DSM 21280 / CIP 103535 / JIP02/86),Bacteria,0,0.6947634
tr|A6GYP1|A6GYP1_FLAPJ,Flavobacterium psychrophilum,Flavobacterium psychrophilum (strain ATCC 49511 / DSM 21280 / CIP 103535 / JIP02/86),Bacteria,0,0.25922707
tr|A6GWN7|A6GWN7_FLAPJ,Flavobacterium psychrophilum,Flavobacterium psychrophilum (strain ATCC 49511 / DSM 21280 / CIP 103535 / JIP02/86),Bacteria,0,0.1954276
tr|A6GYX6|A6GYX6_FLAPJ,Flavobacterium psychrophilum,Flavobacterium psychrophilum (strain ATCC 49511 / DSM 21280 / CIP 103535 / JIP02/86),Bacteria,0,0.10893978
tr|A6H249|A6H249_FLAPJ,Flavobacterium psychrophilum,Flavobacterium psychrophilum (strain ATCC 49511 / DSM 21280 / CIP 103535 / JIP02/86),Bacteria,0,0.13530171
tr|A6GWN0|A6GWN0_FLAPJ,Flavobacterium psychrophilum,Flavobacterium psychrophilum (strain ATCC 49511 / DSM 21280 / CIP 103535 / JIP02/86),Bacteria,0,0.07362225
tr|A6GWV1|A6GWV1_FLAPJ,Flavobacterium psychrophilum,Flavobacterium psychrophilum (strain ATCC 49511 / DSM 21280 / CIP 103535 / JIP02/86),Bacteria,0,0.07420723
tr|A6H214|A6H214_FLAPJ,Flavobacterium psychrophilum,Flavobacterium psychrophilum (strain ATCC 49511 / DSM 21280 / CIP 103535 / JIP02/86),Bacteria,0,0.1763953
tr|A6H226|A6H226_FLAPJ,Flavobacterium psychrophilum,Flavobacterium psychrophilum (strain ATCC 49511 / DSM 21280 / CIP 103535 / JIP02/86),Bacteria,0,0.24654718
tr|A0A126UX62|A0A126UX62_9RHOB,Halocynthiibacter arcticus,Halocynthiibacter_arcticus,Bacteria,0,0.12665989
tr|A0A126V378|A0A126V378_9RHOB,Halocynthiibacter arcticus,Halocynthiibacter_arcticus,Bacteria,0,0.16592535
tr|A0A126V491|A0A126V491_9RHOB,Halocynthiibacter arcticus,Halocynthiibacter_arcticus,Bacteria,0,0.16776933
tr|A0A126UYW6|A0A126UYW6_9RHOB,Halocynthiibacter arcticus,Halocynthiibacter_arcticus,Bacteria,0,0.09165451
tr|A0A126UY77|A0A126UY77_9RHOB,Halocynthiibacter arcticus,Halocynthiibacter_arcticus,Bacteria,0,0.16022256
tr|A0A7H1J3V9|A0A7H1J3V9_9GAMM,Marinomonas arctica,Marinomonas_arctica,Bacteria,0,0.22528583
tr|A0A7H1J781|A0A7H1J781_9GAMM,Marinomonas arctica,Marinomonas_arctica,Bacteria,0,0.23426224
tr|A0A7H1J970|A0A7H1J970_9GAMM,Marinomonas arctica,Marinomonas_arctica,Bacteria,0,0.1676749
tr|A0A7H1JBH8|A0A7H1JBH8_9GAMM,Marinomonas arctica,Marinomonas_arctica,Bacteria,0,0.09972388
tr|A0A7H1JC46|A0A7H1JC46_9GAMM,Marinomonas arctica,Marinomonas_arctica,Bacteria,0,0.50035465
tr|A0A7H1J3G8|A0A7H1J3G8_9GAMM,Marinomonas arctica,Marinomonas_arctica,Bacteria,0,0.31179342
tr|A0A7H1J148|A0A7H1J148_9GAMM,Marinomonas arctica,Marinomonas_arctica,Bacteria,0,0.2785275
tr|A0A7H1J2A6|A0A7H1J2A6_9GAMM,Marinomonas arctica,Marinomonas_arctica,Bacteria,0,0.29961127
tr|A0A7H1J2A8|A0A7H1J2A8_9GAMM,Marinomonas arctica,Marinomonas_arctica,Bacteria,0,0.38270816
tr|A0A7H1J8Q7|A0A7H1J8Q7_9GAMM,Marinomonas arctica,Marinomonas_arctica,Bacteria,0,0.13733314
tr|A0A7H1JBI6|A0A7H1JBI6_9GAMM,Marinomonas arctica,Marinomonas_arctica,Bacteria,0,0.44500342
tr|A0A7H1J936|A0A7H1J936_9GAMM,Marinomonas arctica,Marinomonas_arctica,Bacteria,0,0.22923213
tr|A0A7H1J2C3|A0A7H1J2C3_9GAMM,Marinomonas arctica,Marinomonas_arctica,Bacteria,0,0.29803586
tr|D5BGJ9|D5BGJ9_ZUNPS,Zunongwangia profunda,Zunongwangia profunda (strain DSM 18752 / CCTCC AB 206139 / SM-A87),Bacteria,0,0.462983
tr|D5BC13|D5BC13_ZUNPS,Zunongwangia profunda,Zunongwangia profunda (strain DSM 18752 / CCTCC AB 206139 / SM-A87),Bacteria,0,0.2496489
tr|D5BCU7|D5BCU7_ZUNPS,Zunongwangia profunda,Zunongwangia profunda (strain DSM 18752 / CCTCC AB 206139 / SM-A87),Bacteria,0,0.55873287
tr|D5BFP2|D5BFP2_ZUNPS,Zunongwangia profunda,Zunongwangia profunda (strain DSM 18752 / CCTCC AB 206139 / SM-A87),Bacteria,0,0.48946023
tr|D5BHS3|D5BHS3_ZUNPS,Zunongwangia profunda,Zunongwangia profunda (strain DSM 18752 / CCTCC AB 206139 / SM-A87),Bacteria,0,0.41124964
tr|D5B9C5|D5B9C5_ZUNPS,Zunongwangia profunda,Zunongwangia profunda (strain DSM 18752 / CCTCC AB 206139 / SM-A87),Bacteria,0,0.6513347
tr|D5BDK8|D5BDK8_ZUNPS,Zunongwangia profunda,Zunongwangia profunda (strain DSM 18752 / CCTCC AB 206139 / SM-A87),Bacteria,0,0.38889074
tr|D5BKB9|D5BKB9_ZUNPS,Zunongwangia profunda,Zunongwangia profunda (strain DSM 18752 / CCTCC AB 206139 / SM-A87),Bacteria,0,0.14144546
tr|D5BLB6|D5BLB6_ZUNPS,Zunongwangia profunda,Zunongwangia profunda (strain DSM 18752 / CCTCC AB 206139 / SM-A87),Bacteria,0,0.2314067
tr|D5BJC1|D5BJC1_ZUNPS,Zunongwangia profunda,Zunongwangia profunda (strain DSM 18752 / CCTCC AB 206139 / SM-A87),Bacteria,0,0.22008799
tr|Q1Q956|Q1Q956_PSYCK,Psychrobacter cryohalolentis,Psychrobacter cryohalolentis (strain ATCC BAA-1226 / DSM 17306 / VKM B-2378 / K5),Bacteria,0,0.8260722
tr|Q1QEN5|Q1QEN5_PSYCK,Psychrobacter cryohalolentis,Psychrobacter cryohalolentis (strain ATCC BAA-1226 / DSM 17306 / VKM B-2378 / K5),Bacteria,0,0.7867033
tr|Q1QA17|Q1QA17_PSYCK,Psychrobacter cryohalolentis,Psychrobacter cryohalolentis (strain ATCC BAA-1226 / DSM 17306 / VKM B-2378 / K5),Bacteria,0,0.81792563
sp|Q1Q8J2|CLPP_PSYCK,Psychrobacter cryohalolentis,Psychrobacter cryohalolentis (strain ATCC BAA-1226 / DSM 17306 / VKM B-2378 / K5),Bacteria,0,0.66648227
tr|Q1Q9H7|Q1Q9H7_PSYCK,Psychrobacter cryohalolentis,Psychrobacter cryohalolentis (strain ATCC BAA-1226 / DSM 17306 / VKM B-2378 / K5),Bacteria,0,0.80751854
tr|Q1QBW6|Q1QBW6_PSYCK,Psychrobacter cryohalolentis,Psychrobacter cryohalolentis (strain ATCC BAA-1226 / DSM 17306 / VKM B-2378 / K5),Bacteria,0,0.7793624
tr|Q1QDV5|Q1QDV5_PSYCK,Psychrobacter cryohalolentis,Psychrobacter cryohalolentis (strain ATCC BAA-1226 / DSM 17306 / VKM B-2378 / K5),Bacteria,0,0.8017477
tr|Q1QEG2|Q1QEG2_PSYCK,Psychrobacter cryohalolentis,Psychrobacter cryohalolentis (strain ATCC BAA-1226 / DSM 17306 / VKM B-2378 / K5),Bacteria,0,0.78779167
tr|Q1QA49|Q1QA49_PSYCK,Psychrobacter cryohalolentis,Psychrobacter cryohalolentis (strain ATCC BAA-1226 / DSM 17306 / VKM B-2378 / K5),Bacteria,0,0.74842817
tr|Q1QCZ6|Q1QCZ6_PSYCK,Psychrobacter cryohalolentis,Psychrobacter cryohalolentis (strain ATCC BAA-1226 / DSM 17306 / VKM B-2378 / K5),Bacteria,0,0.35067317
tr|A0A2P6CBL3|A0A2P6CBL3_9FLAO,Polaribacter butkevichii,Polaribacter_butkevichii,Bacteria,0,0.49786708
tr|A0A2P6C7V1|A0A2P6C7V1_9FLAO,Polaribacter butkevichii,Polaribacter_butkevichii,Bacteria,0,0.26613823
tr|A0A2P6C8S8|A0A2P6C8S8_9FLAO,Polaribacter butkevichii,Polaribacter_butkevichii,Bacteria,0,0.40080875
tr|A0A2P6CE57|A0A2P6CE57_9FLAO,Polaribacter butkevichii,Polaribacter_butkevichii,Bacteria,0,0.3544862
tr|A0A2P6CDY9|A0A2P6CDY9_9FLAO,Polaribacter butkevichii,Polaribacter_butkevichii,Bacteria,0,0.065244205
tr|A0A2P6C9J0|A0A2P6C9J0_9FLAO,Polaribacter butkevichii,Polaribacter_butkevichii,Bacteria,0,0.21397099
tr|A0A2P6C7J5|A0A2P6C7J5_9FLAO,Polaribacter butkevichii,Polaribacter_butkevichii,Bacteria,0,0.18731405
tr|A0A2P6C952|A0A2P6C952_9FLAO,Polaribacter butkevichii,Polaribacter_butkevichii,Bacteria,0,0.109348014
tr|Q4FQX2|Q4FQX2_PSYA2,Psychrobacter arcticus,Psychrobacter arcticus (strain DSM 17307 / VKM B-2377 / 273-4),Bacteria,0,0.75727856
tr|Q4FVK6|Q4FVK6_PSYA2,Psychrobacter arcticus,Psychrobacter arcticus (strain DSM 17307 / VKM B-2377 / 273-4),Bacteria,0,0.7659943
tr|Q4FRI0|Q4FRI0_PSYA2,Psychrobacter arcticus,Psychrobacter arcticus (strain DSM 17307 / VKM B-2377 / 273-4),Bacteria,0,0.82797724
sp|Q4FQB9|CLPP_PSYA2,Psychrobacter arcticus,Psychrobacter arcticus (strain DSM 17307 / VKM B-2377 / 273-4),Bacteria,0,0.73018855
tr|Q4FR51|Q4FR51_PSYA2,Psychrobacter arcticus,Psychrobacter arcticus (strain DSM 17307 / VKM B-2377 / 273-4),Bacteria,0,0.79483277
tr|Q4FVD7|Q4FVD7_PSYA2,Psychrobacter arcticus,Psychrobacter arcticus (strain DSM 17307 / VKM B-2377 / 273-4),Bacteria,0,0.7368566
tr|Q4FS36|Q4FS36_PSYA2,Psychrobacter arcticus,Psychrobacter arcticus (strain DSM 17307 / VKM B-2377 / 273-4),Bacteria,0,0.74012333
tr|Q4FUV8|Q4FUV8_PSYA2,Psychrobacter arcticus,Psychrobacter arcticus (strain DSM 17307 / VKM B-2377 / 273-4),Bacteria,0,0.8505859
tr|Q4FRL2|Q4FRL2_PSYA2,Psychrobacter arcticus,Psychrobacter arcticus (strain DSM 17307 / VKM B-2377 / 273-4),Bacteria,0,0.72469306
tr|Q4FT01|Q4FT01_PSYA2,Psychrobacter arcticus,Psychrobacter arcticus (strain DSM 17307 / VKM B-2377 / 273-4),Bacteria,0,0.16370766
tr|A0A2V5IVK1|A0A2V5IVK1_9MICC,Arthrobacter psychrolactophilus,Arthrobacter_psychrolactophilus,Bacteria,0,0.07281029
tr|A0A2V5IQJ7|A0A2V5IQJ7_9MICC,Arthrobacter psychrolactophilus,Arthrobacter_psychrolactophilus,Bacteria,0,0.051212847
tr|A0A2V5JAB8|A0A2V5JAB8_9MICC,Arthrobacter psychrolactophilus,Arthrobacter_psychrolactophilus,Bacteria,0,0.034969017
tr|A0A2V5INR6|A0A2V5INR6_9MICC,Arthrobacter psychrolactophilus,Arthrobacter_psychrolactophilus,Bacteria,0,0.058314223
tr|A0A2V5JKT2|A0A2V5JKT2_9MICC,Arthrobacter psychrolactophilus,Arthrobacter_psychrolactophilus,Bacteria,0,0.070168935
tr|A0A2V5IPR5|A0A2V5IPR5_9MICC,Arthrobacter psychrolactophilus,Arthrobacter_psychrolactophilus,Bacteria,0,0.049183574
tr|A0A2V5IN58|A0A2V5IN58_9MICC,Arthrobacter psychrolactophilus,Arthrobacter_psychrolactophilus,Bacteria,0,0.053549286
tr|A0A2V5IZM6|A0A2V5IZM6_9MICC,Arthrobacter psychrolactophilus,Arthrobacter_psychrolactophilus,Bacteria,0,0.30112153
tr|A0A2V5IT70|A0A2V5IT70_9MICC,Arthrobacter psychrolactophilus,Arthrobacter_psychrolactophilus,Bacteria,0,0.07564336
tr|A0A2V5IV65|A0A2V5IV65_9MICC,Arthrobacter psychrolactophilus,Arthrobacter_psychrolactophilus,Bacteria,0,0.058390666
tr|A0A2V5ITX2|A0A2V5ITX2_9MICC,Arthrobacter psychrolactophilus,Arthrobacter_psychrolactophilus,Bacteria,0,0.043303646
tr|A0A2V5JGN5|A0A2V5JGN5_9MICC,Arthrobacter psychrolactophilus,Arthrobacter_psychrolactophilus,Bacteria,0,0.40250716
tr|A0A2V5J0D5|A0A2V5J0D5_9MICC,Arthrobacter psychrolactophilus,Arthrobacter_psychrolactophilus,Bacteria,0,0.07796039
tr|A0A0M4SWX3|A0A0M4SWX3_9GAMM,Psychrobacter urativorans,Psychrobacter_urativorans,Bacteria,0,0.693749
tr|A0A0M4TCT5|A0A0M4TCT5_9GAMM,Psychrobacter urativorans,Psychrobacter_urativorans,Bacteria,0,0.7264453
tr|A0A0M3V972|A0A0M3V972_9GAMM,Psychrobacter urativorans,Psychrobacter_urativorans,Bacteria,0,0.5074971
tr|A0A0M4TWY4|A0A0M4TWY4_9GAMM,Psychrobacter urativorans,Psychrobacter_urativorans,Bacteria,0,0.3237971
tr|A0A0M4TWS8|A0A0M4TWS8_9GAMM,Psychrobacter urativorans,Psychrobacter_urativorans,Bacteria,0,0.1254502
tr|A0A0M4SYA0|A0A0M4SYA0_9GAMM,Psychrobacter urativorans,Psychrobacter_urativorans,Bacteria,0,0.70901847
tr|A0A0M5MJX0|A0A0M5MJX0_9GAMM,Psychrobacter urativorans,Psychrobacter_urativorans,Bacteria,0,0.5027061
tr|A0ABW1WB65|A0ABW1WB65_9GAMM,Psychrobacter glacincola,Psychrobacter_glacincola,Bacteria,0,0.7146523
tr|A0ABW1W239|A0ABW1W239_9GAMM,Psychrobacter glacincola,Psychrobacter_glacincola,Bacteria,0,0.6979001
tr|A0ABW1W934|A0ABW1W934_9GAMM,Psychrobacter glacincola,Psychrobacter_glacincola,Bacteria,0,0.83497465
tr|A0ABW1W9D3|A0ABW1W9D3_9GAMM,Psychrobacter glacincola,Psychrobacter_glacincola,Bacteria,0,0.10352623
tr|A0ABW1W2P1|A0ABW1W2P1_9GAMM,Psychrobacter glacincola,Psychrobacter_glacincola,Bacteria,0,0.09938922
tr|A0ABW1W8Y2|A0ABW1W8Y2_9GAMM,Psychrobacter glacincola,Psychrobacter_glacincola,Bacteria,0,0.6896478
tr|A0ABW1W917|A0ABW1W917_9GAMM,Psychrobacter glacincola,Psychrobacter_glacincola,Bacteria,0,0.8094369
tr|A0ABW1W9W4|A0ABW1W9W4_9GAMM,Psychrobacter glacincola,Psychrobacter_glacincola,Bacteria,0,0.67593676
tr|A0ABW1W5M3|A0ABW1W5M3_9GAMM,Psychrobacter glacincola,Psychrobacter_glacincola,Bacteria,0,0.8084563
tr|A0ABW1WA19|A0ABW1WA19_9GAMM,Psychrobacter glacincola,Psychrobacter_glacincola,Bacteria,0,0.7563865
tr|A0ABW1WAP8|A0ABW1WAP8_9GAMM,Psychrobacter glacincola,Psychrobacter_glacincola,Bacteria,0,0.29036808
tr|A0ABW1W574|A0ABW1W574_9GAMM,Psychrobacter glacincola,Psychrobacter_glacincola,Bacteria,0,0.10394014
tr|A0ABW1WAF1|A0ABW1WAF1_9GAMM,Psychrobacter glacincola,Psychrobacter_glacincola,Bacteria,0,0.42443177
tr|A0ABW1WB47|A0ABW1WB47_9GAMM,Psychrobacter glacincola,Psychrobacter_glacincola,Bacteria,0,0.2608506
tr|A0ABW1WAR8|A0ABW1WAR8_9GAMM,Psychrobacter glacincola,Psychrobacter_glacincola,Bacteria,0,0.10940782
tr|A0ABW1W431|A0ABW1W431_9GAMM,Psychrobacter glacincola,Psychrobacter_glacincola,Bacteria,0,0.13484833
tr|A0A386AGY4|A0A386AGY4_9BASI,Glaciozyma antarctica,Glaciozyma_antarctica,Fungi,0,0.09133968
sp|P25718|AMY1_ECOLI,Escherichia coli,Escherichia_coli_K12,Bacteria,1,0.122747906
sp|P26612|AMY2_ECOLI,Escherichia coli,Escherichia_coli_K12,Bacteria,1,0.4827718
tr|A7ZN53|A7ZN53_ECO24,Escherichia coli,Escherichia coli O139:H28 (strain E24377A / ETEC),Bacteria,1,0.47536585
tr|A0A0H2Z0B6|A0A0H2Z0B6_ECOK1,Escherichia coli,Escherichia coli O1:K1 / APEC,Bacteria,1,0.480763
tr|B7L8U0|B7L8U0_ECO55,Escherichia coli,Escherichia coli (strain 55989 / EAEC),Bacteria,1,0.47536585
tr|A0A0H3EK42|A0A0H3EK42_ECO8N,Escherichia coli,Escherichia coli O83:H1 (strain NRG 857C / AIEC),Bacteria,1,0.49283955
tr|B7MCI4|B7MCI4_ECO45,Escherichia coli,Escherichia coli O45:K1 (strain S88 / ExPEC),Bacteria,1,0.480763
tr|A0A0H2V829|A0A0H2V829_ECOL6,Escherichia coli,Escherichia coli O6:H1 (strain CFT073 / ATCC 700928 / UPEC),Bacteria,1,0.47536585
tr|A0A0H3JG42|A0A0H3JG42_ECO57,Escherichia coli,Escherichia coli O157:H7,Bacteria,1,0.46165746
tr|B7USU6|B7USU6_ECO27,Escherichia coli,Escherichia coli O127:H6 (strain E2348/69 / EPEC),Bacteria,1,0.47536585
tr|B7MES8|B7MES8_ECO45,Escherichia coli,Escherichia coli O45:K1 (strain S88 / ExPEC),Bacteria,1,0.11503948
tr|B7L6Y6|B7L6Y6_ECO55,Escherichia coli,Escherichia coli (strain 55989 / EAEC),Bacteria,1,0.1866722
tr|A0A0H2VC82|A0A0H2VC82_ECOL6,Escherichia coli,Escherichia coli O6:H1 (strain CFT073 / ATCC 700928 / UPEC),Bacteria,1,0.12293002
tr|A7ZTB8|A7ZTB8_ECO24,Escherichia coli,Escherichia coli O139:H28 (strain E24377A / ETEC),Bacteria,1,0.12833717
sp|P37651|GUN_ECOLI,Escherichia coli,Escherichia_coli_K12,Bacteria,1,0.27795202
sp|Q8X5L9|GUN_ECO57,Escherichia coli,Escherichia coli O157:H7,Bacteria,1,0.27284664
tr|A0A0H3EQ96|A0A0H3EQ96_ECO8N,Escherichia coli,Escherichia coli O83:H1 (strain NRG 857C / AIEC),Bacteria,1,0.26975915
tr|B7L614|B7L614_ECO55,Escherichia coli,Escherichia coli (strain 55989 / EAEC),Bacteria,1,0.27859855
tr|A0A0H2Z4S4|A0A0H2Z4S4_ECOK1,Escherichia coli,Escherichia coli O1:K1 / APEC,Bacteria,1,0.26975915
tr|A0A0H2VC48|A0A0H2VC48_ECOL6,Escherichia coli,Escherichia coli O6:H1 (strain CFT073 / ATCC 700928 / UPEC),Bacteria,1,0.27073437
tr|A7ZT72|A7ZT72_ECO24,Escherichia coli,Escherichia coli O139:H28 (strain E24377A / ETEC),Bacteria,1,0.32541147
tr|B7UL84|B7UL84_ECO27,Escherichia coli,Escherichia coli O127:H6 (strain E2348/69 / EPEC),Bacteria,1,0.26694906
tr|B7MEN4|B7MEN4_ECO45,Escherichia coli,Escherichia coli O45:K1 (strain S88 / ExPEC),Bacteria,1,0.26975915
sp|P05458|PTRA_ECOLI,Escherichia coli,Escherichia_coli_K12,Bacteria,1,0.18730848
sp|P23894|HTPX_ECOLI,Escherichia coli,Escherichia_coli_K12,Bacteria,1,0.36016098
sp|P0AFS9|MEPM_ECOLI,Escherichia coli,Escherichia_coli_K12,Bacteria,1,0.0968037
sp|P0C0T5|MEPA_ECOLI,Escherichia coli,Escherichia_coli_K12,Bacteria,1,0.123419784
sp|P0AEH1|RSEP_ECOLI,Escherichia coli,Escherichia_coli_K12,Bacteria,1,0.21553268
sp|P25894|LOIP_ECOLI,Escherichia coli,Escherichia_coli_K12,Bacteria,1,0.22067758
sp|P0AAI3|FTSH_ECOLI,Escherichia coli,Escherichia_coli_K12,Bacteria,1,0.15762739
sp|O82882|STCE_ECO57,Escherichia coli,Escherichia coli O157:H7,Bacteria,1,0.3004076
sp|P27298|OPDA_ECOLI,Escherichia coli,Escherichia_coli_K12,Bacteria,1,0.31822315
sp|Q8X9L0|FTSH_ECO57,Escherichia coli,Escherichia coli O157:H7,Bacteria,1,0.15654123
sp|P31828|PQQL_ECOLI,Escherichia coli,Escherichia_coli_K12,Bacteria,1,0.5913953
sp|C4ZVM1|MEPA_ECOBW,Escherichia coli,Escherichia coli (strain K12 / MC4100 / BW2952),Bacteria,1,0.123419784
sp|B1X939|MEPA_ECODH,Escherichia coli,Escherichia coli (strain K12 / DH10B),Bacteria,1,0.123419784
sp|Q8CVS2|PTRA_ECOL6,Escherichia coli,Escherichia coli O6:H1 (strain CFT073 / ATCC 700928 / UPEC),Bacteria,1,0.2404828
sp|Q8X6M8|PTRA_ECO57,Escherichia coli,Escherichia coli O157:H7,Bacteria,1,0.22931658
sp|A7ZPE4|MEPA_ECO24,Escherichia coli,Escherichia coli O139:H28 (strain E24377A / ETEC),Bacteria,1,0.123419784
sp|P0AFT0|MEPM_ECOL6,Escherichia coli,Escherichia coli O6:H1 (strain CFT073 / ATCC 700928 / UPEC),Bacteria,1,0.0968037
sp|P65813|HTPX_ECO57,Escherichia coli,Escherichia coli O157:H7,Bacteria,1,0.36196122
sp|Q8XCQ5|MEPA_ECO57,Escherichia coli,Escherichia coli O157:H7,Bacteria,1,0.117722504
sp|A1ADH7|MEPA_ECOK1,Escherichia coli,Escherichia coli O1:K1 / APEC,Bacteria,1,0.120719954
sp|A8A2J8|MEPA_ECOHS,Escherichia coli,Escherichia coli O9:H4 (strain HS),Bacteria,1,0.12470468
sp|B1IXB7|MEPA_ECOLC,Escherichia coli,Escherichia coli (strain ATCC 8739 / DSM 1576 / NBRC 3972 / NCIMB 8545 / WDCM 00012 / Crooks),Bacteria,1,0.123419784
sp|Q8CVV4|MEPA_ECOL6,Escherichia coli,Escherichia coli O6:H1 (strain CFT073 / ATCC 700928 / UPEC),Bacteria,1,0.120719954
sp|B1LLT4|MEPA_ECOSM,Escherichia coli,Escherichia coli (strain SMS-3-5 / SECEC),Bacteria,1,0.120719954
sp|B7NP09|MEPA_ECO7I,Escherichia coli,Escherichia coli O7:K1 (strain IAI39 / ExPEC),Bacteria,1,0.120719954
sp|P0AEH2|RSEP_ECO57,Escherichia coli,Escherichia coli O157:H7,Bacteria,1,0.21553268
sp|Q1R984|MEPA_ECOUT,Escherichia coli,Escherichia coli (strain UTI89 / UPEC),Bacteria,1,0.120719954
sp|B5YXW9|MEPA_ECO5E,Escherichia coli,Escherichia coli O157:H7 (strain EC4115 / EHEC),Bacteria,1,0.117722504
sp|B6I4X5|MEPA_ECOSE,Escherichia coli,Escherichia coli (strain SE11),Bacteria,1,0.12444485
sp|B7UFY6|MEPA_ECO27,Escherichia coli,Escherichia coli O127:H6 (strain E2348/69 / EPEC),Bacteria,1,0.120719954
sp|P65812|HTPX_ECOL6,Escherichia coli,Escherichia coli O6:H1 (strain CFT073 / ATCC 700928 / UPEC),Bacteria,1,0.36196122
sp|B7LBI2|MEPA_ECO55,Escherichia coli,Escherichia coli (strain 55989 / EAEC),Bacteria,1,0.12241978
sp|B7M6K9|MEPA_ECO8A,Escherichia coli,Escherichia coli O8 (strain IAI1),Bacteria,1,0.123419784
sp|B7MG92|MEPA_ECO45,Escherichia coli,Escherichia coli O45:K1 (strain S88 / ExPEC),Bacteria,1,0.120719954
sp|B7MY05|MEPA_ECO81,Escherichia coli,Escherichia coli O81 (strain ED1a),Bacteria,1,0.120719954
sp|B7N5U0|MEPA_ECOLU,Escherichia coli,Escherichia coli O17:K52:H18 (strain UMN026 / ExPEC),Bacteria,1,0.12525783
sp|Q0TFB8|MEPA_ECOL5,Escherichia coli,Escherichia coli O6:K15:H31 (strain 536 / UPEC),Bacteria,1,0.11979481
sp|B1XH97|HTPX_ECODH,Escherichia coli,Escherichia coli (strain K12 / DH10B),Bacteria,1,0.36016098
sp|C4ZZI6|HTPX_ECOBW,Escherichia coli,Escherichia coli (strain K12 / MC4100 / BW2952),Bacteria,1,0.36016098
sp|B7MBN6|HTPX_ECO45,Escherichia coli,Escherichia coli O45:K1 (strain S88 / ExPEC),Bacteria,1,0.36196122
sp|A7ZMV2|HTPX_ECO24,Escherichia coli,Escherichia coli O139:H28 (strain E24377A / ETEC),Bacteria,1,0.36196122
sp|B1J0Q9|HTPX_ECOLC,Escherichia coli,Escherichia coli (strain ATCC 8739 / DSM 1576 / NBRC 3972 / NCIMB 8545 / WDCM 00012 / Crooks),Bacteria,1,0.36196122
sp|B5YQX2|HTPX_ECO5E,Escherichia coli,Escherichia coli O157:H7 (strain EC4115 / EHEC),Bacteria,1,0.36196122
sp|B7MVV9|HTPX_ECO81,Escherichia coli,Escherichia coli O81 (strain ED1a),Bacteria,1,0.36196122
sp|A1ABZ5|HTPX_ECOK1,Escherichia coli,Escherichia coli O1:K1 / APEC,Bacteria,1,0.36196122
sp|A8A127|HTPX_ECOHS,Escherichia coli,Escherichia coli O9:H4 (strain HS),Bacteria,1,0.36196122
sp|B7M2A5|HTPX_ECO8A,Escherichia coli,Escherichia coli O8 (strain IAI1),Bacteria,1,0.36196122
sp|B1LD43|HTPX_ECOSM,Escherichia coli,Escherichia coli (strain SMS-3-5 / SECEC),Bacteria,1,0.36196122
sp|B6IBQ7|HTPX_ECOSE,Escherichia coli,Escherichia coli (strain SE11),Bacteria,1,0.36196122
sp|B7L7N1|HTPX_ECO55,Escherichia coli,Escherichia coli (strain 55989 / EAEC),Bacteria,1,0.36196122
sp|B7NBH7|HTPX_ECOLU,Escherichia coli,Escherichia coli O17:K52:H18 (strain UMN026 / ExPEC),Bacteria,1,0.36196122
sp|B7NS90|HTPX_ECO7I,Escherichia coli,Escherichia coli O7:K1 (strain IAI39 / ExPEC),Bacteria,1,0.36196122
sp|B7USK6|HTPX_ECO27,Escherichia coli,Escherichia coli O127:H6 (strain E2348/69 / EPEC),Bacteria,1,0.3901761
sp|Q0TH03|HTPX_ECOL5,Escherichia coli,Escherichia coli O6:K15:H31 (strain 536 / UPEC),Bacteria,1,0.36196122
sp|Q1RAV8|HTPX_ECOUT,Escherichia coli,Escherichia coli (strain UTI89 / UPEC),Bacteria,1,0.36196122
tr|A0A0H3EP59|A0A0H3EP59_ECO8N,Escherichia coli,Escherichia coli O83:H1 (strain NRG 857C / AIEC),Bacteria,1,0.15762739
tr|B7LHP1|B7LHP1_ECO55,Escherichia coli,Escherichia coli (strain 55989 / EAEC),Bacteria,1,0.15762739
tr|B7MBU7|B7MBU7_ECO45,Escherichia coli,Escherichia coli O45:K1 (strain S88 / ExPEC),Bacteria,1,0.15762739
tr|A7ZS74|A7ZS74_ECO24,Escherichia coli,Escherichia coli O139:H28 (strain E24377A / ETEC),Bacteria,1,0.15927929
tr|A0A0H2Z3A8|A0A0H2Z3A8_ECOK1,Escherichia coli,Escherichia coli O1:K1 / APEC,Bacteria,1,0.15762739
tr|A0A1W5W6S9|A0A1W5W6S9_ECOLX,Escherichia coli,Escherichia_coli,Bacteria,1,0.09892843
tr|B7UJ71|B7UJ71_ECO27,Escherichia coli,Escherichia coli O127:H6 (strain E2348/69 / EPEC),Bacteria,1,0.15762739
tr|A0A0H3EJQ4|A0A0H3EJQ4_ECO8N,Escherichia coli,Escherichia coli O83:H1 (strain NRG 857C / AIEC),Bacteria,1,0.120719954
tr|A0A1W6BZY2|A0A1W6BZY2_ECOLX,Escherichia coli,Escherichia_coli,Bacteria,1,0.0830357
tr|A0A0H2Z3M3|A0A0H2Z3M3_ECOK1,Escherichia coli,Escherichia coli O1:K1 / APEC,Bacteria,1,0.32718146
tr|A0A0H3EQS4|A0A0H3EQS4_ECO8N,Escherichia coli,Escherichia coli O83:H1 (strain NRG 857C / AIEC),Bacteria,1,0.28992736
tr|A7ZT34|A7ZT34_ECO24,Escherichia coli,Escherichia coli O139:H28 (strain E24377A / ETEC),Bacteria,1,0.31147435
tr|B7L5X6|B7L5X6_ECO55,Escherichia coli,Escherichia coli (strain 55989 / EAEC),Bacteria,1,0.31307435
tr|Q8X5Q2|Q8X5Q2_ECO57,Escherichia coli,Escherichia coli O157:H7,Bacteria,1,0.3220843
tr|B7UL46|B7UL46_ECO27,Escherichia coli,Escherichia coli O127:H6 (strain E2348/69 / EPEC),Bacteria,1,0.32718146
tr|A0A0H2VEE6|A0A0H2VEE6_ECOL6,Escherichia coli,Escherichia coli O6:H1 (strain CFT073 / ATCC 700928 / UPEC),Bacteria,1,0.2848209
tr|B7MEJ3|B7MEJ3_ECO45,Escherichia coli,Escherichia coli O45:K1 (strain S88 / ExPEC),Bacteria,1,0.32718146
tr|A7ZJZ8|A7ZJZ8_ECO24,Escherichia coli,Escherichia coli O139:H28 (strain E24377A / ETEC),Bacteria,1,0.38412258
tr|B7UIM1|B7UIM1_ECO27,Escherichia coli,Escherichia coli O127:H6 (strain E2348/69 / EPEC),Bacteria,1,0.22228983
tr|A0A0H2V4U5|A0A0H2V4U5_ECOL6,Escherichia coli,Escherichia coli O6:H1 (strain CFT073 / ATCC 700928 / UPEC),Bacteria,1,0.32860732
tr|A0A0H2VAE8|A0A0H2VAE8_ECOL6,Escherichia coli,Escherichia coli O6:H1 (strain CFT073 / ATCC 700928 / UPEC),Bacteria,1,0.3242807
tr|A0A0H3EIC5|A0A0H3EIC5_ECO8N,Escherichia coli,Escherichia coli O83:H1 (strain NRG 857C / AIEC),Bacteria,1,0.38026935
tr|A7ZLU3|A7ZLU3_ECO24,Escherichia coli,Escherichia coli O139:H28 (strain E24377A / ETEC),Bacteria,1,0.39530435
tr|A0A0H2V5T1|A0A0H2V5T1_ECOL6,Escherichia coli,Escherichia coli O6:H1 (strain CFT073 / ATCC 700928 / UPEC),Bacteria,1,0.40645558
tr|A0A0H2Z308|A0A0H2Z308_ECOK1,Escherichia coli,Escherichia coli O1:K1 / APEC,Bacteria,1,0.23809063
tr|A0A0H3EF81|A0A0H3EF81_ECO8N,Escherichia coli,Escherichia coli O83:H1 (strain NRG 857C / AIEC),Bacteria,1,0.22499664
tr|A0A0H3EKT7|A0A0H3EKT7_ECO8N,Escherichia coli,Escherichia coli O83:H1 (strain NRG 857C / AIEC),Bacteria,1,0.26393276
tr|A7ZHR6|A7ZHR6_ECO24,Escherichia coli,Escherichia coli O139:H28 (strain E24377A / ETEC),Bacteria,1,0.22485794
tr|A7ZQS7|A7ZQS7_ECO24,Escherichia coli,Escherichia coli O139:H28 (strain E24377A / ETEC),Bacteria,1,0.19149496
tr|A7ZR50|A7ZR50_ECO24,Escherichia coli,Escherichia coli O139:H28 (strain E24377A / ETEC),Bacteria,1,0.18852857
tr|A7ZRN0|A7ZRN0_ECO24,Escherichia coli,Escherichia coli O139:H28 (strain E24377A / ETEC),Bacteria,1,0.119105645
tr|B7MLG7|B7MLG7_ECO45,Escherichia coli,Escherichia coli O45:K1 (strain S88 / ExPEC),Bacteria,1,0.23809063
tr|B7LEZ8|B7LEZ8_ECO55,Escherichia coli,Escherichia coli (strain 55989 / EAEC),Bacteria,1,0.23260333
tr|B7MBF7|B7MBF7_ECO45,Escherichia coli,Escherichia coli O45:K1 (strain S88 / ExPEC),Bacteria,1,0.22499664
tr|A0A0H2V7Z0|A0A0H2V7Z0_ECOL6,Escherichia coli,Escherichia coli O6:H1 (strain CFT073 / ATCC 700928 / UPEC),Bacteria,1,0.087602705
tr|A0A0H2VB18|A0A0H2VB18_ECOL6,Escherichia coli,Escherichia coli O6:H1 (strain CFT073 / ATCC 700928 / UPEC),Bacteria,1,0.12147476
tr|A0A0H2YW79|A0A0H2YW79_ECOK1,Escherichia coli,Escherichia coli O1:K1 / APEC,Bacteria,1,0.22499664
tr|B7LGN7|B7LGN7_ECO55,Escherichia coli,Escherichia coli (strain 55989 / EAEC),Bacteria,1,0.19662555
tr|B7UHN8|B7UHN8_ECO27,Escherichia coli,Escherichia coli O127:H6 (strain E2348/69 / EPEC),Bacteria,1,0.36889988
tr|A7ZQX3|A7ZQX3_ECO24,Escherichia coli,Escherichia coli O139:H28 (strain E24377A / ETEC),Bacteria,1,0.07171168
tr|A7ZT68|A7ZT68_ECO24,Escherichia coli,Escherichia coli O139:H28 (strain E24377A / ETEC),Bacteria,1,0.13992901
sp|P00803|LEP_ECOLI,Escherichia coli,Escherichia_coli_K12,Bacteria,1,0.34593245
sp|P0A6G7|CLPP_ECOLI,Escherichia coli,Escherichia_coli_K12,Bacteria,1,0.13928173
sp|P0A9M0|LON_ECOLI,Escherichia coli,Escherichia_coli_K12,Bacteria,1,0.30746865
sp|P39099|DEGQ_ECOLI,Escherichia coli,Escherichia_coli_K12,Bacteria,1,0.15127002
sp|P0A7C2|LEXA_ECOLI,Escherichia coli,Escherichia_coli_K12,Bacteria,1,0.17283188
sp|P0C0V0|DEGP_ECOLI,Escherichia coli,Escherichia_coli_K12,Bacteria,1,0.20843786
sp|P09391|GLPG_ECOLI,Escherichia coli,Escherichia_coli_K12,Bacteria,1,0.14706078
sp|P23865|PRC_ECOLI,Escherichia coli,Escherichia_coli_K12,Bacteria,1,0.1918171
sp|P0AEE3|DEGS_ECOLI,Escherichia coli,Escherichia_coli_K12,Bacteria,1,0.19288169
sp|P0AFI5|PBP7_ECOLI,Escherichia coli,Escherichia_coli_K12,Bacteria,1,0.10469623
sp|P24228|DACB_ECOLI,Escherichia coli,Escherichia_coli_K12,Bacteria,1,0.092366606
sp|P0ADA1|TESA_ECOLI,Escherichia coli,Escherichia_coli_K12,Bacteria,1,0.09226875
sp|P08395|SPPA_ECOLI,Escherichia coli,Escherichia_coli_K12,Bacteria,1,0.51988477
sp|P0AG11|UMUD_ECOLI,Escherichia coli,Escherichia_coli_K12,Bacteria,1,0.16903546
sp|P0ADA2|TESA_ECOL6,Escherichia coli,Escherichia coli O6:H1 (strain CFT073 / ATCC 700928 / UPEC),Bacteria,1,0.09226875
sp|Q84GK0|EATA_ECOH1,Escherichia coli,Escherichia coli O78:H11 (strain H10407 / ETEC),Bacteria,1,0.115938164
sp|Q47692|TSH_ECOLX,Escherichia coli,Escherichia_coli,Bacteria,1,0.09975866
sp|Q7BSW5|ESPP_ECO57,Escherichia coli,Escherichia coli O157:H7,Bacteria,1,0.1599002
sp|O68900|PET_ECO44,Escherichia coli,Escherichia coli O44:H18 (strain 042 / EAEC),Bacteria,1,0.09810916
sp|O88093|HBP_ECOLX,Escherichia coli,Escherichia_coli,Bacteria,1,0.10051408
sp|Q6EZC2|SUBA_ECOLX,Escherichia coli,Escherichia_coli,Bacteria,1,0.3081624
sp|Q9EZE7|ESPC_ECO27,Escherichia coli,Escherichia coli O127:H6 (strain E2348/69 / EPEC),Bacteria,1,0.09463832
sp|Q8FDW4|SAT_ECOL6,Escherichia coli,Escherichia coli O6:H1 (strain CFT073 / ATCC 700928 / UPEC),Bacteria,1,0.13597214
sp|P24555|PTRB_ECOLI,Escherichia coli,Escherichia_coli_K12,Bacteria,1,0.1768677
sp|P0C0V1|DEGP_ECO57,Escherichia coli,Escherichia coli O157:H7,Bacteria,1,0.20843786
sp|P0A9M1|LON_ECOL6,Escherichia coli,Escherichia coli O6:H1 (strain CFT073 / ATCC 700928 / UPEC),Bacteria,1,0.30746865
sp|P0AEE4|DEGS_ECO57,Escherichia coli,Escherichia coli O157:H7,Bacteria,1,0.19288169
sp|O32591|ESPP_ECOLX,Escherichia coli,Escherichia_coli,Bacteria,1,0.15915443
sp|Q8CWC7|PIC_ECOL6,Escherichia coli,Escherichia coli O6:H1 (strain CFT073 / ATCC 700928 / UPEC),Bacteria,1,0.07933625
sp|Q7BS42|PIC_ECO44,Escherichia coli,Escherichia coli O44:H18 (strain 042 / EAEC),Bacteria,1,0.083840065
sp|P0AG14|SOHB_ECOLI,Escherichia coli,Escherichia_coli_K12,Bacteria,1,0.2353387
sp|C5A136|LEXA_ECOBW,Escherichia coli,Escherichia coli (strain K12 / MC4100 / BW2952),Bacteria,1,0.17283188
sp|B1XC42|LEXA_ECODH,Escherichia coli,Escherichia coli (strain K12 / DH10B),Bacteria,1,0.17283188
sp|A7ZIJ5|CLPP_ECO24,Escherichia coli,Escherichia coli O139:H28 (strain E24377A / ETEC),Bacteria,1,0.13928173
sp|A7ZX95|CLPP_ECOHS,Escherichia coli,Escherichia coli O9:H4 (strain HS),Bacteria,1,0.13928173
sp|B7LAZ0|LEXA_ECO55,Escherichia coli,Escherichia coli (strain 55989 / EAEC),Bacteria,1,0.17283188
sp|P0A6G9|CLPP_ECO57,Escherichia coli,Escherichia coli O157:H7,Bacteria,1,0.13928173
sp|A1AIM0|LEXA_ECOK1,Escherichia coli,Escherichia coli O1:K1 / APEC,Bacteria,1,0.17283188
sp|A7ZUR5|LEXA_ECO24,Escherichia coli,Escherichia coli O139:H28 (strain E24377A / ETEC),Bacteria,1,0.17283188
sp|B1LPK8|LEXA_ECOSM,Escherichia coli,Escherichia coli (strain SMS-3-5 / SECEC),Bacteria,1,0.17283188
sp|B5Z184|LEXA_ECO5E,Escherichia coli,Escherichia coli O157:H7 (strain EC4115 / EHEC),Bacteria,1,0.17283188
sp|B7NSK5|LEXA_ECO7I,Escherichia coli,Escherichia coli O7:K1 (strain IAI39 / ExPEC),Bacteria,1,0.17283188
sp|B7UPK4|LEXA_ECO27,Escherichia coli,Escherichia coli O127:H6 (strain E2348/69 / EPEC),Bacteria,1,0.17283188
sp|P0A7C4|LEXA_ECO57,Escherichia coli,Escherichia coli O157:H7,Bacteria,1,0.17283188
sp|Q0TKK4|CLPP_ECOL5,Escherichia coli,Escherichia coli O6:K15:H31 (strain 536 / UPEC),Bacteria,1,0.13928173
sp|Q1RF98|CLPP_ECOUT,Escherichia coli,Escherichia coli (strain UTI89 / UPEC),Bacteria,1,0.13928173
sp|A1A8A6|CLPP_ECOK1,Escherichia coli,Escherichia coli O1:K1 / APEC,Bacteria,1,0.13928173
sp|B1IUK9|LEXA_ECOLC,Escherichia coli,Escherichia coli (strain ATCC 8739 / DSM 1576 / NBRC 3972 / NCIMB 8545 / WDCM 00012 / Crooks),Bacteria,1,0.17283188
sp|B6I5Q8|LEXA_ECOSE,Escherichia coli,Escherichia coli (strain SE11),Bacteria,1,0.17283188
sp|B7NFY7|LEXA_ECOLU,Escherichia coli,Escherichia coli O17:K52:H18 (strain UMN026 / ExPEC),Bacteria,1,0.17283188
sp|P0A6G8|CLPP_ECOL6,Escherichia coli,Escherichia coli O6:H1 (strain CFT073 / ATCC 700928 / UPEC),Bacteria,1,0.13928173
sp|Q0TA20|LEXA_ECOL5,Escherichia coli,Escherichia coli O6:K15:H31 (strain 536 / UPEC),Bacteria,1,0.17283188
sp|Q1R3P3|LEXA_ECOUT,Escherichia coli,Escherichia coli (strain UTI89 / UPEC),Bacteria,1,0.17283188
sp|A8A7E3|LEXA_ECOHS,Escherichia coli,Escherichia coli O9:H4 (strain HS),Bacteria,1,0.17283188
sp|B7M7V6|LEXA_ECO8A,Escherichia coli,Escherichia coli O8 (strain IAI1),Bacteria,1,0.17283188
sp|B7MJ33|LEXA_ECO45,Escherichia coli,Escherichia coli O45:K1 (strain S88 / ExPEC),Bacteria,1,0.17283188
sp|P0A7C3|LEXA_ECOL6,Escherichia coli,Escherichia coli O6:H1 (strain CFT073 / ATCC 700928 / UPEC),Bacteria,1,0.17283188
sp|B1J011|CLPP_ECOLC,Escherichia coli,Escherichia coli (strain ATCC 8739 / DSM 1576 / NBRC 3972 / NCIMB 8545 / WDCM 00012 / Crooks),Bacteria,1,0.13928173
sp|B7N2Q0|LEXA_ECO81,Escherichia coli,Escherichia coli O81 (strain ED1a),Bacteria,1,0.17283188
sp|P0A276|MUCA_ECOLX,Escherichia coli,Escherichia_coli,Bacteria,1,0.18315905
sp|P75867|LONH_ECOLI,Escherichia coli,Escherichia_coli_K12,Bacteria,1,0.4861232
sp|P76176|YDGD_ECOLI,Escherichia coli,Escherichia_coli_K12,Bacteria,1,0.062396318
sp|C4ZVX5|GLPG_ECOBW,Escherichia coli,Escherichia coli (strain K12 / MC4100 / BW2952),Bacteria,1,0.14706078
sp|B1X769|GLPG_ECODH,Escherichia coli,Escherichia coli (strain K12 / DH10B),Bacteria,1,0.14706078
sp|A8A5N2|GLPG_ECOHS,Escherichia coli,Escherichia coli O9:H4 (strain HS),Bacteria,1,0.14706078
sp|B7MDQ0|GLPG_ECO45,Escherichia coli,Escherichia coli O45:K1 (strain S88 / ExPEC),Bacteria,1,0.14706078
sp|A1AGU7|GLPG_ECOK1,Escherichia coli,Escherichia coli O1:K1 / APEC,Bacteria,1,0.14706078
sp|B7L4V0|GLPG_ECO55,Escherichia coli,Escherichia coli (strain 55989 / EAEC),Bacteria,1,0.14607964
sp|B7N156|GLPG_ECO81,Escherichia coli,Escherichia coli O81 (strain ED1a),Bacteria,1,0.16455427
sp|Q8FCS5|GLPG_ECOL6,Escherichia coli,Escherichia coli O6:H1 (strain CFT073 / ATCC 700928 / UPEC),Bacteria,1,0.14706078
sp|B1IP42|GLPG_ECOLC,Escherichia coli,Escherichia coli (strain ATCC 8739 / DSM 1576 / NBRC 3972 / NCIMB 8545 / WDCM 00012 / Crooks),Bacteria,1,0.14706078
sp|B5YTX6|GLPG_ECO5E,Escherichia coli,Escherichia coli O157:H7 (strain EC4115 / EHEC),Bacteria,1,0.14520378
sp|B7NE28|GLPG_ECOLU,Escherichia coli,Escherichia coli O17:K52:H18 (strain UMN026 / ExPEC),Bacteria,1,0.14706078
sp|A7ZSV4|GLPG_ECO24,Escherichia coli,Escherichia coli O139:H28 (strain E24377A / ETEC),Bacteria,1,0.14607964
sp|B1LI84|GLPG_ECOSM,Escherichia coli,Escherichia coli (strain SMS-3-5 / SECEC),Bacteria,1,0.14706078
sp|B7M2I4|GLPG_ECO8A,Escherichia coli,Escherichia coli O8 (strain IAI1),Bacteria,1,0.14607964
sp|Q1R5L1|GLPG_ECOUT,Escherichia coli,Escherichia coli (strain UTI89 / UPEC),Bacteria,1,0.14706078
sp|B6I2Y7|GLPG_ECOSE,Escherichia coli,Escherichia coli (strain SE11),Bacteria,1,0.14607964
sp|B7NMI8|GLPG_ECO7I,Escherichia coli,Escherichia coli O7:K1 (strain IAI39 / ExPEC),Bacteria,1,0.17037733
sp|B7UKC8|GLPG_ECO27,Escherichia coli,Escherichia coli O127:H6 (strain E2348/69 / EPEC),Bacteria,1,0.14706078
sp|Q0TC44|GLPG_ECOL5,Escherichia coli,Escherichia coli O6:K15:H31 (strain 536 / UPEC),Bacteria,1,0.14706078
sp|Q8X6Z6|GLPG_ECO57,Escherichia coli,Escherichia coli O157:H7,Bacteria,1,0.14520378
sp|P0AG12|UMUD_ECO57,Escherichia coli,Escherichia coli O157:H7,Bacteria,1,0.16903546
sp|Q7M1C0|IMPA_ECOLX,Escherichia coli,Escherichia_coli,Bacteria,1,0.082104966
tr|C3SHL2|C3SHL2_ECOLX,Escherichia coli,Escherichia_coli,Bacteria,1,0.17283188
tr|A0A0H2V4U0|A0A0H2V4U0_ECOL6,Escherichia coli,Escherichia coli O6:H1 (strain CFT073 / ATCC 700928 / UPEC),Bacteria,1,0.2149516
tr|A0A0H3EFS7|A0A0H3EFS7_ECO8N,Escherichia coli,Escherichia coli O83:H1 (strain NRG 857C / AIEC),Bacteria,1,0.13928173
tr|A0A152UUM3|A0A152UUM3_ECO57,Escherichia coli,Escherichia coli O157:H7,Bacteria,1,0.312116
tr|B7L674|B7L674_ECO55,Escherichia coli,Escherichia coli (strain 55989 / EAEC),Bacteria,1,0.13928173
tr|B7L7N2|B7L7N2_ECO55,Escherichia coli,Escherichia coli (strain 55989 / EAEC),Bacteria,1,0.19113232
tr|B7LHU3|B7LHU3_ECO55,Escherichia coli,Escherichia coli (strain 55989 / EAEC),Bacteria,1,0.19188169
tr|B7MD96|B7MD96_ECO45,Escherichia coli,Escherichia coli O45:K1 (strain S88 / ExPEC),Bacteria,1,0.13928173
tr|B7USK7|B7USK7_ECO27,Escherichia coli,Escherichia coli O127:H6 (strain E2348/69 / EPEC),Bacteria,1,0.19973715
tr|A0A0H2Z3E0|A0A0H2Z3E0_ECOK1,Escherichia coli,Escherichia coli O1:K1 / APEC,Bacteria,1,0.14313887
tr|A0A0H3EST8|A0A0H3EST8_ECO8N,Escherichia coli,Escherichia coli O83:H1 (strain NRG 857C / AIEC),Bacteria,1,0.17283188
tr|A7ZHQ3|A7ZHQ3_ECO24,Escherichia coli,Escherichia coli O139:H28 (strain E24377A / ETEC),Bacteria,1,0.21578892
tr|A7ZIJ7|A7ZIJ7_ECO24,Escherichia coli,Escherichia coli O139:H28 (strain E24377A / ETEC),Bacteria,1,0.30746865
tr|B7LGM3|B7LGM3_ECO55,Escherichia coli,Escherichia coli (strain 55989 / EAEC),Bacteria,1,0.21578892
tr|B7LHU2|B7LHU2_ECO55,Escherichia coli,Escherichia coli (strain 55989 / EAEC),Bacteria,1,0.15127002
tr|B7MBZ5|B7MBZ5_ECO45,Escherichia coli,Escherichia coli O45:K1 (strain S88 / ExPEC),Bacteria,1,0.14313887
tr|A0A0H2VDX1|A0A0H2VDX1_ECOL6,Escherichia coli,Escherichia coli O6:H1 (strain CFT073 / ATCC 700928 / UPEC),Bacteria,1,0.18950029
tr|A0A0H2YWP1|A0A0H2YWP1_ECOK1,Escherichia coli,Escherichia coli O1:K1 / APEC,Bacteria,1,0.2149516
tr|A0A0H2Z055|A0A0H2Z055_ECOK1,Escherichia coli,Escherichia coli O1:K1 / APEC,Bacteria,1,0.19905798
tr|A0A0H2Z3M0|A0A0H2Z3M0_ECOK1,Escherichia coli,Escherichia coli O1:K1 / APEC,Bacteria,1,0.19288169
tr|A0A0H3EPB0|A0A0H3EPB0_ECO8N,Escherichia coli,Escherichia coli O83:H1 (strain NRG 857C / AIEC),Bacteria,1,0.18950029
tr|B7MBE4|B7MBE4_ECO45,Escherichia coli,Escherichia coli O45:K1 (strain S88 / ExPEC),Bacteria,1,0.2149516
tr|B7MBN7|B7MBN7_ECO45,Escherichia coli,Escherichia coli O45:K1 (strain S88 / ExPEC),Bacteria,1,0.19905798
tr|B7UJR0|B7UJR0_ECO27,Escherichia coli,Escherichia coli O127:H6 (strain E2348/69 / EPEC),Bacteria,1,0.13928173
tr|B7UJR2|B7UJR2_ECO27,Escherichia coli,Escherichia coli O127:H6 (strain E2348/69 / EPEC),Bacteria,1,0.30746865
tr|B7UJW6|B7UJW6_ECO27,Escherichia coli,Escherichia coli O127:H6 (strain E2348/69 / EPEC),Bacteria,1,0.13841356
tr|A0A0H2YWQ8|A0A0H2YWQ8_ECOK1,Escherichia coli,Escherichia coli O1:K1 / APEC,Bacteria,1,0.3648278
tr|A0A0H3EED9|A0A0H3EED9_ECO8N,Escherichia coli,Escherichia coli O83:H1 (strain NRG 857C / AIEC),Bacteria,1,0.30746865
tr|A0A0H3EI01|A0A0H3EI01_ECO8N,Escherichia coli,Escherichia coli O83:H1 (strain NRG 857C / AIEC),Bacteria,1,0.19905798
tr|A7ZMV3|A7ZMV3_ECO24,Escherichia coli,Escherichia coli O139:H28 (strain E24377A / ETEC),Bacteria,1,0.18746972
tr|A7ZSC9|A7ZSC9_ECO24,Escherichia coli,Escherichia coli O139:H28 (strain E24377A / ETEC),Bacteria,1,0.19188169
tr|B7L676|B7L676_ECO55,Escherichia coli,Escherichia coli (strain 55989 / EAEC),Bacteria,1,0.30746865
tr|B7MD98|B7MD98_ECO45,Escherichia coli,Escherichia coli O45:K1 (strain S88 / ExPEC),Bacteria,1,0.30746865
tr|Q8XCM5|Q8XCM5_ECO57,Escherichia coli,Escherichia coli O157:H7,Bacteria,1,0.19070375
tr|A0A0H2V7Z4|A0A0H2V7Z4_ECOL6,Escherichia coli,Escherichia coli O6:H1 (strain CFT073 / ATCC 700928 / UPEC),Bacteria,1,0.19973715
tr|A0A0H2VBJ8|A0A0H2VBJ8_ECOL6,Escherichia coli,Escherichia coli O6:H1 (strain CFT073 / ATCC 700928 / UPEC),Bacteria,1,0.13117802
tr|A7ZSC8|A7ZSC8_ECO24,Escherichia coli,Escherichia coli O139:H28 (strain E24377A / ETEC),Bacteria,1,0.15127002
tr|B7MBZ6|B7MBZ6_ECO45,Escherichia coli,Escherichia coli O45:K1 (strain S88 / ExPEC),Bacteria,1,0.19288169
tr|B7UIK8|B7UIK8_ECO27,Escherichia coli,Escherichia coli O127:H6 (strain E2348/69 / EPEC),Bacteria,1,0.2149516
tr|B7UJW7|B7UJW7_ECO27,Escherichia coli,Escherichia coli O127:H6 (strain E2348/69 / EPEC),Bacteria,1,0.18950029
tr|C3SRW2|C3SRW2_ECOLX,Escherichia coli,Escherichia_coli,Bacteria,1,0.15127002
tr|C3TLT2|C3TLT2_ECOLX,Escherichia coli,Escherichia_coli,Bacteria,1,0.13928173
tr|D5IGE6|D5IGE6_ECOLX,Escherichia coli,Escherichia_coli,Bacteria,1,0.30746865
tr|A0A0H3EM77|A0A0H3EM77_ECO8N,Escherichia coli,Escherichia coli O83:H1 (strain NRG 857C / AIEC),Bacteria,1,0.14313887
tr|A0A0H3JH40|A0A0H3JH40_ECO57,Escherichia coli,Escherichia coli O157:H7,Bacteria,1,0.1535549
tr|B7LDG1|B7LDG1_ECO55,Escherichia coli,Escherichia coli (strain 55989 / EAEC),Bacteria,1,0.35070857
tr|Q8XA33|Q8XA33_ECO57,Escherichia coli,Escherichia coli O157:H7,Bacteria,1,0.35070857
tr|Q8XDA0|Q8XDA0_ECO57,Escherichia coli,Escherichia coli O157:H7,Bacteria,1,0.5116587
tr|A0A0H2YXM8|A0A0H2YXM8_ECOK1,Escherichia coli,Escherichia coli O1:K1 / APEC,Bacteria,1,0.46994472
tr|B7MIQ3|B7MIQ3_ECO45,Escherichia coli,Escherichia coli O45:K1 (strain S88 / ExPEC),Bacteria,1,0.35070857
tr|B7UH08|B7UH08_ECO27,Escherichia coli,Escherichia coli O127:H6 (strain E2348/69 / EPEC),Bacteria,1,0.35070857
tr|A0A0H2XK38|A0A0H2XK38_ECOK1,Escherichia coli,Escherichia coli O1:K1 / APEC,Bacteria,1,0.22527517
tr|A0A1W6BZZ2|A0A1W6BZZ2_ECOLX,Escherichia coli,Escherichia_coli,Bacteria,1,0.07123029
tr|B7MHQ7|B7MHQ7_ECO45,Escherichia coli,Escherichia coli O45:K1 (strain S88 / ExPEC),Bacteria,1,0.46354064
tr|E2QFS2|E2QFS2_ECOLX,Escherichia coli,Escherichia_coli,Bacteria,1,0.14706078
tr|A0A0H2Z1H5|A0A0H2Z1H5_ECOK1,Escherichia coli,Escherichia coli O1:K1 / APEC,Bacteria,1,0.35070857
tr|A0A0H3EFB0|A0A0H3EFB0_ECO8N,Escherichia coli,Escherichia coli O83:H1 (strain NRG 857C / AIEC),Bacteria,1,0.4496909
tr|A0A0H3EFU6|A0A0H3EFU6_ECO8N,Escherichia coli,Escherichia coli O83:H1 (strain NRG 857C / AIEC),Bacteria,1,0.2149516
tr|A0A0H3EML7|A0A0H3EML7_ECO8N,Escherichia coli,Escherichia coli O83:H1 (strain NRG 857C / AIEC),Bacteria,1,0.14706078
tr|A7ZQ12|A7ZQ12_ECO24,Escherichia coli,Escherichia coli O139:H28 (strain E24377A / ETEC),Bacteria,1,0.35070857
tr|A0A0H2V7X6|A0A0H2V7X6_ECOL6,Escherichia coli,Escherichia coli O6:H1 (strain CFT073 / ATCC 700928 / UPEC),Bacteria,1,0.4644278
tr|A0A0H2VC21|A0A0H2VC21_ECOL6,Escherichia coli,Escherichia coli O6:H1 (strain CFT073 / ATCC 700928 / UPEC),Bacteria,1,0.35070857
tr|A0A0H3EMC4|A0A0H3EMC4_ECO8N,Escherichia coli,Escherichia coli O83:H1 (strain NRG 857C / AIEC),Bacteria,1,0.35070857
tr|A7ZK58|A7ZK58_ECO24,Escherichia coli,Escherichia coli O139:H28 (strain E24377A / ETEC),Bacteria,1,0.5116587
tr|B7LE55|B7LE55_ECO55,Escherichia coli,Escherichia coli (strain 55989 / EAEC),Bacteria,1,0.5116587
tr|B7UN34|B7UN34_ECO27,Escherichia coli,Escherichia coli O127:H6 (strain E2348/69 / EPEC),Bacteria,1,0.42056215
tr|A0A0H3EH81|A0A0H3EH81_ECO8N,Escherichia coli,Escherichia coli O83:H1 (strain NRG 857C / AIEC),Bacteria,1,0.06363662
tr|A0A0H3YF33|A0A0H3YF33_ECOLX,Escherichia coli,Escherichia_coli,Bacteria,1,0.11107315
tr|A7ZH66|A7ZH66_ECO24,Escherichia coli,Escherichia coli O139:H28 (strain E24377A / ETEC),Bacteria,1,0.14731532
tr|B7LBY5|B7LBY5_ECO55,Escherichia coli,Escherichia coli (strain 55989 / EAEC),Bacteria,1,0.09189941
tr|B7URT8|B7URT8_ECO27,Escherichia coli,Escherichia coli O127:H6 (strain E2348/69 / EPEC),Bacteria,1,0.071511775
tr|A7ZM57|A7ZM57_ECO24,Escherichia coli,Escherichia coli O139:H28 (strain E24377A / ETEC),Bacteria,1,0.06390423
tr|Q8X3Q8|Q8X3Q8_ECO57,Escherichia coli,Escherichia coli O157:H7,Bacteria,1,0.06696276
tr|A0A0H2YYY4|A0A0H2YYY4_ECOK1,Escherichia coli,Escherichia coli O1:K1 / APEC,Bacteria,1,0.06363662
tr|A0A0H2V792|A0A0H2V792_ECOL6,Escherichia coli,Escherichia coli O6:H1 (strain CFT073 / ATCC 700928 / UPEC),Bacteria,1,0.23823547
tr|A0A0H2V8S4|A0A0H2V8S4_ECOL6,Escherichia coli,Escherichia coli O6:H1 (strain CFT073 / ATCC 700928 / UPEC),Bacteria,1,0.06363662
tr|A7ZL89|A7ZL89_ECO24,Escherichia coli,Escherichia coli O139:H28 (strain E24377A / ETEC),Bacteria,1,0.23699093
tr|B7L5F0|B7L5F0_ECO55,Escherichia coli,Escherichia coli (strain 55989 / EAEC),Bacteria,1,0.06792977
tr|B7M9V1|B7M9V1_ECO45,Escherichia coli,Escherichia coli O45:K1 (strain S88 / ExPEC),Bacteria,1,0.06363662
tr|Q17TZ8|Q17TZ8_ECOLX,Escherichia coli,Escherichia_coli,Bacteria,1,0.18315905
tr|A7ZJ48|A7ZJ48_ECO24,Escherichia coli,Escherichia coli O139:H28 (strain E24377A / ETEC),Bacteria,1,0.20241572
tr|B7MBQ3|B7MBQ3_ECO45,Escherichia coli,Escherichia coli O45:K1 (strain S88 / ExPEC),Bacteria,1,0.17647865
tr|A0A0H2V9B4|A0A0H2V9B4_ECOL6,Escherichia coli,Escherichia coli O6:H1 (strain CFT073 / ATCC 700928 / UPEC),Bacteria,1,0.16581613
tr|B7L7P8|B7L7P8_ECO55,Escherichia coli,Escherichia coli (strain 55989 / EAEC),Bacteria,1,0.1751441
tr|A0A0H2V6U2|A0A0H2V6U2_ECOL6,Escherichia coli,Escherichia coli O6:H1 (strain CFT073 / ATCC 700928 / UPEC),Bacteria,1,0.16296777
tr|A0A0H3EJX6|A0A0H3EJX6_ECO8N,Escherichia coli,Escherichia coli O83:H1 (strain NRG 857C / AIEC),Bacteria,1,0.18667746
tr|A7ZMW8|A7ZMW8_ECO24,Escherichia coli,Escherichia coli O139:H28 (strain E24377A / ETEC),Bacteria,1,0.1751441
tr|B7LGU3|B7LGU3_ECO55,Escherichia coli,Escherichia coli (strain 55989 / EAEC),Bacteria,1,0.16903546
tr|Q1RDE2|Q1RDE2_ECOUT,Escherichia coli,Escherichia coli (strain UTI89 / UPEC),Bacteria,1,0.094553486
tr|A7ZKV4|A7ZKV4_ECO24,Escherichia coli,Escherichia coli O139:H28 (strain E24377A / ETEC),Bacteria,1,0.16903546
tr|B7MJQ0|B7MJQ0_ECO45,Escherichia coli,Escherichia coli O45:K1 (strain S88 / ExPEC),Bacteria,1,0.10047782
tr|B7MK80|B7MK80_ECO45,Escherichia coli,Escherichia coli O45:K1 (strain S88 / ExPEC),Bacteria,1,0.16296777
tr|A7ZRA0|A7ZRA0_ECO24,Escherichia coli,Escherichia coli O139:H28 (strain E24377A / ETEC),Bacteria,1,0.16966948
tr|F1CNK8|F1CNK8_ECOLX,Escherichia coli,Escherichia_coli,Bacteria,1,0.3593949
sp|P9WQ19|TRES_MYCTU,Mycobacterium tuberculosis,Mycobacterium tuberculosis (strain ATCC 25618 / H37Rv),Bacteria,1,0.03701064
sp|P9WQ18|TRES_MYCTO,Mycobacterium tuberculosis,Mycobacterium tuberculosis (strain CDC 1551 / Oshkosh),Bacteria,1,0.03701064
tr|A5TYK1|A5TYK1_MYCTA,Mycobacterium tuberculosis,Mycobacterium tuberculosis (strain ATCC 25177 / H37Ra),Bacteria,1,0.03701064
sp|I6Y2J4|LIPY_MYCTU,Mycobacterium tuberculosis,Mycobacterium tuberculosis (strain ATCC 25618 / H37Rv),Bacteria,1,0.47662896
sp|P9WQN3|FTSH_MYCTU,Mycobacterium tuberculosis,Mycobacterium tuberculosis (strain ATCC 25618 / H37Rv),Bacteria,1,0.046196904
sp|P9WHS3|RIP1_MYCTU,Mycobacterium tuberculosis,Mycobacterium tuberculosis (strain ATCC 25618 / H37Rv),Bacteria,1,0.045251384
sp|A5U8T5|FTSH_MYCTA,Mycobacterium tuberculosis,Mycobacterium tuberculosis (strain ATCC 25177 / H37Ra),Bacteria,1,0.046196904
sp|H8EW46|RIP1_MYCTE,Mycobacterium tuberculosis,Mycobacterium tuberculosis (strain ATCC 35801 / TMC 107 / Erdman),Bacteria,1,0.045251384
sp|P9WQN2|FTSH_MYCTO,Mycobacterium tuberculosis,Mycobacterium tuberculosis (strain CDC 1551 / Oshkosh),Bacteria,1,0.050141383
sp|P9WHS2|RIP1_MYCTO,Mycobacterium tuberculosis,Mycobacterium tuberculosis (strain CDC 1551 / Oshkosh),Bacteria,1,0.045251384
sp|P9WHS5|HTPX_MYCTU,Mycobacterium tuberculosis,Mycobacterium tuberculosis (strain ATCC 25618 / H37Rv),Bacteria,1,0.008443783
sp|P9WHT5|Y2782_MYCTU,Mycobacterium tuberculosis,Mycobacterium tuberculosis (strain ATCC 25618 / H37Rv),Bacteria,1,0.017460583
sp|A5TZU3|HTPX_MYCTA,Mycobacterium tuberculosis,Mycobacterium tuberculosis (strain ATCC 25177 / H37Ra),Bacteria,1,0.008443783
sp|P9WHS4|HTPX_MYCTO,Mycobacterium tuberculosis,Mycobacterium tuberculosis (strain CDC 1551 / Oshkosh),Bacteria,1,0.008443783
sp|P9WHT4|Y2782_MYCTO,Mycobacterium tuberculosis,Mycobacterium tuberculosis (strain CDC 1551 / Oshkosh),Bacteria,1,0.017453928
sp|O53896|PEPD_MYCTU,Mycobacterium tuberculosis,Mycobacterium tuberculosis (strain ATCC 25618 / H37Rv),Bacteria,1,0.07141199
sp|P9WHR7|LEXA_MYCTU,Mycobacterium tuberculosis,Mycobacterium tuberculosis (strain ATCC 25618 / H37Rv),Bacteria,1,0.017734548
sp|P9WHR3|HIP1_MYCTU,Mycobacterium tuberculosis,Mycobacterium tuberculosis (strain ATCC 25618 / H37Rv),Bacteria,1,0.02200468
sp|O05461|MYCP1_MYCTU,Mycobacterium tuberculosis,Mycobacterium tuberculosis (strain ATCC 25618 / H37Rv),Bacteria,1,0.38261035
sp|P9WHR2|HIP1_MYCTO,Mycobacterium tuberculosis,Mycobacterium tuberculosis (strain CDC 1551 / Oshkosh),Bacteria,1,0.02200468
sp|P9WHR9|Y3671_MYCTU,Mycobacterium tuberculosis,Mycobacterium tuberculosis (strain ATCC 25618 / H37Rv),Bacteria,1,0.07514688
sp|O06291|HTRA1_MYCTU,Mycobacterium tuberculosis,Mycobacterium tuberculosis (strain ATCC 25618 / H37Rv),Bacteria,1,0.055446234
sp|P9WPC3|CLPP2_MYCTU,Mycobacterium tuberculosis,Mycobacterium tuberculosis (strain ATCC 25618 / H37Rv),Bacteria,1,0.04093943
sp|P9WPC5|CLPP1_MYCTU,Mycobacterium tuberculosis,Mycobacterium tuberculosis (strain ATCC 25618 / H37Rv),Bacteria,1,0.04382573
sp|P9WKA0|LEP_MYCTO,Mycobacterium tuberculosis,Mycobacterium tuberculosis (strain CDC 1551 / Oshkosh),Bacteria,1,0.029524535
sp|A5U672|LEXA_MYCTA,Mycobacterium tuberculosis,Mycobacterium tuberculosis (strain ATCC 25177 / H37Ra),Bacteria,1,0.017734548
sp|P9WKA1|LEP_MYCTU,Mycobacterium tuberculosis,Mycobacterium tuberculosis (strain ATCC 25618 / H37Rv),Bacteria,1,0.029524535
sp|P9WPC2|CLPP2_MYCTO,Mycobacterium tuberculosis,Mycobacterium tuberculosis (strain CDC 1551 / Oshkosh),Bacteria,1,0.04093943
sp|P9WPC4|CLPP1_MYCTO,Mycobacterium tuberculosis,Mycobacterium tuberculosis (strain CDC 1551 / Oshkosh),Bacteria,1,0.04382573
sp|P9WHR6|LEXA_MYCTO,Mycobacterium tuberculosis,Mycobacterium tuberculosis (strain CDC 1551 / Oshkosh),Bacteria,1,0.017734548
sp|I6YC58|MYCP4_MYCTU,Mycobacterium tuberculosis,Mycobacterium tuberculosis (strain ATCC 25618 / H37Rv),Bacteria,1,0.043925676
sp|O53945|MYCP5_MYCTU,Mycobacterium tuberculosis,Mycobacterium tuberculosis (strain ATCC 25618 / H37Rv),Bacteria,1,0.43260118
sp|P9WHR8|Y3671_MYCTO,Mycobacterium tuberculosis,Mycobacterium tuberculosis (strain CDC 1551 / Oshkosh),Bacteria,1,0.07514688
sp|O05458|MYCP2_MYCTU,Mycobacterium tuberculosis,Mycobacterium tuberculosis (strain ATCC 25618 / H37Rv),Bacteria,1,0.33357406
sp|O53695|MYCP3_MYCTU,Mycobacterium tuberculosis,Mycobacterium tuberculosis (strain ATCC 25618 / H37Rv),Bacteria,1,0.059999004
tr|G7R1A6|G7R1A6_MYCTB,Mycobacterium tuberculosis,Mycobacterium tuberculosis variant bovis BCG str. Mexico,Bacteria,1,0.04382573
tr|A5U5F6|A5U5F6_MYCTA,Mycobacterium tuberculosis,Mycobacterium tuberculosis (strain ATCC 25177 / H37Ra),Bacteria,1,0.04093943
tr|A5U5F7|A5U5F7_MYCTA,Mycobacterium tuberculosis,Mycobacterium tuberculosis (strain ATCC 25177 / H37Ra),Bacteria,1,0.04382573
tr|A5U7L1|A5U7L1_MYCTA,Mycobacterium tuberculosis,Mycobacterium tuberculosis (strain ATCC 25177 / H37Ra),Bacteria,1,0.016213385
tr|O53340|O53340_MYCTU,Mycobacterium tuberculosis,Mycobacterium tuberculosis (strain ATCC 25618 / H37Rv),Bacteria,1,0.016213385
tr|Q7D5Y7|Q7D5Y7_MYCTO,Mycobacterium tuberculosis,Mycobacterium tuberculosis (strain CDC 1551 / Oshkosh),Bacteria,1,0.02236723
tr|A5U6Q8|A5U6Q8_MYCTA,Mycobacterium tuberculosis,Mycobacterium tuberculosis (strain ATCC 25177 / H37Ra),Bacteria,1,0.029524535
tr|E2IBS5|E2IBS5_MYCTX,Mycobacterium tuberculosis,Mycobacterium_tuberculosis,Bacteria,1,0.43541223
tr|Q8VKE4|Q8VKE4_MYCTO,Mycobacterium tuberculosis,Mycobacterium tuberculosis (strain CDC 1551 / Oshkosh),Bacteria,1,0.06755532
sp|P06278|AMY_BACLI,Bacillus licheniformis,Bacillus_licheniformis,Bacteria,1,0.10061417
tr|Q65FM9|Q65FM9_BACLD,Bacillus licheniformis,Bacillus licheniformis (strain ATCC 14580 / DSM 13 / JCM 2505 / CCUG 7422 / NBRC 12200 / NCIMB 9375 / NCTC 10341 / NRRL NRS-1264 / Gibson 46),Bacteria,1,0.42963317
tr|I3P686|I3P686_BACLI,Bacillus licheniformis,Bacillus_licheniformis,Bacteria,1,0.08722926
tr|Q208A7|Q208A7_BACLI,Bacillus licheniformis,Bacillus_licheniformis,Bacteria,1,0.10289598
tr|Q6GWE2|Q6GWE2_BACLI,Bacillus licheniformis,Bacillus_licheniformis,Bacteria,1,0.10061417
tr|Q1EM93|Q1EM93_BACLI,Bacillus licheniformis,Bacillus_licheniformis,Bacteria,1,0.09923412
tr|Q6SYB5|Q6SYB5_BACLI,Bacillus licheniformis,Bacillus_licheniformis,Bacteria,1,0.14954792
tr|A5A671|A5A671_BACLD,Bacillus licheniformis,Bacillus licheniformis (strain ATCC 14580 / DSM 13 / JCM 2505 / CCUG 7422 / NBRC 12200 / NCIMB 9375 / NCTC 10341 / NRRL NRS-1264 / Gibson 46),Bacteria,1,0.033691023
tr|Q1EM84|Q1EM84_BACLI,Bacillus licheniformis,Bacillus_licheniformis,Bacteria,1,0.033708822
tr|Q5QSM2|Q5QSM2_BACLI,Bacillus licheniformis,Bacillus_licheniformis,Bacteria,1,0.034418203
tr|Q65JI9|Q65JI9_BACLD,Bacillus licheniformis,Bacillus licheniformis (strain ATCC 14580 / DSM 13 / JCM 2505 / CCUG 7422 / NBRC 12200 / NCIMB 9375 / NCTC 10341 / NRRL NRS-1264 / Gibson 46),Bacteria,1,0.19049808
tr|Q7X4S4|Q7X4S4_BACLI,Bacillus licheniformis,Bacillus_licheniformis,Bacteria,1,0.22057156
tr|B2L2K1|B2L2K1_BACLI,Bacillus licheniformis,Bacillus_licheniformis,Bacteria,1,0.07934377
tr|Q9K5F4|Q9K5F4_BACLI,Bacillus licheniformis,Bacillus_licheniformis,Bacteria,1,0.11683211
sp|Q65H47|GPR_BACLD,Bacillus licheniformis,Bacillus licheniformis (strain ATCC 14580 / DSM 13 / JCM 2505 / CCUG 7422 / NBRC 12200 / NCIMB 9375 / NCTC 10341 / NRRL NRS-1264 / Gibson 46),Bacteria,1,0.08542212
sp|Q65JJ2|RASP_BACLD,Bacillus licheniformis,Bacillus licheniformis (strain ATCC 14580 / DSM 13 / JCM 2505 / CCUG 7422 / NBRC 12200 / NCIMB 9375 / NCTC 10341 / NRRL NRS-1264 / Gibson 46),Bacteria,1,0.13437513
sp|Q65KL0|HTPX_BACLD,Bacillus licheniformis,Bacillus licheniformis (strain ATCC 14580 / DSM 13 / JCM 2505 / CCUG 7422 / NBRC 12200 / NCIMB 9375 / NCTC 10341 / NRRL NRS-1264 / Gibson 46),Bacteria,1,0.1351551
tr|Q65PF2|Q65PF2_BACLD,Bacillus licheniformis,Bacillus licheniformis (strain ATCC 14580 / DSM 13 / JCM 2505 / CCUG 7422 / NBRC 12200 / NCIMB 9375 / NCTC 10341 / NRRL NRS-1264 / Gibson 46),Bacteria,1,0.09770952
tr|Q65NS9|Q65NS9_BACLD,Bacillus licheniformis,Bacillus licheniformis (strain ATCC 14580 / DSM 13 / JCM 2505 / CCUG 7422 / NBRC 12200 / NCIMB 9375 / NCTC 10341 / NRRL NRS-1264 / Gibson 46),Bacteria,1,0.15754683
tr|Q65LB0|Q65LB0_BACLD,Bacillus licheniformis,Bacillus licheniformis (strain ATCC 14580 / DSM 13 / JCM 2505 / CCUG 7422 / NBRC 12200 / NCIMB 9375 / NCTC 10341 / NRRL NRS-1264 / Gibson 46),Bacteria,1,0.20736264
tr|P70922|P70922_BACLI,Bacillus licheniformis,Bacillus_licheniformis,Bacteria,1,0.15540859
sp|P00780|SUBC_BACLI,Bacillus licheniformis,Bacillus_licheniformis,Bacteria,1,0.048238143
sp|P00781|SUBD_BACLI,Bacillus licheniformis,Bacillus_licheniformis,Bacteria,1,0.06235093
sp|P80057|GSEP_BACLD,Bacillus licheniformis,Bacillus licheniformis (strain ATCC 14580 / DSM 13 / JCM 2505 / CCUG 7422 / NBRC 12200 / NCIMB 9375 / NCTC 10341 / NRRL NRS-1264 / Gibson 46),Bacteria,1,0.25982836
sp|P42668|LEP_BACLI,Bacillus licheniformis,Bacillus_licheniformis,Bacteria,1,0.04003068
sp|Q65E10|CLPP2_BACLD,Bacillus licheniformis,Bacillus licheniformis (strain ATCC 14580 / DSM 13 / JCM 2505 / CCUG 7422 / NBRC 12200 / NCIMB 9375 / NCTC 10341 / NRRL NRS-1264 / Gibson 46),Bacteria,1,0.106890336
sp|Q65EI5|CLPP1_BACLD,Bacillus licheniformis,Bacillus licheniformis (strain ATCC 14580 / DSM 13 / JCM 2505 / CCUG 7422 / NBRC 12200 / NCIMB 9375 / NCTC 10341 / NRRL NRS-1264 / Gibson 46),Bacteria,1,0.06932185
sp|Q65J42|LEXA_BACLD,Bacillus licheniformis,Bacillus licheniformis (strain ATCC 14580 / DSM 13 / JCM 2505 / CCUG 7422 / NBRC 12200 / NCIMB 9375 / NCTC 10341 / NRRL NRS-1264 / Gibson 46),Bacteria,1,0.08071616
sp|Q65JN4|CLPQ_BACLD,Bacillus licheniformis,Bacillus licheniformis (strain ATCC 14580 / DSM 13 / JCM 2505 / CCUG 7422 / NBRC 12200 / NCIMB 9375 / NCTC 10341 / NRRL NRS-1264 / Gibson 46),Bacteria,1,0.07966144
tr|Q65GJ6|Q65GJ6_BACLD,Bacillus licheniformis,Bacillus licheniformis (strain ATCC 14580 / DSM 13 / JCM 2505 / CCUG 7422 / NBRC 12200 / NCIMB 9375 / NCTC 10341 / NRRL NRS-1264 / Gibson 46),Bacteria,1,0.13283701
tr|Q65K62|Q65K62_BACLD,Bacillus licheniformis,Bacillus licheniformis (strain ATCC 14580 / DSM 13 / JCM 2505 / CCUG 7422 / NBRC 12200 / NCIMB 9375 / NCTC 10341 / NRRL NRS-1264 / Gibson 46),Bacteria,1,0.04003068
tr|Q65ED3|Q65ED3_BACLD,Bacillus licheniformis,Bacillus licheniformis (strain ATCC 14580 / DSM 13 / JCM 2505 / CCUG 7422 / NBRC 12200 / NCIMB 9375 / NCTC 10341 / NRRL NRS-1264 / Gibson 46),Bacteria,1,0.076559074
tr|Q65GJ5|Q65GJ5_BACLD,Bacillus licheniformis,Bacillus licheniformis (strain ATCC 14580 / DSM 13 / JCM 2505 / CCUG 7422 / NBRC 12200 / NCIMB 9375 / NCTC 10341 / NRRL NRS-1264 / Gibson 46),Bacteria,1,0.11842074
tr|Q65IF3|Q65IF3_BACLD,Bacillus licheniformis,Bacillus licheniformis (strain ATCC 14580 / DSM 13 / JCM 2505 / CCUG 7422 / NBRC 12200 / NCIMB 9375 / NCTC 10341 / NRRL NRS-1264 / Gibson 46),Bacteria,1,0.07387051
tr|Q65JZ7|Q65JZ7_BACLD,Bacillus licheniformis,Bacillus licheniformis (strain ATCC 14580 / DSM 13 / JCM 2505 / CCUG 7422 / NBRC 12200 / NCIMB 9375 / NCTC 10341 / NRRL NRS-1264 / Gibson 46),Bacteria,1,0.085851766
tr|Q65LN4|Q65LN4_BACLD,Bacillus licheniformis,Bacillus licheniformis (strain ATCC 14580 / DSM 13 / JCM 2505 / CCUG 7422 / NBRC 12200 / NCIMB 9375 / NCTC 10341 / NRRL NRS-1264 / Gibson 46),Bacteria,1,0.12005754
tr|Q65MV1|Q65MV1_BACLD,Bacillus licheniformis,Bacillus licheniformis (strain ATCC 14580 / DSM 13 / JCM 2505 / CCUG 7422 / NBRC 12200 / NCIMB 9375 / NCTC 10341 / NRRL NRS-1264 / Gibson 46),Bacteria,1,0.10359109
tr|Q9F942|Q9F942_BACLI,Bacillus licheniformis,Bacillus_licheniformis,Bacteria,1,0.05433737
tr|G4Y092|G4Y092_BACLI,Bacillus licheniformis,Bacillus_licheniformis,Bacteria,1,0.048254028
tr|Q5ZGX2|Q5ZGX2_BACLI,Bacillus licheniformis,Bacillus_licheniformis,Bacteria,1,0.3324007
tr|Q9F941|Q9F941_BACLI,Bacillus licheniformis,Bacillus_licheniformis,Bacteria,1,0.05052004
tr|A0A3G1GM32|A0A3G1GM32_BACLI,Bacillus licheniformis,Bacillus_licheniformis,Bacteria,1,0.46918654
tr|Q1EM73|Q1EM73_BACLI,Bacillus licheniformis,Bacillus_licheniformis,Bacteria,1,0.25982836
tr|Q65HF2|Q65HF2_BACLD,Bacillus licheniformis,Bacillus licheniformis (strain ATCC 14580 / DSM 13 / JCM 2505 / CCUG 7422 / NBRC 12200 / NCIMB 9375 / NCTC 10341 / NRRL NRS-1264 / Gibson 46),Bacteria,1,0.08080758
tr|Q5K2M2|Q5K2M2_BACLI,Bacillus licheniformis,Bacillus_licheniformis,Bacteria,1,0.2598763
sp|P00691|AMY_BACSU,Bacillus subtilis,Bacillus subtilis (strain 168),Bacteria,1,0.54529965
tr|Q45516|Q45516_BACIU,Bacillus subtilis,Bacillus_subtilis,Bacteria,1,0.40302444
tr|B8Y1H0|B8Y1H0_BACIU,Bacillus subtilis,Bacillus_subtilis,Bacteria,1,0.30958363
tr|O82953|O82953_BACIU,Bacillus subtilis,Bacillus_subtilis,Bacteria,1,0.5212918
tr|Q45520|Q45520_BACIU,Bacillus subtilis,Bacillus_subtilis,Bacteria,1,0.30328137
tr|Q9R9H7|Q9R9H7_BACIU,Bacillus subtilis,Bacillus_subtilis,Bacteria,1,0.44398817
tr|A8VWC5|A8VWC5_BACIU,Bacillus subtilis,Bacillus_subtilis,Bacteria,1,0.30491585
tr|I1W750|I1W750_BACIU,Bacillus subtilis,Bacillus_subtilis,Bacteria,1,0.5079224
tr|J9QPI9|J9QPI9_BACIU,Bacillus subtilis,Bacillus_subtilis,Bacteria,1,0.51811296
tr|A0A0P0YKS0|A0A0P0YKS0_BACIU,Bacillus subtilis,Bacillus_subtilis,Bacteria,1,0.45265943
tr|H9B4I9|H9B4I9_BACIU,Bacillus subtilis,Bacillus_subtilis,Bacteria,1,0.1146419
sp|P10475|GUN2_BACSU,Bacillus subtilis,Bacillus subtilis (strain 168),Bacteria,1,0.0843459
sp|P07983|GUN1_BACIU,Bacillus subtilis,Bacillus_subtilis,Bacteria,1,0.060294185
sp|P23549|GUN3_BACIU,Bacillus subtilis,Bacillus_subtilis,Bacteria,1,0.08576218
tr|A0A2L1GIW1|A0A2L1GIW1_BACIU,Bacillus subtilis,Bacillus_subtilis,Bacteria,1,0.13617823
tr|C5I946|C5I946_BACIU,Bacillus subtilis,Bacillus_subtilis,Bacteria,1,0.08467206
tr|B7UAM4|B7UAM4_BACIU,Bacillus subtilis,Bacillus_subtilis,Bacteria,1,0.07991127
tr|Q6YK34|Q6YK34_BACIU,Bacillus subtilis,Bacillus_subtilis,Bacteria,1,0.08425895
tr|B6DVJ2|B6DVJ2_BACIU,Bacillus subtilis,Bacillus_subtilis,Bacteria,1,0.087691054
tr|B6V3I2|B6V3I2_BACIU,Bacillus subtilis,Bacillus_subtilis,Bacteria,1,0.0898773
tr|Q45532|Q45532_BACIU,Bacillus subtilis,Bacillus_subtilis,Bacteria,1,0.06969383
tr|A0A2L1GIY9|A0A2L1GIY9_BACIU,Bacillus subtilis,Bacillus_subtilis,Bacteria,1,0.0828966
tr|A8D0T0|A8D0T0_BACIU,Bacillus subtilis,Bacillus_subtilis,Bacteria,1,0.084173955
tr|E3UQM6|E3UQM6_BACIU,Bacillus subtilis,Bacillus_subtilis,Bacteria,1,0.08401429
tr|Q45T78|Q45T78_BACIU,Bacillus subtilis,Bacillus_subtilis,Bacteria,1,0.06185598
tr|U3RAX4|U3RAX4_BACIU,Bacillus subtilis,Bacillus_subtilis,Bacteria,1,0.07493935
sp|P37957|ESTA_BACSU,Bacillus subtilis,Bacillus subtilis (strain 168),Bacteria,1,0.10207406
sp|Q79F14|ESTB_BACSU,Bacillus subtilis,Bacillus subtilis (strain 168),Bacteria,1,0.12147739
sp|P37476|FTSH_BACSU,Bacillus subtilis,Bacillus subtilis (strain 168),Bacteria,1,0.111935884
sp|P39899|NPRB_BACSU,Bacillus subtilis,Bacillus subtilis (strain 168),Bacteria,1,0.16330716
sp|P22322|GPR_BACSU,Bacillus subtilis,Bacillus subtilis (strain 168),Bacteria,1,0.109723866
sp|O31754|RASP_BACSU,Bacillus subtilis,Bacillus subtilis (strain 168),Bacteria,1,0.12270537
sp|P26937|SP4FB_BACSU,Bacillus subtilis,Bacillus subtilis (strain 168),Bacteria,1,0.16970317
sp|P68735|NPRE_BACSA,Bacillus subtilis,Bacillus subtilis subsp. amylosacchariticus,Bacteria,1,0.05424537
sp|P68736|NPRE_BACSU,Bacillus subtilis,Bacillus subtilis (strain 168),Bacteria,1,0.05424537
sp|P71006|ALBF_BACSU,Bacillus subtilis,Bacillus subtilis (strain 168),Bacteria,1,0.3912683
sp|O31605|PEPF_BACSU,Bacillus subtilis,Bacillus subtilis (strain 168),Bacteria,1,0.102010116
sp|O31657|HTPX_BACSU,Bacillus subtilis,Bacillus subtilis (strain 168),Bacteria,1,0.49573123
sp|O05248|YUGP_BACSU,Bacillus subtilis,Bacillus subtilis (strain 168),Bacteria,1,0.11622378
sp|O31766|YMFH_BACSU,Bacillus subtilis,Bacillus subtilis (strain 168),Bacteria,1,0.2928956
sp|P70995|YWHC_BACSU,Bacillus subtilis,Bacillus subtilis (strain 168),Bacteria,1,0.18823685
sp|P94362|YXKI_BACSU,Bacillus subtilis,Bacillus subtilis (strain 168),Bacteria,1,0.17156011
sp|P40769|YHFN_BACSU,Bacillus subtilis,Bacillus subtilis (strain 168),Bacteria,1,0.28516218
sp|Q04805|YMXG_BACSU,Bacillus subtilis,Bacillus subtilis (strain 168),Bacteria,1,0.1090258
sp|Q8RKH2|ALBF_BACIU,Bacillus subtilis,Bacillus_subtilis,Bacteria,1,0.3555286
tr|A7BJC1|A7BJC1_BACNA,Bacillus subtilis,Bacillus subtilis subsp. natto,Bacteria,1,0.05884309
sp|P17896|SP4B_BACSU,Bacillus subtilis,Bacillus subtilis (strain 168),Bacteria,1,0.087191366
sp|P28628|LEPS_BACSU,Bacillus subtilis,Bacillus subtilis (strain 168),Bacteria,1,0.08199807
sp|P04189|SUBT_BACSU,Bacillus subtilis,Bacillus subtilis (strain 168),Bacteria,1,0.36679098
sp|P31080|LEXA_BACSU,Bacillus subtilis,Bacillus subtilis (strain 168),Bacteria,1,0.061782606
sp|P39134|PRKA_BACSU,Bacillus subtilis,Bacillus subtilis (strain 168),Bacteria,1,0.173375
sp|P80244|CLPP_BACSU,Bacillus subtilis,Bacillus subtilis (strain 168),Bacteria,1,0.047039814
sp|P37945|LON1_BACSU,Bacillus subtilis,Bacillus subtilis (strain 168),Bacteria,1,0.15403835
sp|O35002|CTPB_BACSU,Bacillus subtilis,Bacillus subtilis (strain 168),Bacteria,1,0.09563278
sp|P54493|GLUP_BACSU,Bacillus subtilis,Bacillus subtilis (strain 168),Bacteria,1,0.1499138
sp|O34525|SPPA_BACSU,Bacillus subtilis,Bacillus subtilis (strain 168),Bacteria,1,0.23326327
sp|P29141|SUBV_BACSU,Bacillus subtilis,Bacillus subtilis (strain 168),Bacteria,1,0.0909619
sp|P16396|SUBE_BACSU,Bacillus subtilis,Bacillus subtilis (strain 168),Bacteria,1,0.09925425
sp|P54423|WPRA_BACSU,Bacillus subtilis,Bacillus subtilis (strain 168),Bacteria,1,0.08838546
sp|P39070|CLPQ_BACSU,Bacillus subtilis,Bacillus subtilis (strain 168),Bacteria,1,0.10052224
sp|P35835|SUBN_BACNA,Bacillus subtilis,Bacillus subtilis subsp. natto,Bacteria,1,0.36271572
sp|O34358|HTRA_BACSU,Bacillus subtilis,Bacillus subtilis (strain 168),Bacteria,1,0.09896237
sp|P54506|LEPW_BACSU,Bacillus subtilis,Bacillus subtilis (strain 168),Bacteria,1,0.08222507
sp|Q9R9I1|HTRB_BACSU,Bacillus subtilis,Bacillus subtilis (strain 168),Bacteria,1,0.080092795
sp|O31788|APRX_BACSU,Bacillus subtilis,Bacillus subtilis (strain 168),Bacteria,1,0.17505209
sp|O34666|CTPA_BACSU,Bacillus subtilis,Bacillus subtilis (strain 168),Bacteria,1,0.0877882
sp|P42959|LEPU_BACSU,Bacillus subtilis,Bacillus subtilis (strain 168),Bacteria,1,0.09561986
sp|P71013|LEPT_BACSU,Bacillus subtilis,Bacillus subtilis (strain 168),Bacteria,1,0.04275695
sp|O07560|LEPV_BACSU,Bacillus subtilis,Bacillus subtilis (strain 168),Bacteria,1,0.081317335
sp|P42425|LON2_BACSU,Bacillus subtilis,Bacillus subtilis (strain 168),Bacteria,1,0.14083762
sp|P16397|SUBF_BACSU,Bacillus subtilis,Bacillus subtilis (strain 168),Bacteria,1,0.07183955
sp|P39790|MPR_BACSU,Bacillus subtilis,Bacillus subtilis (strain 168),Bacteria,1,0.34693396
sp|P11018|ISP1_BACSU,Bacillus subtilis,Bacillus subtilis (strain 168),Bacteria,1,0.092106566
sp|P37943|LEPP_BACNA,Bacillus subtilis,Bacillus subtilis subsp. natto,Bacteria,1,0.065859094
sp|Q57350|LEPQ_BACNA,Bacillus subtilis,Bacillus subtilis subsp. natto,Bacteria,1,0.09217973
sp|P00783|SUBT_BACSA,Bacillus subtilis,Bacillus subtilis subsp. amylosacchariticus,Bacteria,1,0.36531797
sp|P39668|YYXA_BACSU,Bacillus subtilis,Bacillus subtilis (strain 168),Bacteria,1,0.18803394
sp|P71089|YGAJ_BACSU,Bacillus subtilis,Bacillus subtilis (strain 168),Bacteria,1,0.23452887
sp|P96617|YDCA_BACSU,Bacillus subtilis,Bacillus subtilis (strain 168),Bacteria,1,0.2448362
sp|P39839|YUXL_BACSU,Bacillus subtilis,Bacillus subtilis (strain 168),Bacteria,1,0.52096695
sp|O34493|YTMA_BACSU,Bacillus subtilis,Bacillus subtilis (strain 168),Bacteria,1,0.10029972
tr|B6VFQ8|B6VFQ8_BACIU,Bacillus subtilis,Bacillus_subtilis,Bacteria,1,0.052098934
tr|E3WEB7|E3WEB7_BACIU,Bacillus subtilis,Bacillus_subtilis,Bacteria,1,0.006061088
tr|Q84F18|Q84F18_BACIU,Bacillus subtilis,Bacillus_subtilis,Bacteria,1,0.3788919
tr|Q93L66|Q93L66_BACIU,Bacillus subtilis,Bacillus_subtilis,Bacteria,1,0.08083015
tr|A0A3G9HGV7|A0A3G9HGV7_BACIU,Bacillus subtilis,Bacillus_subtilis,Bacteria,1,0.39007977
tr|Q847A2|Q847A2_BACIU,Bacillus subtilis,Bacillus_subtilis,Bacteria,1,0.39473215
tr|G9HTG9|G9HTG9_BACIU,Bacillus subtilis,Bacillus_subtilis,Bacteria,1,0.35742143
tr|Q45681|Q45681_BACIU,Bacillus subtilis,Bacillus_subtilis,Bacteria,1,0.14152934
sp|P00692|AMY_BACAM,Bacillus amyloliquefaciens,Bacillus_amyloliquefaciens,Bacteria,1,0.25744703
tr|A0A9P1JJK7|A0A9P1JJK7_BACAS,Bacillus amyloliquefaciens,Bacillus amyloliquefaciens (strain ATCC 23350 / DSM 7 / BCRC 11601 / CCUG 28519 / NBRC 15535 / NRRL B-14393 / F),Bacteria,1,0.28824633
tr|A0A650G1I5|A0A650G1I5_BACAM,Bacillus amyloliquefaciens,Bacillus_amyloliquefaciens,Bacteria,1,0.25744703
tr|A0A9P1JHB6|A0A9P1JHB6_BACAS,Bacillus amyloliquefaciens,Bacillus amyloliquefaciens (strain ATCC 23350 / DSM 7 / BCRC 11601 / CCUG 28519 / NBRC 15535 / NRRL B-14393 / F),Bacteria,1,0.25744703
tr|Q7M0X2|Q7M0X2_BACAM,Bacillus amyloliquefaciens,Bacillus_amyloliquefaciens,Bacteria,1,0.41898867
tr|Q70K05|Q70K05_BACAM,Bacillus amyloliquefaciens,Bacillus_amyloliquefaciens,Bacteria,1,0.019748788
tr|A0A9P1JJ42|A0A9P1JJ42_BACAS,Bacillus amyloliquefaciens,Bacillus amyloliquefaciens (strain ATCC 23350 / DSM 7 / BCRC 11601 / CCUG 28519 / NBRC 15535 / NRRL B-14393 / F),Bacteria,1,0.119857326
tr|A0A9P1JDP3|A0A9P1JDP3_BACAS,Bacillus amyloliquefaciens,Bacillus amyloliquefaciens (strain ATCC 23350 / DSM 7 / BCRC 11601 / CCUG 28519 / NBRC 15535 / NRRL B-14393 / F),Bacteria,1,0.09738437
tr|A0A9P1JEA6|A0A9P1JEA6_BACAS,Bacillus amyloliquefaciens,Bacillus amyloliquefaciens (strain ATCC 23350 / DSM 7 / BCRC 11601 / CCUG 28519 / NBRC 15535 / NRRL B-14393 / F),Bacteria,1,0.104031734
tr|A0A9P1JE52|A0A9P1JE52_BACAS,Bacillus amyloliquefaciens,Bacillus amyloliquefaciens (strain ATCC 23350 / DSM 7 / BCRC 11601 / CCUG 28519 / NBRC 15535 / NRRL B-14393 / F),Bacteria,1,0.12213323
sp|P06832|NPRE_BACAM,Bacillus amyloliquefaciens,Bacillus_amyloliquefaciens,Bacteria,1,0.057031393
tr|A0A9P1JIE9|A0A9P1JIE9_BACAS,Bacillus amyloliquefaciens,Bacillus amyloliquefaciens (strain ATCC 23350 / DSM 7 / BCRC 11601 / CCUG 28519 / NBRC 15535 / NRRL B-14393 / F),Bacteria,1,0.091351666
tr|A0A9P1JE45|A0A9P1JE45_BACAS,Bacillus amyloliquefaciens,Bacillus amyloliquefaciens (strain ATCC 23350 / DSM 7 / BCRC 11601 / CCUG 28519 / NBRC 15535 / NRRL B-14393 / F),Bacteria,1,0.09603977
tr|A0A0K6KXN2|A0A0K6KXN2_BACAM,Bacillus amyloliquefaciens,Bacillus_amyloliquefaciens,Bacteria,1,0.057071976
tr|A0A9P1JFW3|A0A9P1JFW3_BACAS,Bacillus amyloliquefaciens,Bacillus amyloliquefaciens (strain ATCC 23350 / DSM 7 / BCRC 11601 / CCUG 28519 / NBRC 15535 / NRRL B-14393 / F),Bacteria,1,0.12184511
tr|A0A9P1JGC2|A0A9P1JGC2_BACAS,Bacillus amyloliquefaciens,Bacillus amyloliquefaciens (strain ATCC 23350 / DSM 7 / BCRC 11601 / CCUG 28519 / NBRC 15535 / NRRL B-14393 / F),Bacteria,1,0.086730756
tr|A0A9P1JGZ9|A0A9P1JGZ9_BACAS,Bacillus amyloliquefaciens,Bacillus amyloliquefaciens (strain ATCC 23350 / DSM 7 / BCRC 11601 / CCUG 28519 / NBRC 15535 / NRRL B-14393 / F),Bacteria,1,0.060899332
tr|A0A9P1JIR8|A0A9P1JIR8_BACAS,Bacillus amyloliquefaciens,Bacillus amyloliquefaciens (strain ATCC 23350 / DSM 7 / BCRC 11601 / CCUG 28519 / NBRC 15535 / NRRL B-14393 / F),Bacteria,1,0.22084367
tr|Q71E77|Q71E77_BACAM,Bacillus amyloliquefaciens,Bacillus_amyloliquefaciens,Bacteria,1,0.123305455
tr|A0A9P1JH12|A0A9P1JH12_BACAS,Bacillus amyloliquefaciens,Bacillus amyloliquefaciens (strain ATCC 23350 / DSM 7 / BCRC 11601 / CCUG 28519 / NBRC 15535 / NRRL B-14393 / F),Bacteria,1,0.09515346
tr|A0A9P1NH00|A0A9P1NH00_BACAS,Bacillus amyloliquefaciens,Bacillus amyloliquefaciens (strain ATCC 23350 / DSM 7 / BCRC 11601 / CCUG 28519 / NBRC 15535 / NRRL B-14393 / F),Bacteria,1,0.09462138
tr|A0A9P1JK25|A0A9P1JK25_BACAS,Bacillus amyloliquefaciens,Bacillus amyloliquefaciens (strain ATCC 23350 / DSM 7 / BCRC 11601 / CCUG 28519 / NBRC 15535 / NRRL B-14393 / F),Bacteria,1,0.12524578
tr|A0A9P1JH30|A0A9P1JH30_BACAS,Bacillus amyloliquefaciens,Bacillus amyloliquefaciens (strain ATCC 23350 / DSM 7 / BCRC 11601 / CCUG 28519 / NBRC 15535 / NRRL B-14393 / F),Bacteria,1,0.15601884
tr|A0A9P1JH23|A0A9P1JH23_BACAS,Bacillus amyloliquefaciens,Bacillus amyloliquefaciens (strain ATCC 23350 / DSM 7 / BCRC 11601 / CCUG 28519 / NBRC 15535 / NRRL B-14393 / F),Bacteria,1,0.099818185
tr|A0A9P1NJC8|A0A9P1NJC8_BACAS,Bacillus amyloliquefaciens,Bacillus amyloliquefaciens (strain ATCC 23350 / DSM 7 / BCRC 11601 / CCUG 28519 / NBRC 15535 / NRRL B-14393 / F),Bacteria,1,0.094140954
sp|P00782|SUBT_BACAM,Bacillus amyloliquefaciens,Bacillus_amyloliquefaciens,Bacteria,1,0.022290953
sp|P41025|LEP2_BACAM,Bacillus amyloliquefaciens,Bacillus_amyloliquefaciens,Bacteria,1,0.05296114
sp|P41026|LEP1_BACAM,Bacillus amyloliquefaciens,Bacillus_amyloliquefaciens,Bacteria,1,0.075631216
tr|A0A9P1NHM4|A0A9P1NHM4_BACAS,Bacillus amyloliquefaciens,Bacillus amyloliquefaciens (strain ATCC 23350 / DSM 7 / BCRC 11601 / CCUG 28519 / NBRC 15535 / NRRL B-14393 / F),Bacteria,1,0.32767448
tr|A0A9P1JIZ3|A0A9P1JIZ3_BACAS,Bacillus amyloliquefaciens,Bacillus amyloliquefaciens (strain ATCC 23350 / DSM 7 / BCRC 11601 / CCUG 28519 / NBRC 15535 / NRRL B-14393 / F),Bacteria,1,0.13481739
tr|A0A9P1JK23|A0A9P1JK23_BACAS,Bacillus amyloliquefaciens,Bacillus amyloliquefaciens (strain ATCC 23350 / DSM 7 / BCRC 11601 / CCUG 28519 / NBRC 15535 / NRRL B-14393 / F),Bacteria,1,0.031465054
tr|A0A9P1JGM5|A0A9P1JGM5_BACAS,Bacillus amyloliquefaciens,Bacillus amyloliquefaciens (strain ATCC 23350 / DSM 7 / BCRC 11601 / CCUG 28519 / NBRC 15535 / NRRL B-14393 / F),Bacteria,1,0.061938237
tr|A0A9P1JIR4|A0A9P1JIR4_BACAS,Bacillus amyloliquefaciens,Bacillus amyloliquefaciens (strain ATCC 23350 / DSM 7 / BCRC 11601 / CCUG 28519 / NBRC 15535 / NRRL B-14393 / F),Bacteria,1,0.11094155
tr|Q45GC8|Q45GC8_BACAM,Bacillus amyloliquefaciens,Bacillus_amyloliquefaciens,Bacteria,1,0.017667778
tr|A0A9P1JK75|A0A9P1JK75_BACAS,Bacillus amyloliquefaciens,Bacillus amyloliquefaciens (strain ATCC 23350 / DSM 7 / BCRC 11601 / CCUG 28519 / NBRC 15535 / NRRL B-14393 / F),Bacteria,1,0.11099948
tr|A0A9P1JH35|A0A9P1JH35_BACAS,Bacillus amyloliquefaciens,Bacillus amyloliquefaciens (strain ATCC 23350 / DSM 7 / BCRC 11601 / CCUG 28519 / NBRC 15535 / NRRL B-14393 / F),Bacteria,1,0.05296114
tr|A0A9P1JHN3|A0A9P1JHN3_BACAS,Bacillus amyloliquefaciens,Bacillus amyloliquefaciens (strain ATCC 23350 / DSM 7 / BCRC 11601 / CCUG 28519 / NBRC 15535 / NRRL B-14393 / F),Bacteria,1,0.08580969
tr|D2E0V2|D2E0V2_BACAM,Bacillus amyloliquefaciens,Bacillus_amyloliquefaciens,Bacteria,1,0.017667778
tr|A0A9P1JG13|A0A9P1JG13_BACAS,Bacillus amyloliquefaciens,Bacillus amyloliquefaciens (strain ATCC 23350 / DSM 7 / BCRC 11601 / CCUG 28519 / NBRC 15535 / NRRL B-14393 / F),Bacteria,1,0.022290953
tr|B9U225|B9U225_BACAM,Bacillus amyloliquefaciens,Bacillus_amyloliquefaciens,Bacteria,1,0.017600343
tr|A0A9P1JGG6|A0A9P1JGG6_BACAS,Bacillus amyloliquefaciens,Bacillus amyloliquefaciens (strain ATCC 23350 / DSM 7 / BCRC 11601 / CCUG 28519 / NBRC 15535 / NRRL B-14393 / F),Bacteria,1,0.08377947
tr|A0A9P1JI14|A0A9P1JI14_BACAS,Bacillus amyloliquefaciens,Bacillus amyloliquefaciens (strain ATCC 23350 / DSM 7 / BCRC 11601 / CCUG 28519 / NBRC 15535 / NRRL B-14393 / F),Bacteria,1,0.075631216
tr|D4PBI3|D4PBI3_BACAM,Bacillus amyloliquefaciens,Bacillus_amyloliquefaciens,Bacteria,1,0.022290953
tr|E5LCP0|E5LCP0_BACAM,Bacillus amyloliquefaciens,Bacillus_amyloliquefaciens,Bacteria,1,0.018876346
tr|Q9RQQ8|Q9RQQ8_BACAM,Bacillus amyloliquefaciens,Bacillus_amyloliquefaciens,Bacteria,1,0.084832765
tr|A0A9P1NGL4|A0A9P1NGL4_BACAS,Bacillus amyloliquefaciens,Bacillus amyloliquefaciens (strain ATCC 23350 / DSM 7 / BCRC 11601 / CCUG 28519 / NBRC 15535 / NRRL B-14393 / F),Bacteria,1,0.13641827
tr|A0A9P1NI49|A0A9P1NI49_BACAS,Bacillus amyloliquefaciens,Bacillus amyloliquefaciens (strain ATCC 23350 / DSM 7 / BCRC 11601 / CCUG 28519 / NBRC 15535 / NRRL B-14393 / F),Bacteria,1,0.08413847
tr|A0A9P1NJ58|A0A9P1NJ58_BACAS,Bacillus amyloliquefaciens,Bacillus amyloliquefaciens (strain ATCC 23350 / DSM 7 / BCRC 11601 / CCUG 28519 / NBRC 15535 / NRRL B-14393 / F),Bacteria,1,0.0897291
tr|A0A9P1JKW9|A0A9P1JKW9_BACAS,Bacillus amyloliquefaciens,Bacillus amyloliquefaciens (strain ATCC 23350 / DSM 7 / BCRC 11601 / CCUG 28519 / NBRC 15535 / NRRL B-14393 / F),Bacteria,1,0.09424406
tr|D6Q0R1|D6Q0R1_BACAM,Bacillus amyloliquefaciens,Bacillus_amyloliquefaciens,Bacteria,1,0.07292635
tr|Q9RQQ6|Q9RQQ6_BACAM,Bacillus amyloliquefaciens,Bacillus_amyloliquefaciens,Bacteria,1,0.08413847
tr|A0A9P1JF80|A0A9P1JF80_BACAS,Bacillus amyloliquefaciens,Bacillus amyloliquefaciens (strain ATCC 23350 / DSM 7 / BCRC 11601 / CCUG 28519 / NBRC 15535 / NRRL B-14393 / F),Bacteria,1,0.092519216
tr|A0A9P1JFP3|A0A9P1JFP3_BACAS,Bacillus amyloliquefaciens,Bacillus amyloliquefaciens (strain ATCC 23350 / DSM 7 / BCRC 11601 / CCUG 28519 / NBRC 15535 / NRRL B-14393 / F),Bacteria,1,0.08305956
tr|A0A9P1NHD4|A0A9P1NHD4_BACAS,Bacillus amyloliquefaciens,Bacillus amyloliquefaciens (strain ATCC 23350 / DSM 7 / BCRC 11601 / CCUG 28519 / NBRC 15535 / NRRL B-14393 / F),Bacteria,1,0.06360374
tr|A0A9P1NHF4|A0A9P1NHF4_BACAS,Bacillus amyloliquefaciens,Bacillus amyloliquefaciens (strain ATCC 23350 / DSM 7 / BCRC 11601 / CCUG 28519 / NBRC 15535 / NRRL B-14393 / F),Bacteria,1,0.100208774
tr|A0A9P1NIS1|A0A9P1NIS1_BACAS,Bacillus amyloliquefaciens,Bacillus amyloliquefaciens (strain ATCC 23350 / DSM 7 / BCRC 11601 / CCUG 28519 / NBRC 15535 / NRRL B-14393 / F),Bacteria,1,0.14367284
tr|A0A9P1NIQ9|A0A9P1NIQ9_BACAS,Bacillus amyloliquefaciens,Bacillus amyloliquefaciens (strain ATCC 23350 / DSM 7 / BCRC 11601 / CCUG 28519 / NBRC 15535 / NRRL B-14393 / F),Bacteria,1,0.063638106
tr|A0A9P1NK46|A0A9P1NK46_BACAS,Bacillus amyloliquefaciens,Bacillus amyloliquefaciens (strain ATCC 23350 / DSM 7 / BCRC 11601 / CCUG 28519 / NBRC 15535 / NRRL B-14393 / F),Bacteria,1,0.13284083
sp|P56271|AMYA_ASPNG,Aspergillus niger,Aspergillus_niger,Fungi,1,0.40339255
tr|A0A165CYJ5|A0A165CYJ5_ASPNG,Aspergillus niger,Aspergillus_niger,Fungi,1,0.09993926
tr|A8W8Z4|A8W8Z4_ASPNG,Aspergillus niger,Aspergillus_niger,Fungi,1,0.40437478
tr|A2QL05|A2QL05_ASPNC,Aspergillus niger,Aspergillus niger (strain ATCC MYA-4892 / CBS 513.88 / FGSC A1513),Fungi,1,0.34036654
tr|A2QJF8|A2QJF8_ASPNC,Aspergillus niger,Aspergillus niger (strain ATCC MYA-4892 / CBS 513.88 / FGSC A1513),Fungi,1,0.30675206
tr|A2R6F9|A2R6F9_ASPNC,Aspergillus niger,Aspergillus niger (strain ATCC MYA-4892 / CBS 513.88 / FGSC A1513),Fungi,1,0.3153163
tr|A2QW02|A2QW02_ASPNC,Aspergillus niger,Aspergillus niger (strain ATCC MYA-4892 / CBS 513.88 / FGSC A1513),Fungi,1,0.40437478
tr|A2QTS5|A2QTS5_ASPNC,Aspergillus niger,Aspergillus niger (strain ATCC MYA-4892 / CBS 513.88 / FGSC A1513),Fungi,1,0.4481272
sp|O74706|EGLB_ASPNG,Aspergillus niger,Aspergillus_niger,Fungi,1,0.16383179
sp|A2QPC3|EGLB_ASPNC,Aspergillus niger,Aspergillus niger (strain ATCC MYA-4892 / CBS 513.88 / FGSC A1513),Fungi,1,0.16383179
tr|A0A2H4YI50|A0A2H4YI50_ASPNG,Aspergillus niger,Aspergillus_niger,Fungi,1,0.4296946
tr|A0A3F3R819|A0A3F3R819_ASPNG,Aspergillus niger,Aspergillus_niger,Fungi,1,0.4301612
tr|A2QAI8|A2QAI8_ASPNC,Aspergillus niger,Aspergillus niger (strain ATCC MYA-4892 / CBS 513.88 / FGSC A1513),Fungi,1,0.4332354
tr|A0A023UH08|A0A023UH08_ASPNG,Aspergillus niger,Aspergillus_niger,Fungi,1,0.12166449
tr|A2R8E0|A2R8E0_ASPNC,Aspergillus niger,Aspergillus niger (strain ATCC MYA-4892 / CBS 513.88 / FGSC A1513),Fungi,1,0.33405548
tr|A0AA97BK42|A0AA97BK42_ASPNG,Aspergillus niger,Aspergillus_niger,Fungi,1,0.36356273
tr|O74705|O74705_ASPNG,Aspergillus niger,Aspergillus_niger,Fungi,1,0.098706655
tr|A2R322|A2R322_ASPNC,Aspergillus niger,Aspergillus niger (strain ATCC MYA-4892 / CBS 513.88 / FGSC A1513),Fungi,1,0.10038937
tr|A2QJX0|A2QJX0_ASPNC,Aspergillus niger,Aspergillus niger (strain ATCC MYA-4892 / CBS 513.88 / FGSC A1513),Fungi,1,0.4404791
tr|A2QFW8|A2QFW8_ASPNC,Aspergillus niger,Aspergillus niger (strain ATCC MYA-4892 / CBS 513.88 / FGSC A1513),Fungi,1,0.2678074
sp|A2QGD9|ATG15_ASPNC,Aspergillus niger,Aspergillus niger (strain ATCC MYA-4892 / CBS 513.88 / FGSC A1513),Fungi,1,0.32308623
tr|A2QN29|A2QN29_ASPNC,Aspergillus niger,Aspergillus niger (strain ATCC MYA-4892 / CBS 513.88 / FGSC A1513),Fungi,1,0.15278922
tr|A2QL90|A2QL90_ASPNC,Aspergillus niger,Aspergillus niger (strain ATCC MYA-4892 / CBS 513.88 / FGSC A1513),Fungi,1,0.34773186
tr|A2QM14|A2QM14_ASPNC,Aspergillus niger,Aspergillus niger (strain ATCC MYA-4892 / CBS 513.88 / FGSC A1513),Fungi,1,0.30050617
tr|A2QTI9|A2QTI9_ASPNC,Aspergillus niger,Aspergillus niger (strain ATCC MYA-4892 / CBS 513.88 / FGSC A1513),Fungi,1,0.36161822
tr|A2R1X8|A2R1X8_ASPNC,Aspergillus niger,Aspergillus niger (strain ATCC MYA-4892 / CBS 513.88 / FGSC A1513),Fungi,1,0.24538976
tr|A2QF64|A2QF64_ASPNC,Aspergillus niger,Aspergillus niger (strain ATCC MYA-4892 / CBS 513.88 / FGSC A1513),Fungi,1,0.41212133
tr|A2R199|A2R199_ASPNC,Aspergillus niger,Aspergillus niger (strain ATCC MYA-4892 / CBS 513.88 / FGSC A1513),Fungi,1,0.24612096
tr|A2R775|A2R775_ASPNC,Aspergillus niger,Aspergillus niger (strain ATCC MYA-4892 / CBS 513.88 / FGSC A1513),Fungi,1,0.40226364
tr|A5ABZ1|A5ABZ1_ASPNC,Aspergillus niger,Aspergillus niger (strain ATCC MYA-4892 / CBS 513.88 / FGSC A1513),Fungi,1,0.6715897
tr|A2QHE9|A2QHE9_ASPNC,Aspergillus niger,Aspergillus niger (strain ATCC MYA-4892 / CBS 513.88 / FGSC A1513),Fungi,1,0.3191317
tr|A2QTZ0|A2QTZ0_ASPNC,Aspergillus niger,Aspergillus niger (strain ATCC MYA-4892 / CBS 513.88 / FGSC A1513),Fungi,1,0.3611957
sp|A2QWM4|PMIP_ASPNC,Aspergillus niger,Aspergillus niger (strain ATCC MYA-4892 / CBS 513.88 / FGSC A1513),Fungi,1,0.50908965
sp|A2Q7V4|MEP_ASPNC,Aspergillus niger,Aspergillus niger (strain ATCC MYA-4892 / CBS 513.88 / FGSC A1513),Fungi,1,0.34569964
sp|A2QKG2|ATP23_ASPNC,Aspergillus niger,Aspergillus niger (strain ATCC MYA-4892 / CBS 513.88 / FGSC A1513),Fungi,1,0.23924513
tr|A2QIW5|A2QIW5_ASPNC,Aspergillus niger,Aspergillus niger (strain ATCC MYA-4892 / CBS 513.88 / FGSC A1513),Fungi,1,0.41092753
tr|A2QNU0|A2QNU0_ASPNC,Aspergillus niger,Aspergillus niger (strain ATCC MYA-4892 / CBS 513.88 / FGSC A1513),Fungi,1,0.15454254
tr|A2QI17|A2QI17_ASPNC,Aspergillus niger,Aspergillus niger (strain ATCC MYA-4892 / CBS 513.88 / FGSC A1513),Fungi,1,0.16891214
tr|A2QAN9|A2QAN9_ASPNC,Aspergillus niger,Aspergillus niger (strain ATCC MYA-4892 / CBS 513.88 / FGSC A1513),Fungi,1,0.29062712
tr|A5ABX3|A5ABX3_ASPNC,Aspergillus niger,Aspergillus niger (strain ATCC MYA-4892 / CBS 513.88 / FGSC A1513),Fungi,1,0.30905122
tr|A2QNP2|A2QNP2_ASPNC,Aspergillus niger,Aspergillus niger (strain ATCC MYA-4892 / CBS 513.88 / FGSC A1513),Fungi,1,0.26741582
tr|A2QZR5|A2QZR5_ASPNC,Aspergillus niger,Aspergillus niger (strain ATCC MYA-4892 / CBS 513.88 / FGSC A1513),Fungi,1,0.09542637
tr|A2QW49|A2QW49_ASPNC,Aspergillus niger,Aspergillus niger (strain ATCC MYA-4892 / CBS 513.88 / FGSC A1513),Fungi,1,0.15867262
tr|A2R510|A2R510_ASPNC,Aspergillus niger,Aspergillus niger (strain ATCC MYA-4892 / CBS 513.88 / FGSC A1513),Fungi,1,0.4253538
sp|A2QCJ2|LONM_ASPNC,Aspergillus niger,Aspergillus niger (strain ATCC MYA-4892 / CBS 513.88 / FGSC A1513),Fungi,1,0.36260173
sp|A2RAF6|LONP2_ASPNC,Aspergillus niger,Aspergillus niger (strain ATCC MYA-4892 / CBS 513.88 / FGSC A1513),Fungi,1,0.38828155
sp|A5AB13|NM111_ASPNC,Aspergillus niger,Aspergillus niger (strain ATCC MYA-4892 / CBS 513.88 / FGSC A1513),Fungi,1,0.24781808
sp|P33295|PEPC_ASPNG,Aspergillus niger,Aspergillus_niger,Fungi,1,0.24658446
tr|A0A0F6PMU4|A0A0F6PMU4_ASPNG,Aspergillus niger,Aspergillus_niger,Fungi,1,0.43473417
tr|Q00206|Q00206_ASPNG,Aspergillus niger,Aspergillus_niger,Fungi,1,0.41347858
tr|A2QTZ2|A2QTZ2_ASPNC,Aspergillus niger,Aspergillus niger (strain ATCC MYA-4892 / CBS 513.88 / FGSC A1513),Fungi,1,0.40064213
tr|A2Q9N6|A2Q9N6_ASPNC,Aspergillus niger,Aspergillus niger (strain ATCC MYA-4892 / CBS 513.88 / FGSC A1513),Fungi,1,0.6066776
tr|A2RAB7|A2RAB7_ASPNC,Aspergillus niger,Aspergillus niger (strain ATCC MYA-4892 / CBS 513.88 / FGSC A1513),Fungi,1,0.3074174
tr|A2R677|A2R677_ASPNC,Aspergillus niger,Aspergillus niger (strain ATCC MYA-4892 / CBS 513.88 / FGSC A1513),Fungi,1,0.3637719
tr|A2Q7G0|A2Q7G0_ASPNC,Aspergillus niger,Aspergillus niger (strain ATCC MYA-4892 / CBS 513.88 / FGSC A1513),Fungi,1,0.27317622
tr|A2R2N5|A2R2N5_ASPNC,Aspergillus niger,Aspergillus niger (strain ATCC MYA-4892 / CBS 513.88 / FGSC A1513),Fungi,1,0.2679403
tr|A2QMZ7|A2QMZ7_ASPNC,Aspergillus niger,Aspergillus niger (strain ATCC MYA-4892 / CBS 513.88 / FGSC A1513),Fungi,1,0.23070799
tr|A2QER3|A2QER3_ASPNC,Aspergillus niger,Aspergillus niger (strain ATCC MYA-4892 / CBS 513.88 / FGSC A1513),Fungi,1,0.48076674
tr|Q9UUZ5|Q9UUZ5_ASPNG,Aspergillus niger,Aspergillus_niger,Fungi,1,0.5936536
tr|A2QQR8|A2QQR8_ASPNC,Aspergillus niger,Aspergillus niger (strain ATCC MYA-4892 / CBS 513.88 / FGSC A1513),Fungi,1,0.10740327
tr|A2R2Q0|A2R2Q0_ASPNC,Aspergillus niger,Aspergillus niger (strain ATCC MYA-4892 / CBS 513.88 / FGSC A1513),Fungi,1,0.3107259
tr|A2QBX5|A2QBX5_ASPNC,Aspergillus niger,Aspergillus niger (strain ATCC MYA-4892 / CBS 513.88 / FGSC A1513),Fungi,1,0.13118085
tr|A2QCA5|A2QCA5_ASPNC,Aspergillus niger,Aspergillus niger (strain ATCC MYA-4892 / CBS 513.88 / FGSC A1513),Fungi,1,0.23597874
tr|A2R888|A2R888_ASPNC,Aspergillus niger,Aspergillus niger (strain ATCC MYA-4892 / CBS 513.88 / FGSC A1513),Fungi,1,0.14557204
tr|A2QK24|A2QK24_ASPNC,Aspergillus niger,Aspergillus niger (strain ATCC MYA-4892 / CBS 513.88 / FGSC A1513),Fungi,1,0.099512905
sp|P22630|AMY1_AERHY,Aeromonas hydrophila,Aeromonas_hydrophila,Bacteria,1,0.21989648
sp|P41131|AMYA_AERHY,Aeromonas hydrophila,Aeromonas_hydrophila,Bacteria,1,0.2832204
tr|A0KGI8|A0KGI8_AERHH,Aeromonas hydrophila,Aeromonas hydrophila subsp. hydrophila (strain ATCC 7966 / DSM 30187 / BCRC 13018 / CCUG 14551 / JCM 1027 / KCTC 2358 / NCIMB 9240 / NCTC 8049),Bacteria,1,0.11645516
tr|A0KHU4|A0KHU4_AERHH,Aeromonas hydrophila,Aeromonas hydrophila subsp. hydrophila (strain ATCC 7966 / DSM 30187 / BCRC 13018 / CCUG 14551 / JCM 1027 / KCTC 2358 / NCIMB 9240 / NCTC 8049),Bacteria,1,0.36268762
tr|A0KHK5|A0KHK5_AERHH,Aeromonas hydrophila,Aeromonas hydrophila subsp. hydrophila (strain ATCC 7966 / DSM 30187 / BCRC 13018 / CCUG 14551 / JCM 1027 / KCTC 2358 / NCIMB 9240 / NCTC 8049),Bacteria,1,0.1120109
sp|P40600|LIPE_AERHY,Aeromonas hydrophila,Aeromonas_hydrophila,Bacteria,1,0.58539367
tr|A0KEH6|A0KEH6_AERHH,Aeromonas hydrophila,Aeromonas hydrophila subsp. hydrophila (strain ATCC 7966 / DSM 30187 / BCRC 13018 / CCUG 14551 / JCM 1027 / KCTC 2358 / NCIMB 9240 / NCTC 8049),Bacteria,1,0.11331992
tr|A0KFL9|A0KFL9_AERHH,Aeromonas hydrophila,Aeromonas hydrophila subsp. hydrophila (strain ATCC 7966 / DSM 30187 / BCRC 13018 / CCUG 14551 / JCM 1027 / KCTC 2358 / NCIMB 9240 / NCTC 8049),Bacteria,1,0.06586895
sp|O05485|EPRA1_AERHY,Aeromonas hydrophila,Aeromonas_hydrophila,Bacteria,1,0.10087236
sp|A0KID0|HTPX_AERHH,Aeromonas hydrophila,Aeromonas hydrophila subsp. hydrophila (strain ATCC 7966 / DSM 30187 / BCRC 13018 / CCUG 14551 / JCM 1027 / KCTC 2358 / NCIMB 9240 / NCTC 8049),Bacteria,1,0.28002444
tr|A0KNF0|A0KNF0_AERHH,Aeromonas hydrophila,Aeromonas hydrophila subsp. hydrophila (strain ATCC 7966 / DSM 30187 / BCRC 13018 / CCUG 14551 / JCM 1027 / KCTC 2358 / NCIMB 9240 / NCTC 8049),Bacteria,1,0.3531052
tr|Q9LA87|Q9LA87_AERHY,Aeromonas hydrophila,Aeromonas_hydrophila,Bacteria,1,0.13063802
tr|A0KEG4|A0KEG4_AERHH,Aeromonas hydrophila,Aeromonas hydrophila subsp. hydrophila (strain ATCC 7966 / DSM 30187 / BCRC 13018 / CCUG 14551 / JCM 1027 / KCTC 2358 / NCIMB 9240 / NCTC 8049),Bacteria,1,0.11170688
tr|Q5VIZ1|Q5VIZ1_AERHY,Aeromonas hydrophila,Aeromonas_hydrophila,Bacteria,1,0.111647666
tr|A0KGK2|A0KGK2_AERHH,Aeromonas hydrophila,Aeromonas hydrophila subsp. hydrophila (strain ATCC 7966 / DSM 30187 / BCRC 13018 / CCUG 14551 / JCM 1027 / KCTC 2358 / NCIMB 9240 / NCTC 8049),Bacteria,1,0.082282946
tr|A0KJS7|A0KJS7_AERHH,Aeromonas hydrophila,Aeromonas hydrophila subsp. hydrophila (strain ATCC 7966 / DSM 30187 / BCRC 13018 / CCUG 14551 / JCM 1027 / KCTC 2358 / NCIMB 9240 / NCTC 8049),Bacteria,1,0.29026452
tr|I2A609|I2A609_AERHY,Aeromonas hydrophila,Aeromonas_hydrophila,Bacteria,1,0.08183786
tr|I2A618|I2A618_AERHY,Aeromonas hydrophila,Aeromonas_hydrophila,Bacteria,1,0.09585307
tr|Q9RMM8|Q9RMM8_AERHY,Aeromonas hydrophila,Aeromonas_hydrophila,Bacteria,1,0.07774475
tr|I2A612|I2A612_AERHY,Aeromonas hydrophila,Aeromonas_hydrophila,Bacteria,1,0.085745886
tr|I2A614|I2A614_AERHY,Aeromonas hydrophila,Aeromonas_hydrophila,Bacteria,1,0.082282946
tr|I2A616|I2A616_AERHY,Aeromonas hydrophila,Aeromonas_hydrophila,Bacteria,1,0.09396419
tr|I2A620|I2A620_AERHY,Aeromonas hydrophila,Aeromonas_hydrophila,Bacteria,1,0.096878685
tr|A0KHH0|A0KHH0_AERHH,Aeromonas hydrophila,Aeromonas hydrophila subsp. hydrophila (strain ATCC 7966 / DSM 30187 / BCRC 13018 / CCUG 14551 / JCM 1027 / KCTC 2358 / NCIMB 9240 / NCTC 8049),Bacteria,1,0.46844357
tr|A0KHU5|A0KHU5_AERHH,Aeromonas hydrophila,Aeromonas hydrophila subsp. hydrophila (strain ATCC 7966 / DSM 30187 / BCRC 13018 / CCUG 14551 / JCM 1027 / KCTC 2358 / NCIMB 9240 / NCTC 8049),Bacteria,1,0.07437861
tr|I2A610|I2A610_AERHY,Aeromonas hydrophila,Aeromonas_hydrophila,Bacteria,1,0.08674589
tr|I2A611|I2A611_AERHY,Aeromonas hydrophila,Aeromonas_hydrophila,Bacteria,1,0.08374588
tr|I2A615|I2A615_AERHY,Aeromonas hydrophila,Aeromonas_hydrophila,Bacteria,1,0.07987258
tr|I2A617|I2A617_AERHY,Aeromonas hydrophila,Aeromonas_hydrophila,Bacteria,1,0.093937814
tr|I2A619|I2A619_AERHY,Aeromonas hydrophila,Aeromonas_hydrophila,Bacteria,1,0.09863171
tr|Q3I357|Q3I357_AERHY,Aeromonas hydrophila,Aeromonas_hydrophila,Bacteria,1,0.11739512
tr|Q49KA7|Q49KA7_AERHY,Aeromonas hydrophila,Aeromonas_hydrophila,Bacteria,1,0.09458248
tr|A0KLS0|A0KLS0_AERHH,Aeromonas hydrophila,Aeromonas hydrophila subsp. hydrophila (strain ATCC 7966 / DSM 30187 / BCRC 13018 / CCUG 14551 / JCM 1027 / KCTC 2358 / NCIMB 9240 / NCTC 8049),Bacteria,1,0.09486486
tr|A0KJM6|A0KJM6_AERHH,Aeromonas hydrophila,Aeromonas hydrophila subsp. hydrophila (strain ATCC 7966 / DSM 30187 / BCRC 13018 / CCUG 14551 / JCM 1027 / KCTC 2358 / NCIMB 9240 / NCTC 8049),Bacteria,1,0.056683972
tr|A0KG76|A0KG76_AERHH,Aeromonas hydrophila,Aeromonas hydrophila subsp. hydrophila (strain ATCC 7966 / DSM 30187 / BCRC 13018 / CCUG 14551 / JCM 1027 / KCTC 2358 / NCIMB 9240 / NCTC 8049),Bacteria,1,0.15150453
tr|A0KLR9|A0KLR9_AERHH,Aeromonas hydrophila,Aeromonas hydrophila subsp. hydrophila (strain ATCC 7966 / DSM 30187 / BCRC 13018 / CCUG 14551 / JCM 1027 / KCTC 2358 / NCIMB 9240 / NCTC 8049),Bacteria,1,0.072220124
tr|A0KNU6|A0KNU6_AERHH,Aeromonas hydrophila,Aeromonas hydrophila subsp. hydrophila (strain ATCC 7966 / DSM 30187 / BCRC 13018 / CCUG 14551 / JCM 1027 / KCTC 2358 / NCIMB 9240 / NCTC 8049),Bacteria,1,0.08113219
sp|Q06903|PPCE_AERHY,Aeromonas hydrophila,Aeromonas_hydrophila,Bacteria,1,0.06904801
sp|Q44069|LEXA_AERHH,Aeromonas hydrophila,Aeromonas hydrophila subsp. hydrophila (strain ATCC 7966 / DSM 30187 / BCRC 13018 / CCUG 14551 / JCM 1027 / KCTC 2358 / NCIMB 9240 / NCTC 8049),Bacteria,1,0.576742
tr|A0KJU1|A0KJU1_AERHH,Aeromonas hydrophila,Aeromonas hydrophila subsp. hydrophila (strain ATCC 7966 / DSM 30187 / BCRC 13018 / CCUG 14551 / JCM 1027 / KCTC 2358 / NCIMB 9240 / NCTC 8049),Bacteria,1,0.44759122
tr|A0KJU3|A0KJU3_AERHH,Aeromonas hydrophila,Aeromonas hydrophila subsp. hydrophila (strain ATCC 7966 / DSM 30187 / BCRC 13018 / CCUG 14551 / JCM 1027 / KCTC 2358 / NCIMB 9240 / NCTC 8049),Bacteria,1,0.19500689
tr|A0KKK1|A0KKK1_AERHH,Aeromonas hydrophila,Aeromonas hydrophila subsp. hydrophila (strain ATCC 7966 / DSM 30187 / BCRC 13018 / CCUG 14551 / JCM 1027 / KCTC 2358 / NCIMB 9240 / NCTC 8049),Bacteria,1,0.19328734
tr|A0KGB9|A0KGB9_AERHH,Aeromonas hydrophila,Aeromonas hydrophila subsp. hydrophila (strain ATCC 7966 / DSM 30187 / BCRC 13018 / CCUG 14551 / JCM 1027 / KCTC 2358 / NCIMB 9240 / NCTC 8049),Bacteria,1,0.0824322
tr|A0KGF1|A0KGF1_AERHH,Aeromonas hydrophila,Aeromonas hydrophila subsp. hydrophila (strain ATCC 7966 / DSM 30187 / BCRC 13018 / CCUG 14551 / JCM 1027 / KCTC 2358 / NCIMB 9240 / NCTC 8049),Bacteria,1,0.22626235
tr|A0KNJ6|A0KNJ6_AERHH,Aeromonas hydrophila,Aeromonas hydrophila subsp. hydrophila (strain ATCC 7966 / DSM 30187 / BCRC 13018 / CCUG 14551 / JCM 1027 / KCTC 2358 / NCIMB 9240 / NCTC 8049),Bacteria,1,0.14515927
tr|A0KPZ7|A0KPZ7_AERHH,Aeromonas hydrophila,Aeromonas hydrophila subsp. hydrophila (strain ATCC 7966 / DSM 30187 / BCRC 13018 / CCUG 14551 / JCM 1027 / KCTC 2358 / NCIMB 9240 / NCTC 8049),Bacteria,1,0.13306148
tr|A0KKL3|A0KKL3_AERHH,Aeromonas hydrophila,Aeromonas hydrophila subsp. hydrophila (strain ATCC 7966 / DSM 30187 / BCRC 13018 / CCUG 14551 / JCM 1027 / KCTC 2358 / NCIMB 9240 / NCTC 8049),Bacteria,1,0.30565026
tr|A0KPZ6|A0KPZ6_AERHH,Aeromonas hydrophila,Aeromonas hydrophila subsp. hydrophila (strain ATCC 7966 / DSM 30187 / BCRC 13018 / CCUG 14551 / JCM 1027 / KCTC 2358 / NCIMB 9240 / NCTC 8049),Bacteria,1,0.26685625
tr|A0KFX4|A0KFX4_AERHH,Aeromonas hydrophila,Aeromonas hydrophila subsp. hydrophila (strain ATCC 7966 / DSM 30187 / BCRC 13018 / CCUG 14551 / JCM 1027 / KCTC 2358 / NCIMB 9240 / NCTC 8049),Bacteria,1,0.045197297
tr|A0KLP4|A0KLP4_AERHH,Aeromonas hydrophila,Aeromonas hydrophila subsp. hydrophila (strain ATCC 7966 / DSM 30187 / BCRC 13018 / CCUG 14551 / JCM 1027 / KCTC 2358 / NCIMB 9240 / NCTC 8049),Bacteria,1,0.08419096
tr|A0KJX4|A0KJX4_AERHH,Aeromonas hydrophila,Aeromonas hydrophila subsp. hydrophila (strain ATCC 7966 / DSM 30187 / BCRC 13018 / CCUG 14551 / JCM 1027 / KCTC 2358 / NCIMB 9240 / NCTC 8049),Bacteria,1,0.115816146
tr|A0KMV5|A0KMV5_AERHH,Aeromonas hydrophila,Aeromonas hydrophila subsp. hydrophila (strain ATCC 7966 / DSM 30187 / BCRC 13018 / CCUG 14551 / JCM 1027 / KCTC 2358 / NCIMB 9240 / NCTC 8049),Bacteria,1,0.16173251
tr|A0KNG8|A0KNG8_AERHH,Aeromonas hydrophila,Aeromonas hydrophila subsp. hydrophila (strain ATCC 7966 / DSM 30187 / BCRC 13018 / CCUG 14551 / JCM 1027 / KCTC 2358 / NCIMB 9240 / NCTC 8049),Bacteria,1,0.05306747
tr|A0KF55|A0KF55_AERHH,Aeromonas hydrophila,Aeromonas hydrophila subsp. hydrophila (strain ATCC 7966 / DSM 30187 / BCRC 13018 / CCUG 14551 / JCM 1027 / KCTC 2358 / NCIMB 9240 / NCTC 8049),Bacteria,1,0.21882148
tr|A0KH65|A0KH65_AERHH,Aeromonas hydrophila,Aeromonas hydrophila subsp. hydrophila (strain ATCC 7966 / DSM 30187 / BCRC 13018 / CCUG 14551 / JCM 1027 / KCTC 2358 / NCIMB 9240 / NCTC 8049),Bacteria,1,0.07426567
tr|A0KIU7|A0KIU7_AERHH,Aeromonas hydrophila,Aeromonas hydrophila subsp. hydrophila (strain ATCC 7966 / DSM 30187 / BCRC 13018 / CCUG 14551 / JCM 1027 / KCTC 2358 / NCIMB 9240 / NCTC 8049),Bacteria,1,0.032832682
sp|P23671|AMY_CLOAB,Clostridium acetobutylicum,Clostridium acetobutylicum (strain ATCC 824 / DSM 792 / JCM 1419 / IAM 19013 / LMG 5710 / NBRC 13948 / NRRL B-527 / VKM B-1787 / 2291 / W),Bacteria,1,0.25826332
tr|Q97TK3|Q97TK3_CLOAB,Clostridium acetobutylicum,Clostridium acetobutylicum (strain ATCC 824 / DSM 792 / JCM 1419 / IAM 19013 / LMG 5710 / NBRC 13948 / NRRL B-527 / VKM B-1787 / 2291 / W),Bacteria,1,0.23652937
tr|Q97KK5|Q97KK5_CLOAB,Clostridium acetobutylicum,Clostridium acetobutylicum (strain ATCC 824 / DSM 792 / JCM 1419 / IAM 19013 / LMG 5710 / NBRC 13948 / NRRL B-527 / VKM B-1787 / 2291 / W),Bacteria,1,0.20336097
tr|Q97KK3|Q97KK3_CLOAB,Clostridium acetobutylicum,Clostridium acetobutylicum (strain ATCC 824 / DSM 792 / JCM 1419 / IAM 19013 / LMG 5710 / NBRC 13948 / NRRL B-527 / VKM B-1787 / 2291 / W),Bacteria,1,0.26010013
tr|Q97LJ9|Q97LJ9_CLOAB,Clostridium acetobutylicum,Clostridium acetobutylicum (strain ATCC 824 / DSM 792 / JCM 1419 / IAM 19013 / LMG 5710 / NBRC 13948 / NRRL B-527 / VKM B-1787 / 2291 / W),Bacteria,1,0.29148543
tr|Q97KK6|Q97KK6_CLOAB,Clostridium acetobutylicum,Clostridium acetobutylicum (strain ATCC 824 / DSM 792 / JCM 1419 / IAM 19013 / LMG 5710 / NBRC 13948 / NRRL B-527 / VKM B-1787 / 2291 / W),Bacteria,1,0.16842459
sp|Q97JJ9|GPR_CLOAB,Clostridium acetobutylicum,Clostridium acetobutylicum (strain ATCC 824 / DSM 792 / JCM 1419 / IAM 19013 / LMG 5710 / NBRC 13948 / NRRL B-527 / VKM B-1787 / 2291 / W),Bacteria,1,0.14617336
sp|Q97I57|Y1796_CLOAB,Clostridium acetobutylicum,Clostridium acetobutylicum (strain ATCC 824 / DSM 792 / JCM 1419 / IAM 19013 / LMG 5710 / NBRC 13948 / NRRL B-527 / VKM B-1787 / 2291 / W),Bacteria,1,0.2592662
tr|Q97EB2|Q97EB2_CLOAB,Clostridium acetobutylicum,Clostridium acetobutylicum (strain ATCC 824 / DSM 792 / JCM 1419 / IAM 19013 / LMG 5710 / NBRC 13948 / NRRL B-527 / VKM B-1787 / 2291 / W),Bacteria,1,0.19455564
tr|Q97LF9|Q97LF9_CLOAB,Clostridium acetobutylicum,Clostridium acetobutylicum (strain ATCC 824 / DSM 792 / JCM 1419 / IAM 19013 / LMG 5710 / NBRC 13948 / NRRL B-527 / VKM B-1787 / 2291 / W),Bacteria,1,0.13306783
tr|Q97G52|Q97G52_CLOAB,Clostridium acetobutylicum,Clostridium acetobutylicum (strain ATCC 824 / DSM 792 / JCM 1419 / IAM 19013 / LMG 5710 / NBRC 13948 / NRRL B-527 / VKM B-1787 / 2291 / W),Bacteria,1,0.083383605
sp|P58276|CLPP_CLOAB,Clostridium acetobutylicum,Clostridium acetobutylicum (strain ATCC 824 / DSM 792 / JCM 1419 / IAM 19013 / LMG 5710 / NBRC 13948 / NRRL B-527 / VKM B-1787 / 2291 / W),Bacteria,1,0.14845629
sp|Q97FT9|LON_CLOAB,Clostridium acetobutylicum,Clostridium acetobutylicum (strain ATCC 824 / DSM 792 / JCM 1419 / IAM 19013 / LMG 5710 / NBRC 13948 / NRRL B-527 / VKM B-1787 / 2291 / W),Bacteria,1,0.21173598
sp|Q97I23|LEXA_CLOAB,Clostridium acetobutylicum,Clostridium acetobutylicum (strain ATCC 824 / DSM 792 / JCM 1419 / IAM 19013 / LMG 5710 / NBRC 13948 / NRRL B-527 / VKM B-1787 / 2291 / W),Bacteria,1,0.13376758
tr|Q97LU8|Q97LU8_CLOAB,Clostridium acetobutylicum,Clostridium acetobutylicum (strain ATCC 824 / DSM 792 / JCM 1419 / IAM 19013 / LMG 5710 / NBRC 13948 / NRRL B-527 / VKM B-1787 / 2291 / W),Bacteria,1,0.5750454
tr|Q97FT1|Q97FT1_CLOAB,Clostridium acetobutylicum,Clostridium acetobutylicum (strain ATCC 824 / DSM 792 / JCM 1419 / IAM 19013 / LMG 5710 / NBRC 13948 / NRRL B-527 / VKM B-1787 / 2291 / W),Bacteria,1,0.1052295
tr|Q97H78|Q97H78_CLOAB,Clostridium acetobutylicum,Clostridium acetobutylicum (strain ATCC 824 / DSM 792 / JCM 1419 / IAM 19013 / LMG 5710 / NBRC 13948 / NRRL B-527 / VKM B-1787 / 2291 / W),Bacteria,1,0.14731629
tr|Q97FT8|Q97FT8_CLOAB,Clostridium acetobutylicum,Clostridium acetobutylicum (strain ATCC 824 / DSM 792 / JCM 1419 / IAM 19013 / LMG 5710 / NBRC 13948 / NRRL B-527 / VKM B-1787 / 2291 / W),Bacteria,1,0.15569498
tr|Q97CY0|Q97CY0_CLOAB,Clostridium acetobutylicum,Clostridium acetobutylicum (strain ATCC 824 / DSM 792 / JCM 1419 / IAM 19013 / LMG 5710 / NBRC 13948 / NRRL B-527 / VKM B-1787 / 2291 / W),Bacteria,1,0.14886618
tr|Q97I92|Q97I92_CLOAB,Clostridium acetobutylicum,Clostridium acetobutylicum (strain ATCC 824 / DSM 792 / JCM 1419 / IAM 19013 / LMG 5710 / NBRC 13948 / NRRL B-527 / VKM B-1787 / 2291 / W),Bacteria,1,0.06562538
tr|A0A151V4J4|A0A151V4J4_PYRO7,Pyricularia oryzae,Pyricularia oryzae (strain 70-15 / ATCC MYA-4617 / FGSC 8958),Fungi,1,0.18652657
tr|A0A151V4C9|A0A151V4C9_PYRO7,Pyricularia oryzae,Pyricularia oryzae (strain 70-15 / ATCC MYA-4617 / FGSC 8958),Fungi,1,0.06936082
sp|G4NK46|CEL7B_PYRO7,Pyricularia oryzae,Pyricularia oryzae (strain 70-15 / ATCC MYA-4617 / FGSC 8958),Fungi,1,0.3931207
sp|G4N5V2|CE12B_PYRO7,Pyricularia oryzae,Pyricularia oryzae (strain 70-15 / ATCC MYA-4617 / FGSC 8958),Fungi,1,0.1475093
sp|G4NBX2|CE12C_PYRO7,Pyricularia oryzae,Pyricularia oryzae (strain 70-15 / ATCC MYA-4617 / FGSC 8958),Fungi,1,0.41566262
sp|G4NAZ1|CE12A_PYRO7,Pyricularia oryzae,Pyricularia oryzae (strain 70-15 / ATCC MYA-4617 / FGSC 8958),Fungi,1,0.10489916
tr|G4MYM0|G4MYM0_PYRO7,Pyricularia oryzae,Pyricularia oryzae (strain 70-15 / ATCC MYA-4617 / FGSC 8958),Fungi,1,0.11243271
tr|G4NCZ5|G4NCZ5_PYRO7,Pyricularia oryzae,Pyricularia oryzae (strain 70-15 / ATCC MYA-4617 / FGSC 8958),Fungi,1,0.38882536
tr|G4N908|G4N908_PYRO7,Pyricularia oryzae,Pyricularia oryzae (strain 70-15 / ATCC MYA-4617 / FGSC 8958),Fungi,1,0.3188101
tr|G4NI68|G4NI68_PYRO7,Pyricularia oryzae,Pyricularia oryzae (strain 70-15 / ATCC MYA-4617 / FGSC 8958),Fungi,1,0.41175696
tr|G4N703|G4N703_PYRO7,Pyricularia oryzae,Pyricularia oryzae (strain 70-15 / ATCC MYA-4617 / FGSC 8958),Fungi,1,0.47892553
sp|A4RF25|PMIP_PYRO7,Pyricularia oryzae,Pyricularia oryzae (strain 70-15 / ATCC MYA-4617 / FGSC 8958),Fungi,1,0.6211119
sp|Q2KH28|NPIIA_PYRO7,Pyricularia oryzae,Pyricularia oryzae (strain 70-15 / ATCC MYA-4617 / FGSC 8958),Fungi,1,0.2738597
sp|A4QWP8|MEP_PYRO7,Pyricularia oryzae,Pyricularia oryzae (strain 70-15 / ATCC MYA-4617 / FGSC 8958),Fungi,1,0.3571439
sp|A4RF31|ATP23_PYRO7,Pyricularia oryzae,Pyricularia oryzae (strain 70-15 / ATCC MYA-4617 / FGSC 8958),Fungi,1,0.45179898
sp|A4RGT4|MEP1_PYRO7,Pyricularia oryzae,Pyricularia oryzae (strain 70-15 / ATCC MYA-4617 / FGSC 8958),Fungi,1,0.32473516
tr|A0A151V4I2|A0A151V4I2_PYRO7,Pyricularia oryzae,Pyricularia oryzae (strain 70-15 / ATCC MYA-4617 / FGSC 8958),Fungi,1,0.2738597
tr|G4MNG8|G4MNG8_PYRO7,Pyricularia oryzae,Pyricularia oryzae (strain 70-15 / ATCC MYA-4617 / FGSC 8958),Fungi,1,0.3336404
tr|G5EHM4|G5EHM4_PYRO7,Pyricularia oryzae,Pyricularia oryzae (strain 70-15 / ATCC MYA-4617 / FGSC 8958),Fungi,1,0.38414425
tr|A0A151V4L1|A0A151V4L1_PYRO7,Pyricularia oryzae,Pyricularia oryzae (strain 70-15 / ATCC MYA-4617 / FGSC 8958),Fungi,1,0.18820281
tr|G4MZP8|G4MZP8_PYRO7,Pyricularia oryzae,Pyricularia oryzae (strain 70-15 / ATCC MYA-4617 / FGSC 8958),Fungi,1,0.31174043
tr|G4N7C7|G4N7C7_PYRO7,Pyricularia oryzae,Pyricularia oryzae (strain 70-15 / ATCC MYA-4617 / FGSC 8958),Fungi,1,0.32642183
sp|P58371|PRB1_PYRO7,Pyricularia oryzae,Pyricularia oryzae (strain 70-15 / ATCC MYA-4617 / FGSC 8958),Fungi,1,0.3020621
sp|A4RGA1|SEC11_PYRO7,Pyricularia oryzae,Pyricularia oryzae (strain 70-15 / ATCC MYA-4617 / FGSC 8958),Fungi,1,0.34024712
sp|A4RJH4|NM111_PYRO7,Pyricularia oryzae,Pyricularia oryzae (strain 70-15 / ATCC MYA-4617 / FGSC 8958),Fungi,1,0.25929898
tr|G4MVR9|G4MVR9_PYRO7,Pyricularia oryzae,Pyricularia oryzae (strain 70-15 / ATCC MYA-4617 / FGSC 8958),Fungi,1,0.33989367
tr|G4MT44|G4MT44_PYRO7,Pyricularia oryzae,Pyricularia oryzae (strain 70-15 / ATCC MYA-4617 / FGSC 8958),Fungi,1,0.36514932
tr|G4N225|G4N225_PYRO7,Pyricularia oryzae,Pyricularia oryzae (strain 70-15 / ATCC MYA-4617 / FGSC 8958),Fungi,1,0.29853693
tr|G4N7X6|G4N7X6_PYRO7,Pyricularia oryzae,Pyricularia oryzae (strain 70-15 / ATCC MYA-4617 / FGSC 8958),Fungi,1,0.5268026
tr|G4MYH6|G4MYH6_PYRO7,Pyricularia oryzae,Pyricularia oryzae (strain 70-15 / ATCC MYA-4617 / FGSC 8958),Fungi,1,0.26558414
tr|G4NE94|G4NE94_PYRO7,Pyricularia oryzae,Pyricularia oryzae (strain 70-15 / ATCC MYA-4617 / FGSC 8958),Fungi,1,0.6068357
tr|G4MLM6|G4MLM6_PYRO7,Pyricularia oryzae,Pyricularia oryzae (strain 70-15 / ATCC MYA-4617 / FGSC 8958),Fungi,1,0.42099047
tr|W6QGD1|W6QGD1_PENRF,Penicillium roqueforti,Penicillium roqueforti (strain FM164),Fungi,1,0.2791135
tr|W6QH13|W6QH13_PENRF,Penicillium roqueforti,Penicillium roqueforti (strain FM164),Fungi,1,0.20501211
tr|W6Q9U4|W6Q9U4_PENRF,Penicillium roqueforti,Penicillium roqueforti (strain FM164),Fungi,1,0.24800709
tr|W6PUB7|W6PUB7_PENRF,Penicillium roqueforti,Penicillium roqueforti (strain FM164),Fungi,1,0.41123655
tr|W6PTK0|W6PTK0_PENRF,Penicillium roqueforti,Penicillium roqueforti (strain FM164),Fungi,1,0.39727354
tr|W6PUD1|W6PUD1_PENRF,Penicillium roqueforti,Penicillium roqueforti (strain FM164),Fungi,1,0.14999345
tr|W6QMA5|W6QMA5_PENRF,Penicillium roqueforti,Penicillium roqueforti (strain FM164),Fungi,1,0.35274145
tr|W6QDL5|W6QDL5_PENRF,Penicillium roqueforti,Penicillium roqueforti (strain FM164),Fungi,1,0.30025122
tr|W6QJV8|W6QJV8_PENRF,Penicillium roqueforti,Penicillium roqueforti (strain FM164),Fungi,1,0.28374755
tr|W6QB40|W6QB40_PENRF,Penicillium roqueforti,Penicillium roqueforti (strain FM164),Fungi,1,0.31349513
tr|W6QMY0|W6QMY0_PENRF,Penicillium roqueforti,Penicillium roqueforti (strain FM164),Fungi,1,0.40774986
tr|W6QMG0|W6QMG0_PENRF,Penicillium roqueforti,Penicillium roqueforti (strain FM164),Fungi,1,0.3256583
tr|W6QLW1|W6QLW1_PENRF,Penicillium roqueforti,Penicillium roqueforti (strain FM164),Fungi,1,0.25944462
tr|W6QWJ4|W6QWJ4_PENRF,Penicillium roqueforti,Penicillium roqueforti (strain FM164),Fungi,1,0.07786856
tr|W6Q3N0|W6Q3N0_PENRF,Penicillium roqueforti,Penicillium roqueforti (strain FM164),Fungi,1,0.26420507
tr|W6PVT8|W6PVT8_PENRF,Penicillium roqueforti,Penicillium roqueforti (strain FM164),Fungi,1,0.37237006
tr|W6Q8H1|W6Q8H1_PENRF,Penicillium roqueforti,Penicillium roqueforti (strain FM164),Fungi,1,0.08541158
tr|Q82AS4|Q82AS4_STRAW,Streptomyces avermitilis,Streptomyces avermitilis (strain ATCC 31267 / DSM 46492 / JCM 5070 / NBRC 14893 / NCIMB 12804 / NRRL 8165 / MA-4680),Bacteria,1,0.042457704
tr|Q82AS5|Q82AS5_STRAW,Streptomyces avermitilis,Streptomyces avermitilis (strain ATCC 31267 / DSM 46492 / JCM 5070 / NBRC 14893 / NCIMB 12804 / NRRL 8165 / MA-4680),Bacteria,1,0.06413731
tr|Q82LV7|Q82LV7_STRAW,Streptomyces avermitilis,Streptomyces avermitilis (strain ATCC 31267 / DSM 46492 / JCM 5070 / NBRC 14893 / NCIMB 12804 / NRRL 8165 / MA-4680),Bacteria,1,0.058690324
tr|Q82M06|Q82M06_STRAW,Streptomyces avermitilis,Streptomyces avermitilis (strain ATCC 31267 / DSM 46492 / JCM 5070 / NBRC 14893 / NCIMB 12804 / NRRL 8165 / MA-4680),Bacteria,1,0.056821022
tr|Q828T4|Q828T4_STRAW,Streptomyces avermitilis,Streptomyces avermitilis (strain ATCC 31267 / DSM 46492 / JCM 5070 / NBRC 14893 / NCIMB 12804 / NRRL 8165 / MA-4680),Bacteria,1,0.5009332
tr|Q82EE9|Q82EE9_STRAW,Streptomyces avermitilis,Streptomyces avermitilis (strain ATCC 31267 / DSM 46492 / JCM 5070 / NBRC 14893 / NCIMB 12804 / NRRL 8165 / MA-4680),Bacteria,1,0.096020885
tr|Q82J43|Q82J43_STRAW,Streptomyces avermitilis,Streptomyces avermitilis (strain ATCC 31267 / DSM 46492 / JCM 5070 / NBRC 14893 / NCIMB 12804 / NRRL 8165 / MA-4680),Bacteria,1,0.052121438
tr|Q82F56|Q82F56_STRAW,Streptomyces avermitilis,Streptomyces avermitilis (strain ATCC 31267 / DSM 46492 / JCM 5070 / NBRC 14893 / NCIMB 12804 / NRRL 8165 / MA-4680),Bacteria,1,0.05947639
tr|Q82AQ3|Q82AQ3_STRAW,Streptomyces avermitilis,Streptomyces avermitilis (strain ATCC 31267 / DSM 46492 / JCM 5070 / NBRC 14893 / NCIMB 12804 / NRRL 8165 / MA-4680),Bacteria,1,0.0491239
tr|Q82P05|Q82P05_STRAW,Streptomyces avermitilis,Streptomyces avermitilis (strain ATCC 31267 / DSM 46492 / JCM 5070 / NBRC 14893 / NCIMB 12804 / NRRL 8165 / MA-4680),Bacteria,1,0.05601849
tr|Q82JG0|Q82JG0_STRAW,Streptomyces avermitilis,Streptomyces avermitilis (strain ATCC 31267 / DSM 46492 / JCM 5070 / NBRC 14893 / NCIMB 12804 / NRRL 8165 / MA-4680),Bacteria,1,0.061631348
tr|Q82DS7|Q82DS7_STRAW,Streptomyces avermitilis,Streptomyces avermitilis (strain ATCC 31267 / DSM 46492 / JCM 5070 / NBRC 14893 / NCIMB 12804 / NRRL 8165 / MA-4680),Bacteria,1,0.05340204
tr|Q82JG1|Q82JG1_STRAW,Streptomyces avermitilis,Streptomyces avermitilis (strain ATCC 31267 / DSM 46492 / JCM 5070 / NBRC 14893 / NCIMB 12804 / NRRL 8165 / MA-4680),Bacteria,1,0.0804323
tr|Q82BN5|Q82BN5_STRAW,Streptomyces avermitilis,Streptomyces avermitilis (strain ATCC 31267 / DSM 46492 / JCM 5070 / NBRC 14893 / NCIMB 12804 / NRRL 8165 / MA-4680),Bacteria,1,0.041972015
tr|Q82BV4|Q82BV4_STRAW,Streptomyces avermitilis,Streptomyces avermitilis (strain ATCC 31267 / DSM 46492 / JCM 5070 / NBRC 14893 / NCIMB 12804 / NRRL 8165 / MA-4680),Bacteria,1,0.10167616
sp|Q826S4|CLPP5_STRAW,Streptomyces avermitilis,Streptomyces avermitilis (strain ATCC 31267 / DSM 46492 / JCM 5070 / NBRC 14893 / NCIMB 12804 / NRRL 8165 / MA-4680),Bacteria,1,0.09675511
sp|Q82CA5|CLPP4_STRAW,Streptomyces avermitilis,Streptomyces avermitilis (strain ATCC 31267 / DSM 46492 / JCM 5070 / NBRC 14893 / NCIMB 12804 / NRRL 8165 / MA-4680),Bacteria,1,0.09949194
sp|Q82KE0|LEXA_STRAW,Streptomyces avermitilis,Streptomyces avermitilis (strain ATCC 31267 / DSM 46492 / JCM 5070 / NBRC 14893 / NCIMB 12804 / NRRL 8165 / MA-4680),Bacteria,1,0.023835998
sp|Q82CA6|CLPP3_STRAW,Streptomyces avermitilis,Streptomyces avermitilis (strain ATCC 31267 / DSM 46492 / JCM 5070 / NBRC 14893 / NCIMB 12804 / NRRL 8165 / MA-4680),Bacteria,1,0.0484857
sp|Q82NZ4|CLPP1_STRAW,Streptomyces avermitilis,Streptomyces avermitilis (strain ATCC 31267 / DSM 46492 / JCM 5070 / NBRC 14893 / NCIMB 12804 / NRRL 8165 / MA-4680),Bacteria,1,0.05735348
sp|Q82NZ3|CLPP2_STRAW,Streptomyces avermitilis,Streptomyces avermitilis (strain ATCC 31267 / DSM 46492 / JCM 5070 / NBRC 14893 / NCIMB 12804 / NRRL 8165 / MA-4680),Bacteria,1,0.103254564
tr|Q82J16|Q82J16_STRAW,Streptomyces avermitilis,Streptomyces avermitilis (strain ATCC 31267 / DSM 46492 / JCM 5070 / NBRC 14893 / NCIMB 12804 / NRRL 8165 / MA-4680),Bacteria,1,0.046599973
tr|Q82JW6|Q82JW6_STRAW,Streptomyces avermitilis,Streptomyces avermitilis (strain ATCC 31267 / DSM 46492 / JCM 5070 / NBRC 14893 / NCIMB 12804 / NRRL 8165 / MA-4680),Bacteria,1,0.052428957
tr|Q82JW8|Q82JW8_STRAW,Streptomyces avermitilis,Streptomyces avermitilis (strain ATCC 31267 / DSM 46492 / JCM 5070 / NBRC 14893 / NCIMB 12804 / NRRL 8165 / MA-4680),Bacteria,1,0.06135557
tr|Q82IS6|Q82IS6_STRAW,Streptomyces avermitilis,Streptomyces avermitilis (strain ATCC 31267 / DSM 46492 / JCM 5070 / NBRC 14893 / NCIMB 12804 / NRRL 8165 / MA-4680),Bacteria,1,0.048459183
tr|Q82JW5|Q82JW5_STRAW,Streptomyces avermitilis,Streptomyces avermitilis (strain ATCC 31267 / DSM 46492 / JCM 5070 / NBRC 14893 / NCIMB 12804 / NRRL 8165 / MA-4680),Bacteria,1,0.07424699
tr|Q82JW7|Q82JW7_STRAW,Streptomyces avermitilis,Streptomyces avermitilis (strain ATCC 31267 / DSM 46492 / JCM 5070 / NBRC 14893 / NCIMB 12804 / NRRL 8165 / MA-4680),Bacteria,1,0.08576222
tr|Q82BY0|Q82BY0_STRAW,Streptomyces avermitilis,Streptomyces avermitilis (strain ATCC 31267 / DSM 46492 / JCM 5070 / NBRC 14893 / NCIMB 12804 / NRRL 8165 / MA-4680),Bacteria,1,0.029261608
tr|Q82H90|Q82H90_STRAW,Streptomyces avermitilis,Streptomyces avermitilis (strain ATCC 31267 / DSM 46492 / JCM 5070 / NBRC 14893 / NCIMB 12804 / NRRL 8165 / MA-4680),Bacteria,1,0.049488068
tr|Q9KZ11|Q9KZ11_STRCO,Streptomyces coelicolor,Streptomyces coelicolor (strain ATCC BAA-471 / A3(2) / M145),Bacteria,1,0.034721643
tr|Q9L035|Q9L035_STRCO,Streptomyces coelicolor,Streptomyces coelicolor (strain ATCC BAA-471 / A3(2) / M145),Bacteria,1,0.06862302
tr|Q9RJC8|Q9RJC8_STRCO,Streptomyces coelicolor,Streptomyces coelicolor (strain ATCC BAA-471 / A3(2) / M145),Bacteria,1,0.051236432
tr|Q8CK53|Q8CK53_STRCO,Streptomyces coelicolor,Streptomyces coelicolor (strain ATCC BAA-471 / A3(2) / M145),Bacteria,1,0.04385732
tr|Q9F3Q0|Q9F3Q0_STRCO,Streptomyces coelicolor,Streptomyces coelicolor (strain ATCC BAA-471 / A3(2) / M145),Bacteria,1,0.04101092
sp|Q9S2A5|LIP1_STRCO,Streptomyces coelicolor,Streptomyces coelicolor (strain ATCC BAA-471 / A3(2) / M145),Bacteria,1,0.08901984
sp|Q93J06|LIP2_STRCO,Streptomyces coelicolor,Streptomyces coelicolor (strain ATCC BAA-471 / A3(2) / M145),Bacteria,1,0.61344224
sp|P43164|SNPA_STRCH,Streptomyces coelicolor,Streptomyces_coelicolor,Bacteria,1,0.47312778
sp|P0A3Z7|SNPA_STRCO,Streptomyces coelicolor,Streptomyces coelicolor (strain ATCC BAA-471 / A3(2) / M145),Bacteria,1,0.055787846
sp|Q9KYS0|Y5695_STRCO,Streptomyces coelicolor,Streptomyces coelicolor (strain ATCC BAA-471 / A3(2) / M145),Bacteria,1,0.10580281
sp|Q9RKN3|HTPX1_STRCO,Streptomyces coelicolor,Streptomyces coelicolor (strain ATCC BAA-471 / A3(2) / M145),Bacteria,1,0.034913156
sp|O86835|Y5738_STRCO,Streptomyces coelicolor,Streptomyces coelicolor (strain ATCC BAA-471 / A3(2) / M145),Bacteria,1,0.51900244
sp|Q9F2V2|HTPX2_STRCO,Streptomyces coelicolor,Streptomyces coelicolor (strain ATCC BAA-471 / A3(2) / M145),Bacteria,1,0.037693698
tr|O69875|O69875_STRCO,Streptomyces coelicolor,Streptomyces coelicolor (strain ATCC BAA-471 / A3(2) / M145),Bacteria,1,0.5078891
tr|Q9X8I4|Q9X8I4_STRCO,Streptomyces coelicolor,Streptomyces coelicolor (strain ATCC BAA-471 / A3(2) / M145),Bacteria,1,0.06506154
tr|Q9L1F8|Q9L1F8_STRCO,Streptomyces coelicolor,Streptomyces coelicolor (strain ATCC BAA-471 / A3(2) / M145),Bacteria,1,0.13303836
tr|O54108|O54108_STRCO,Streptomyces coelicolor,Streptomyces coelicolor (strain ATCC BAA-471 / A3(2) / M145),Bacteria,1,0.3605211
tr|Q9F3Q2|Q9F3Q2_STRCO,Streptomyces coelicolor,Streptomyces coelicolor (strain ATCC BAA-471 / A3(2) / M145),Bacteria,1,0.06525518
tr|Q9L2L8|Q9L2L8_STRCO,Streptomyces coelicolor,Streptomyces coelicolor (strain ATCC BAA-471 / A3(2) / M145),Bacteria,1,0.06668668
tr|Q9L1F9|Q9L1F9_STRCO,Streptomyces coelicolor,Streptomyces coelicolor (strain ATCC BAA-471 / A3(2) / M145),Bacteria,1,0.053535413
tr|Q9L2E5|Q9L2E5_STRCO,Streptomyces coelicolor,Streptomyces coelicolor (strain ATCC BAA-471 / A3(2) / M145),Bacteria,1,0.028709313
sp|Q9F315|CLPP1_STRCO,Streptomyces coelicolor,Streptomyces coelicolor (strain ATCC BAA-471 / A3(2) / M145),Bacteria,1,0.09855042
sp|Q9ZH58|CLPP2_STRCO,Streptomyces coelicolor,Streptomyces coelicolor (strain ATCC BAA-471 / A3(2) / M145),Bacteria,1,0.08004029
sp|Q9RDE2|TRI1_STRCO,Streptomyces coelicolor,Streptomyces coelicolor (strain ATCC BAA-471 / A3(2) / M145),Bacteria,1,0.031925067
sp|Q9X7R9|CLPP3_STRCO,Streptomyces coelicolor,Streptomyces coelicolor (strain ATCC BAA-471 / A3(2) / M145),Bacteria,1,0.06482623
sp|O69979|LEXA_STRCO,Streptomyces coelicolor,Streptomyces coelicolor (strain ATCC BAA-471 / A3(2) / M145),Bacteria,1,0.046718635
sp|Q9RKB9|TRI2_STRCO,Streptomyces coelicolor,Streptomyces coelicolor (strain ATCC BAA-471 / A3(2) / M145),Bacteria,1,0.038138323
tr|Q9EVK2|Q9EVK2_STRCO,Streptomyces coelicolor,Streptomyces coelicolor (strain ATCC BAA-471 / A3(2) / M145),Bacteria,1,0.03097451
tr|Q4QZ22|Q4QZ22_STRCO,Streptomyces coelicolor,Streptomyces coelicolor (strain ATCC BAA-471 / A3(2) / M145),Bacteria,1,0.04931354
tr|O69884|O69884_STRCO,Streptomyces coelicolor,Streptomyces coelicolor (strain ATCC BAA-471 / A3(2) / M145),Bacteria,1,0.43941846
tr|O69887|O69887_STRCO,Streptomyces coelicolor,Streptomyces coelicolor (strain ATCC BAA-471 / A3(2) / M145),Bacteria,1,0.067805246
tr|O69886|O69886_STRCO,Streptomyces coelicolor,Streptomyces coelicolor (strain ATCC BAA-471 / A3(2) / M145),Bacteria,1,0.058978442
tr|Q9FCI6|Q9FCI6_STRCO,Streptomyces coelicolor,Streptomyces coelicolor (strain ATCC BAA-471 / A3(2) / M145),Bacteria,1,0.05910563
tr|O69885|O69885_STRCO,Streptomyces coelicolor,Streptomyces coelicolor (strain ATCC BAA-471 / A3(2) / M145),Bacteria,1,0.50098103
tr|Q9S2E9|Q9S2E9_STRCO,Streptomyces coelicolor,Streptomyces coelicolor (strain ATCC BAA-471 / A3(2) / M145),Bacteria,1,0.5616426
tr|A0A679LAV2|A0A679LAV2_MYCBO,Mycobacterium bovis,Mycobacterium bovis (strain ATCC BAA-935 / AF2122/97),Bacteria,1,0.01575859
tr|A0A1R3XYR5|A0A1R3XYR5_MYCBO,Mycobacterium bovis,Mycobacterium bovis (strain ATCC BAA-935 / AF2122/97),Bacteria,1,0.53184587
sp|A1KML4|RIP1_MYCBP,Mycobacterium bovis,Mycobacterium bovis (strain BCG / Pasteur 1173P2),Bacteria,1,0.02275013
sp|P0A4V9|FTSH_MYCBO,Mycobacterium bovis,Mycobacterium bovis (strain ATCC BAA-935 / AF2122/97),Bacteria,1,0.019126685
sp|P0A5S9|Y2805_MYCBO,Mycobacterium bovis,Mycobacterium bovis (strain ATCC BAA-935 / AF2122/97),Bacteria,1,0.014382263
sp|A1KG40|HTPX_MYCBP,Mycobacterium bovis,Mycobacterium bovis (strain BCG / Pasteur 1173P2),Bacteria,1,0.0147843035
sp|C1AKP3|HTPX_MYCBT,Mycobacterium bovis,Mycobacterium bovis (strain BCG / Tokyo 172 / ATCC 35737 / TMC 1019),Bacteria,1,0.0147843035
sp|P65816|HTPX_MYCBO,Mycobacterium bovis,Mycobacterium bovis (strain ATCC BAA-935 / AF2122/97),Bacteria,1,0.0147843035
tr|A0A679LBD1|A0A679LBD1_MYCBO,Mycobacterium bovis,Mycobacterium bovis (strain ATCC BAA-935 / AF2122/97),Bacteria,1,0.0147843035
sp|A1KM58|LEXA_MYCBP,Mycobacterium bovis,Mycobacterium bovis (strain BCG / Pasteur 1173P2),Bacteria,1,0.010508193
sp|P63784|CLPP2_MYCBO,Mycobacterium bovis,Mycobacterium bovis (strain ATCC BAA-935 / AF2122/97),Bacteria,1,0.0131619
sp|C1AFH9|LEXA_MYCBT,Mycobacterium bovis,Mycobacterium bovis (strain BCG / Tokyo 172 / ATCC 35737 / TMC 1019),Bacteria,1,0.010508193
sp|P0A527|CLPP1_MYCBO,Mycobacterium bovis,Mycobacterium bovis (strain ATCC BAA-935 / AF2122/97),Bacteria,1,0.011779163
sp|Q7TY15|LEXA_MYCBO,Mycobacterium bovis,Mycobacterium bovis (strain ATCC BAA-935 / AF2122/97),Bacteria,1,0.010508193
sp|P65824|HIP1_MYCBO,Mycobacterium bovis,Mycobacterium bovis (strain ATCC BAA-935 / AF2122/97),Bacteria,1,0.012468561
tr|A0A1R3Y3D6|A0A1R3Y3D6_MYCBO,Mycobacterium bovis,Mycobacterium bovis (strain ATCC BAA-935 / AF2122/97),Bacteria,1,0.012765148
tr|A0A1R3Y2Y2|A0A1R3Y2Y2_MYCBO,Mycobacterium bovis,Mycobacterium bovis (strain ATCC BAA-935 / AF2122/97),Bacteria,1,0.013791794
tr|A0A0H3MAY5|A0A0H3MAY5_MYCBP,Mycobacterium bovis,Mycobacterium bovis (strain BCG / Pasteur 1173P2),Bacteria,1,0.49800164
tr|Q5B7U2|Q5B7U2_EMENI,Aspergillus nidulans,Aspergillus_nidulans,Fungi,1,0.1722844
tr|G5EB45|G5EB45_EMENI,Aspergillus nidulans,Aspergillus_nidulans,Fungi,1,0.30979243
tr|Q5AZF6|Q5AZF6_EMENI,Aspergillus nidulans,Aspergillus_nidulans,Fungi,1,0.1355006
sp|Q5BDU5|EGLA_EMENI,Aspergillus nidulans,Aspergillus_nidulans,Fungi,1,0.34749168
sp|Q5B7R2|CELB_EMENI,Aspergillus nidulans,Aspergillus_nidulans,Fungi,1,0.27144483
sp|Q1HFS8|EGLB_EMENI,Aspergillus nidulans,Aspergillus_nidulans,Fungi,1,0.20559755
sp|Q5B0L1|ATG15_EMENI,Aspergillus nidulans,Aspergillus_nidulans,Fungi,1,0.24823879
sp|Q5B7T7|NPIIB_EMENI,Aspergillus nidulans,Aspergillus_nidulans,Fungi,1,0.34905434
sp|Q5AUR8|NPIIA_EMENI,Aspergillus nidulans,Aspergillus_nidulans,Fungi,1,0.40277475
sp|Q5B0W4|ATP23_EMENI,Aspergillus nidulans,Aspergillus_nidulans,Fungi,1,0.35048282
sp|Q5B6H7|PREP_EMENI,Aspergillus nidulans,Aspergillus_nidulans,Fungi,1,0.21404833
tr|Q5B671|Q5B671_EMENI,Aspergillus nidulans,Aspergillus_nidulans,Fungi,1,0.39668712
tr|Q5ATR8|Q5ATR8_EMENI,Aspergillus nidulans,Aspergillus_nidulans,Fungi,1,0.2658333
tr|Q5BFD3|Q5BFD3_EMENI,Aspergillus nidulans,Aspergillus_nidulans,Fungi,1,0.24335858
tr|C8V8G6|C8V8G6_EMENI,Aspergillus nidulans,Aspergillus_nidulans,Fungi,1,0.19930537
sp|Q00208|ORYZ_EMENI,Aspergillus nidulans,Aspergillus_nidulans,Fungi,1,0.277879
sp|Q5AZT7|LONM_EMENI,Aspergillus nidulans,Aspergillus_nidulans,Fungi,1,0.3270912
sp|C8VCL5|Y0929_EMENI,Aspergillus nidulans,Aspergillus_nidulans,Fungi,1,0.36129794
sp|Q5BH58|LONP2_EMENI,Aspergillus nidulans,Aspergillus_nidulans,Fungi,1,0.29940727
sp|Q5B8K4|SEC11_EMENI,Aspergillus nidulans,Aspergillus_nidulans,Fungi,1,0.13629407
tr|C8V7J1|C8V7J1_EMENI,Aspergillus nidulans,Aspergillus_nidulans,Fungi,1,0.32542184
tr|Q5B7S3|Q5B7S3_EMENI,Aspergillus nidulans,Aspergillus_nidulans,Fungi,1,0.22878116
tr|Q5B908|Q5B908_EMENI,Aspergillus nidulans,Aspergillus_nidulans,Fungi,1,0.096237145
tr|A0A384JCL8|A0A384JCL8_BOTFB,Botrytis cinerea,Botrytis cinerea (strain B05.10),Fungi,1,0.14613372
tr|A0A384JGI9|A0A384JGI9_BOTFB,Botrytis cinerea,Botrytis cinerea (strain B05.10),Fungi,1,0.37628582
tr|A0A384JPK5|A0A384JPK5_BOTFB,Botrytis cinerea,Botrytis cinerea (strain B05.10),Fungi,1,0.25951955
tr|A0A384J8H1|A0A384J8H1_BOTFB,Botrytis cinerea,Botrytis cinerea (strain B05.10),Fungi,1,0.3393674
tr|A0A384J8I6|A0A384J8I6_BOTFB,Botrytis cinerea,Botrytis cinerea (strain B05.10),Fungi,1,0.49911898
tr|A0A384JZY8|A0A384JZY8_BOTFB,Botrytis cinerea,Botrytis cinerea (strain B05.10),Fungi,1,0.6056243
tr|A0A384JC16|A0A384JC16_BOTFB,Botrytis cinerea,Botrytis cinerea (strain B05.10),Fungi,1,0.32806864
tr|A0A384K2E4|A0A384K2E4_BOTFB,Botrytis cinerea,Botrytis cinerea (strain B05.10),Fungi,1,0.5566122
tr|A0A384K6U5|A0A384K6U5_BOTFB,Botrytis cinerea,Botrytis cinerea (strain B05.10),Fungi,1,0.5399034
tr|A0A384JD05|A0A384JD05_BOTFB,Botrytis cinerea,Botrytis cinerea (strain B05.10),Fungi,1,0.36519128
tr|A0A384JQ93|A0A384JQ93_BOTFB,Botrytis cinerea,Botrytis cinerea (strain B05.10),Fungi,1,0.46253237
sp|A6SBW7|NPIIA_BOTFB,Botrytis cinerea,Botrytis cinerea (strain B05.10),Fungi,1,0.3963656
sp|A6SHZ5|PMIP_BOTFB,Botrytis cinerea,Botrytis cinerea (strain B05.10),Fungi,1,0.46869323
sp|A6SSS5|ATP23_BOTFB,Botrytis cinerea,Botrytis cinerea (strain B05.10),Fungi,1,0.3955378
tr|A0A384JHD2|A0A384JHD2_BOTFB,Botrytis cinerea,Botrytis cinerea (strain B05.10),Fungi,1,0.3894696
tr|A0A384JHY6|A0A384JHY6_BOTFB,Botrytis cinerea,Botrytis cinerea (strain B05.10),Fungi,1,0.5802525
tr|A0A384K6Q5|A0A384K6Q5_BOTFB,Botrytis cinerea,Botrytis cinerea (strain B05.10),Fungi,1,0.085497245
tr|A0A384JNN4|A0A384JNN4_BOTFB,Botrytis cinerea,Botrytis cinerea (strain B05.10),Fungi,1,0.42616954
tr|A0A384JZQ4|A0A384JZQ4_BOTFB,Botrytis cinerea,Botrytis cinerea (strain B05.10),Fungi,1,0.3008032
tr|A0A384JA17|A0A384JA17_BOTFB,Botrytis cinerea,Botrytis cinerea (strain B05.10),Fungi,1,0.13977548
tr|A0A384JXW3|A0A384JXW3_BOTFB,Botrytis cinerea,Botrytis cinerea (strain B05.10),Fungi,1,0.3585805
tr|A0A384JQX6|A0A384JQX6_BOTFB,Botrytis cinerea,Botrytis cinerea (strain B05.10),Fungi,1,0.184444
tr|A0A384JVD9|A0A384JVD9_BOTFB,Botrytis cinerea,Botrytis cinerea (strain B05.10),Fungi,1,0.49432987
tr|A0A384JV94|A0A384JV94_BOTFB,Botrytis cinerea,Botrytis cinerea (strain B05.10),Fungi,1,0.35255057
tr|A0A9P2TB16|A0A9P2TB16_THEFU,Thermobifida fusca,Thermobifida fusca TM51,Bacteria,1,0.1409584
tr|Q1KLC8|Q1KLC8_THEFU,Thermobifida fusca,Thermobifida_fusca,Bacteria,1,0.12484039
sp|P26222|GUN2_THEFU,Thermobifida fusca,Thermobifida_fusca,Bacteria,1,0.34873307
sp|P26221|GUN4_THEFU,Thermobifida fusca,Thermobifida_fusca,Bacteria,1,0.09684298
tr|A0A9P2TBG1|A0A9P2TBG1_THEFU,Thermobifida fusca,Thermobifida fusca TM51,Bacteria,1,0.38048506
tr|Q08166|Q08166_THEFU,Thermobifida fusca,Thermobifida_fusca,Bacteria,1,0.38053042
tr|R9FGU8|R9FGU8_THEFU,Thermobifida fusca,Thermobifida fusca TM51,Bacteria,1,0.12553932
tr|A0A9P2TCB4|A0A9P2TCB4_THEFU,Thermobifida fusca,Thermobifida fusca TM51,Bacteria,1,0.33268213
tr|Q7X2N2|Q7X2N2_THEFU,Thermobifida fusca,Thermobifida_fusca,Bacteria,1,0.3414424
tr|A0A9P2TAM0|A0A9P2TAM0_THEFU,Thermobifida fusca,Thermobifida fusca TM51,Bacteria,1,0.09684298
tr|A0A9P2T7R7|A0A9P2T7R7_THEFU,Thermobifida fusca,Thermobifida fusca TM51,Bacteria,1,0.34002408
tr|A0A9P2T989|A0A9P2T989_THEFU,Thermobifida fusca,Thermobifida fusca TM51,Bacteria,1,0.11156855
tr|A0A9P2TCG0|A0A9P2TCG0_THEFU,Thermobifida fusca,Thermobifida fusca TM51,Bacteria,1,0.55670244
sp|Q47MU3|CLPP1_THEFY,Thermobifida fusca,Thermobifida fusca (strain YX),Bacteria,1,0.11960199
sp|Q47MU2|CLPP2_THEFY,Thermobifida fusca,Thermobifida fusca (strain YX),Bacteria,1,0.09212962
sp|Q47MY4|LEXA_THEFY,Thermobifida fusca,Thermobifida fusca (strain YX),Bacteria,1,0.0878047
tr|A0A9P2WQP8|A0A9P2WQP8_THEFU,Thermobifida fusca,Thermobifida fusca TM51,Bacteria,1,0.0878047
tr|A0A9P2T8Y1|A0A9P2T8Y1_THEFU,Thermobifida fusca,Thermobifida fusca TM51,Bacteria,1,0.11960199
tr|A0A9P2T9B3|A0A9P2T9B3_THEFU,Thermobifida fusca,Thermobifida fusca TM51,Bacteria,1,0.07156945
tr|A0A9P2TDB6|A0A9P2TDB6_THEFU,Thermobifida fusca,Thermobifida fusca TM51,Bacteria,1,0.22816467
tr|A0A9P2WQD6|A0A9P2WQD6_THEFU,Thermobifida fusca,Thermobifida fusca TM51,Bacteria,1,0.057336822
tr|A0A9P2T900|A0A9P2T900_THEFU,Thermobifida fusca,Thermobifida fusca TM51,Bacteria,1,0.12477185
tr|Q7M0K0|Q7M0K0_THEFU,Thermobifida fusca,Thermobifida_fusca,Bacteria,1,0.08395864
tr|Q5HP43|Q5HP43_STAEQ,Staphylococcus epidermidis,Staphylococcus epidermidis (strain ATCC 35984 / DSM 28319 / BCRC 17069 / CCUG 31568 / BM 3577 / RP62A),Bacteria,1,0.5344493
sp|P0C0R4|LIP_STAES,Staphylococcus epidermidis,Staphylococcus epidermidis (strain ATCC 12228 / FDA PCI 1200),Bacteria,1,0.08710363
sp|P0C0R3|LIP_STAEP,Staphylococcus epidermidis,Staphylococcus_epidermidis,Bacteria,1,0.08482275
sp|Q5HKP6|LIP_STAEQ,Staphylococcus epidermidis,Staphylococcus epidermidis (strain ATCC 35984 / DSM 28319 / BCRC 17069 / CCUG 31568 / BM 3577 / RP62A),Bacteria,1,0.09426632
tr|Q9Z4M7|Q9Z4M7_STAEP,Staphylococcus epidermidis,Staphylococcus_epidermidis,Bacteria,1,0.08362348
tr|I6QRL0|I6QRL0_STAEP,Staphylococcus epidermidis,Staphylococcus_epidermidis,Bacteria,1,0.09062691
tr|Q5HKF8|Q5HKF8_STAEQ,Staphylococcus epidermidis,Staphylococcus epidermidis (strain ATCC 35984 / DSM 28319 / BCRC 17069 / CCUG 31568 / BM 3577 / RP62A),Bacteria,1,0.076675445
tr|Q5HKK8|Q5HKK8_STAEQ,Staphylococcus epidermidis,Staphylococcus epidermidis (strain ATCC 35984 / DSM 28319 / BCRC 17069 / CCUG 31568 / BM 3577 / RP62A),Bacteria,1,0.08720362
tr|Q5HS21|Q5HS21_STAEQ,Staphylococcus epidermidis,Staphylococcus epidermidis (strain ATCC 35984 / DSM 28319 / BCRC 17069 / CCUG 31568 / BM 3577 / RP62A),Bacteria,1,0.10365161
tr|O68650|O68650_STAEP,Staphylococcus epidermidis,Staphylococcus_epidermidis,Bacteria,1,0.09426632
sp|P0C0Q3|SEPA_STAEP,Staphylococcus epidermidis,Staphylococcus_epidermidis,Bacteria,1,0.09621297
sp|P0C0Q4|SEPA_STAES,Staphylococcus epidermidis,Staphylococcus epidermidis (strain ATCC 12228 / FDA PCI 1200),Bacteria,1,0.09638696
tr|Q5HRP3|Q5HRP3_STAEQ,Staphylococcus epidermidis,Staphylococcus epidermidis (strain ATCC 35984 / DSM 28319 / BCRC 17069 / CCUG 31568 / BM 3577 / RP62A),Bacteria,1,0.104155846
tr|Q5HMI8|Q5HMI8_STAEQ,Staphylococcus epidermidis,Staphylococcus epidermidis (strain ATCC 35984 / DSM 28319 / BCRC 17069 / CCUG 31568 / BM 3577 / RP62A),Bacteria,1,0.10367384
tr|Q5HKU0|Q5HKU0_STAEQ,Staphylococcus epidermidis,Staphylococcus epidermidis (strain ATCC 35984 / DSM 28319 / BCRC 17069 / CCUG 31568 / BM 3577 / RP62A),Bacteria,1,0.09039603
tr|Q5HPF7|Q5HPF7_STAEQ,Staphylococcus epidermidis,Staphylococcus epidermidis (strain ATCC 35984 / DSM 28319 / BCRC 17069 / CCUG 31568 / BM 3577 / RP62A),Bacteria,1,0.16022661
tr|Q5HQG9|Q5HQG9_STAEQ,Staphylococcus epidermidis,Staphylococcus epidermidis (strain ATCC 35984 / DSM 28319 / BCRC 17069 / CCUG 31568 / BM 3577 / RP62A),Bacteria,1,0.108976476
tr|Q5HPS9|Q5HPS9_STAEQ,Staphylococcus epidermidis,Staphylococcus epidermidis (strain ATCC 35984 / DSM 28319 / BCRC 17069 / CCUG 31568 / BM 3577 / RP62A),Bacteria,1,0.11221136
sp|P0C0Q1|GSEA_STAEP,Staphylococcus epidermidis,Staphylococcus_epidermidis,Bacteria,1,0.09634795
sp|Q5HPK2|LEXA_STAEQ,Staphylococcus epidermidis,Staphylococcus epidermidis (strain ATCC 35984 / DSM 28319 / BCRC 17069 / CCUG 31568 / BM 3577 / RP62A),Bacteria,1,0.037925597
sp|Q5HQW0|CLPP_STAEQ,Staphylococcus epidermidis,Staphylococcus epidermidis (strain ATCC 35984 / DSM 28319 / BCRC 17069 / CCUG 31568 / BM 3577 / RP62A),Bacteria,1,0.00867231
sp|P0C0Q2|GSEA_STAES,Staphylococcus epidermidis,Staphylococcus epidermidis (strain ATCC 12228 / FDA PCI 1200),Bacteria,1,0.09634795
sp|Q8CTE0|CLPP_STAES,Staphylococcus epidermidis,Staphylococcus epidermidis (strain ATCC 12228 / FDA PCI 1200),Bacteria,1,0.00867231
sp|Q8CSK8|CTPAL_STAES,Staphylococcus epidermidis,Staphylococcus epidermidis (strain ATCC 12228 / FDA PCI 1200),Bacteria,1,0.056507718
sp|Q5HPB7|CTPAL_STAEQ,Staphylococcus epidermidis,Staphylococcus epidermidis (strain ATCC 35984 / DSM 28319 / BCRC 17069 / CCUG 31568 / BM 3577 / RP62A),Bacteria,1,0.055684857
sp|Q5HN75|GSEA_STAEQ,Staphylococcus epidermidis,Staphylococcus epidermidis (strain ATCC 35984 / DSM 28319 / BCRC 17069 / CCUG 31568 / BM 3577 / RP62A),Bacteria,1,0.09550889
sp|Q8CT52|HTRAL_STAES,Staphylococcus epidermidis,Staphylococcus epidermidis (strain ATCC 12228 / FDA PCI 1200),Bacteria,1,0.07820999
sp|P30199|EPIP_STAEP,Staphylococcus epidermidis,Staphylococcus_epidermidis,Bacteria,1,0.06969307
sp|Q5HQE2|HTRAL_STAEQ,Staphylococcus epidermidis,Staphylococcus epidermidis (strain ATCC 35984 / DSM 28319 / BCRC 17069 / CCUG 31568 / BM 3577 / RP62A),Bacteria,1,0.07820999
tr|A0A0N1MQL5|A0A0N1MQL5_STAEP,Staphylococcus epidermidis,Staphylococcus_epidermidis,Bacteria,1,0.00867231
tr|Q5HS15|Q5HS15_STAEQ,Staphylococcus epidermidis,Staphylococcus epidermidis (strain ATCC 35984 / DSM 28319 / BCRC 17069 / CCUG 31568 / BM 3577 / RP62A),Bacteria,1,0.044892956
tr|A0A894TBU0|A0A894TBU0_STAEP,Staphylococcus epidermidis,Staphylococcus_epidermidis,Bacteria,1,0.105446525
tr|A0A8B5RQ54|A0A8B5RQ54_STAEP,Staphylococcus epidermidis,Staphylococcus_epidermidis,Bacteria,1,0.103889644
tr|Q5HQJ6|Q5HQJ6_STAEQ,Staphylococcus epidermidis,Staphylococcus epidermidis (strain ATCC 35984 / DSM 28319 / BCRC 17069 / CCUG 31568 / BM 3577 / RP62A),Bacteria,1,0.06520788
tr|Q5HQJ7|Q5HQJ7_STAEQ,Staphylococcus epidermidis,Staphylococcus epidermidis (strain ATCC 35984 / DSM 28319 / BCRC 17069 / CCUG 31568 / BM 3577 / RP62A),Bacteria,1,0.12717418
tr|A0A1U9X4C3|A0A1U9X4C3_STAEP,Staphylococcus epidermidis,Staphylococcus_epidermidis,Bacteria,1,0.09572895
tr|Q5HKE5|Q5HKE5_STAEQ,Staphylococcus epidermidis,Staphylococcus epidermidis (strain ATCC 35984 / DSM 28319 / BCRC 17069 / CCUG 31568 / BM 3577 / RP62A),Bacteria,1,0.08329799
tr|Q835M8|Q835M8_ENTFA,Enterococcus faecalis,Enterococcus faecalis (strain ATCC 700802 / V583),Bacteria,1,0.38267502
tr|A0ACD6TEK4|A0ACD6TEK4_ENTFO,Enterococcus faecalis,Enterococcus faecalis (strain ATCC 47077 / OG1RF),Bacteria,1,0.17770523
sp|Q833V7|GELE_ENTFA,Enterococcus faecalis,Enterococcus faecalis (strain ATCC 700802 / V583),Bacteria,1,0.08910506
sp|Q9RPP2|EEP_ENTFA,Enterococcus faecalis,Enterococcus faecalis (strain ATCC 700802 / V583),Bacteria,1,0.1460808
tr|Q839B1|Q839B1_ENTFA,Enterococcus faecalis,Enterococcus faecalis (strain ATCC 700802 / V583),Bacteria,1,0.16752048
tr|A0A161IHA0|A0A161IHA0_ENTFL,Enterococcus faecalis,Enterococcus_faecalis,Bacteria,1,0.109165706
tr|Q830U6|Q830U6_ENTFA,Enterococcus faecalis,Enterococcus faecalis (strain ATCC 700802 / V583),Bacteria,1,0.12715892
tr|G8ADN7|G8ADN7_ENTFL,Enterococcus faecalis,Enterococcus_faecalis,Bacteria,1,0.085011825
tr|A0ACD6TCQ0|A0ACD6TCQ0_ENTFO,Enterococcus faecalis,Enterococcus faecalis (strain ATCC 47077 / OG1RF),Bacteria,1,0.4017776
tr|A0ACD6TCQ4|A0ACD6TCQ4_ENTFO,Enterococcus faecalis,Enterococcus faecalis (strain ATCC 47077 / OG1RF),Bacteria,1,0.093378395
tr|A0ACD6T945|A0ACD6T945_ENTFO,Enterococcus faecalis,Enterococcus faecalis (strain ATCC 47077 / OG1RF),Bacteria,1,0.15516007
tr|A0ACD6TDY1|A0ACD6TDY1_ENTFO,Enterococcus faecalis,Enterococcus faecalis (strain ATCC 47077 / OG1RF),Bacteria,1,0.10465713
tr|A0ACD6TFK0|A0ACD6TFK0_ENTFO,Enterococcus faecalis,Enterococcus faecalis (strain ATCC 47077 / OG1RF),Bacteria,1,0.104676306
tr|A0ACD6TEX3|A0ACD6TEX3_ENTFO,Enterococcus faecalis,Enterococcus faecalis (strain ATCC 47077 / OG1RF),Bacteria,1,0.14466414
sp|Q834R0|LEXA_ENTFA,Enterococcus faecalis,Enterococcus faecalis (strain ATCC 700802 / V583),Bacteria,1,0.09359459
sp|Q837R0|CLPP_ENTFA,Enterococcus faecalis,Enterococcus faecalis (strain ATCC 700802 / V583),Bacteria,1,0.08200504
tr|Q82ZI3|Q82ZI3_ENTFA,Enterococcus faecalis,Enterococcus faecalis (strain ATCC 700802 / V583),Bacteria,1,0.08351759
tr|Q834H4|Q834H4_ENTFA,Enterococcus faecalis,Enterococcus faecalis (strain ATCC 700802 / V583),Bacteria,1,0.1571526
tr|Q836K0|Q836K0_ENTFA,Enterococcus faecalis,Enterococcus faecalis (strain ATCC 700802 / V583),Bacteria,1,0.11220664
tr|Q837I5|Q837I5_ENTFA,Enterococcus faecalis,Enterococcus faecalis (strain ATCC 700802 / V583),Bacteria,1,0.14843927
tr|A1YGT8|A1YGT8_ENTFL,Enterococcus faecalis,Enterococcus_faecalis,Bacteria,1,0.09240445
tr|Q833V8|Q833V8_ENTFA,Enterococcus faecalis,Enterococcus faecalis (strain ATCC 700802 / V583),Bacteria,1,0.088216044
tr|A0ACD6TCE1|A0ACD6TCE1_ENTFO,Enterococcus faecalis,Enterococcus faecalis (strain ATCC 47077 / OG1RF),Bacteria,1,0.08434381
tr|A0ACD6TC47|A0ACD6TC47_ENTFO,Enterococcus faecalis,Enterococcus faecalis (strain ATCC 47077 / OG1RF),Bacteria,1,0.10591523
tr|A0ACD6TCC1|A0ACD6TCC1_ENTFO,Enterococcus faecalis,Enterococcus faecalis (strain ATCC 47077 / OG1RF),Bacteria,1,0.1571526
tr|A0A2P6AWB8|A0A2P6AWB8_ENTFL,Enterococcus faecalis,Enterococcus_faecalis,Bacteria,1,0.10467037
tr|A0ACD6T9X4|A0ACD6T9X4_ENTFO,Enterococcus faecalis,Enterococcus faecalis (strain ATCC 47077 / OG1RF),Bacteria,1,0.08200504
tr|A0ACD6TCD1|A0ACD6TCD1_ENTFO,Enterococcus faecalis,Enterococcus faecalis (strain ATCC 47077 / OG1RF),Bacteria,1,0.09359459
tr|A0ACD6TF93|A0ACD6TF93_ENTFO,Enterococcus faecalis,Enterococcus faecalis (strain ATCC 47077 / OG1RF),Bacteria,1,0.07823537
tr|A0ACD6TEX1|A0ACD6TEX1_ENTFO,Enterococcus faecalis,Enterococcus faecalis (strain ATCC 47077 / OG1RF),Bacteria,1,0.089596376
tr|G0RFR8|G0RFR8_TRIR6,Trichoderma reesei,Trichoderma reesei (strain QM6a),Fungi,1,0.19144893
sp|P07981|GUN1_TRIRF,Trichoderma reesei,Trichoderma_reesei,Fungi,1,0.31744656
sp|P07982|GUN2_TRIRF,Trichoderma reesei,Trichoderma_reesei,Fungi,1,0.4673665
sp|A0A024SH20|GUN2_TRIR3,Trichoderma reesei,Trichoderma reesei (strain ATCC 56765 / BCRC 32924 / NRRL 11460 / VTT-D-86271 / Rut C-30),Fungi,1,0.47135663
sp|A0A024SNB7|GUN1_TRIR3,Trichoderma reesei,Trichoderma reesei (strain ATCC 56765 / BCRC 32924 / NRRL 11460 / VTT-D-86271 / Rut C-30),Fungi,1,0.31744656
sp|P43317|GUN5_TRIRF,Trichoderma reesei,Trichoderma_reesei,Fungi,1,0.4983179
tr|G0RB67|G0RB67_TRIR6,Trichoderma reesei,Trichoderma reesei (strain QM6a),Fungi,1,0.47135663
tr|G0RP66|G0RP66_TRIR6,Trichoderma reesei,Trichoderma reesei (strain QM6a),Fungi,1,0.4983179
tr|G0RXC7|G0RXC7_TRIR6,Trichoderma reesei,Trichoderma reesei (strain QM6a),Fungi,1,0.32408765
tr|Q7Z9M6|Q7Z9M6_TRIRF,Trichoderma reesei,Trichoderma_reesei,Fungi,1,0.32408765
tr|W8GPQ7|W8GPQ7_TRIRF,Trichoderma reesei,Trichoderma_reesei,Fungi,1,0.4983179
tr|G0RKH9|G0RKH9_TRIR6,Trichoderma reesei,Trichoderma reesei (strain QM6a),Fungi,1,0.31744656
tr|E1AFV7|E1AFV7_TRIRF,Trichoderma reesei,Trichoderma_reesei,Fungi,1,0.34358063
tr|O00095|O00095_TRIRF,Trichoderma reesei,Trichoderma_reesei,Fungi,1,0.095644444
tr|G0RJY0|G0RJY0_TRIR6,Trichoderma reesei,Trichoderma reesei (strain QM6a),Fungi,1,0.41238657
tr|G0RIL9|G0RIL9_TRIR6,Trichoderma reesei,Trichoderma reesei (strain QM6a),Fungi,1,0.33280462
tr|G0RGQ4|G0RGQ4_TRIR6,Trichoderma reesei,Trichoderma reesei (strain QM6a),Fungi,1,0.31174064
tr|G0RX52|G0RX52_TRIR6,Trichoderma reesei,Trichoderma reesei (strain QM6a),Fungi,1,0.34324816
tr|G0RFE2|G0RFE2_TRIR6,Trichoderma reesei,Trichoderma reesei (strain QM6a),Fungi,1,0.56639624
tr|G0RNQ6|G0RNQ6_TRIR6,Trichoderma reesei,Trichoderma reesei (strain QM6a),Fungi,1,0.32074836
tr|G0R7Z6|G0R7Z6_TRIR6,Trichoderma reesei,Trichoderma reesei (strain QM6a),Fungi,1,0.5181538
tr|G0R9R2|G0R9R2_TRIR6,Trichoderma reesei,Trichoderma reesei (strain QM6a),Fungi,1,0.36398503
tr|G0RAY7|G0RAY7_TRIR6,Trichoderma reesei,Trichoderma reesei (strain QM6a),Fungi,1,0.4748251
tr|G0R8S3|G0R8S3_TRIR6,Trichoderma reesei,Trichoderma reesei (strain QM6a),Fungi,1,0.25014427
tr|G0RIS7|G0RIS7_TRIR6,Trichoderma reesei,Trichoderma reesei (strain QM6a),Fungi,1,0.40867656
tr|G0R6Z8|G0R6Z8_TRIR6,Trichoderma reesei,Trichoderma reesei (strain QM6a),Fungi,1,0.23589404
tr|G0RQS0|G0RQS0_TRIR6,Trichoderma reesei,Trichoderma reesei (strain QM6a),Fungi,1,0.10147996
tr|H6VQN7|H6VQN7_STAAU,Staphylococcus aureus,Staphylococcus_aureus,Bacteria,1,0.24168818
tr|A0A0H2XEF0|A0A0H2XEF0_STAA3,Staphylococcus aureus,Staphylococcus aureus (strain USA300),Bacteria,1,0.257354
tr|Q2FY64|Q2FY64_STAA8,Staphylococcus aureus,Staphylococcus aureus (strain NCTC 8325 / PS 47),Bacteria,1,0.257354
sp|P10335|LIP2_STAAU,Staphylococcus aureus,Staphylococcus_aureus,Bacteria,1,0.15727156
sp|Q6GDD3|LIP1_STAAR,Staphylococcus aureus,Staphylococcus aureus (strain MRSA252),Bacteria,1,0.08879817
sp|Q7A7P2|LIP2_STAAN,Staphylococcus aureus,Staphylococcus aureus (strain N315),Bacteria,1,0.15494065
sp|Q8NYC2|LIP2_STAAW,Staphylococcus aureus,Staphylococcus aureus (strain MW2),Bacteria,1,0.11533293
sp|P65288|LIP1_STAAM,Staphylococcus aureus,Staphylococcus aureus (strain Mu50 / ATCC 700699),Bacteria,1,0.09260454
sp|Q5HJ48|LIP2_STAAC,Staphylococcus aureus,Staphylococcus aureus (strain COL),Bacteria,1,0.15727156
sp|Q6GCF1|LIP2_STAAS,Staphylococcus aureus,Staphylococcus aureus (strain MSSA476),Bacteria,1,0.11533293
sp|Q99WQ6|LIP2_STAAM,Staphylococcus aureus,Staphylococcus aureus (strain Mu50 / ATCC 700699),Bacteria,1,0.15494065
sp|P65289|LIP1_STAAN,Staphylococcus aureus,Staphylococcus aureus (strain N315),Bacteria,1,0.09260454
sp|Q2G155|LIP2_STAA8,Staphylococcus aureus,Staphylococcus aureus (strain NCTC 8325 / PS 47),Bacteria,1,0.15727156
sp|Q6GJZ6|LIP2_STAAR,Staphylococcus aureus,Staphylococcus aureus (strain MRSA252),Bacteria,1,0.13036574
sp|Q2FUU5|LIP1_STAA8,Staphylococcus aureus,Staphylococcus aureus (strain NCTC 8325 / PS 47),Bacteria,1,0.10129182
sp|Q5HCM7|LIP1_STAAC,Staphylococcus aureus,Staphylococcus aureus (strain COL),Bacteria,1,0.10129182
sp|Q6G604|LIP1_STAAS,Staphylococcus aureus,Staphylococcus aureus (strain MSSA476),Bacteria,1,0.10129182
sp|Q8NUI5|LIP1_STAAW,Staphylococcus aureus,Staphylococcus aureus (strain MW2),Bacteria,1,0.10129182
tr|A0A0H2XI72|A0A0H2XI72_STAA3,Staphylococcus aureus,Staphylococcus aureus (strain USA300),Bacteria,1,0.15727156
tr|I6QPF1|I6QPF1_STAAU,Staphylococcus aureus,Staphylococcus_aureus,Bacteria,1,0.14506246
tr|A0A0H2XG41|A0A0H2XG41_STAA3,Staphylococcus aureus,Staphylococcus aureus (strain USA300),Bacteria,1,0.10129182
tr|A0A0U1MWF9|A0A0U1MWF9_STAAU,Staphylococcus aureus,Staphylococcus_aureus,Bacteria,1,0.12913479
tr|A0A1R3UHM3|A0A1R3UHM3_STAAU,Staphylococcus aureus,Staphylococcus_aureus,Bacteria,1,0.12744665
tr|Q9RQP5|Q9RQP5_STAAU,Staphylococcus aureus,Staphylococcus_aureus,Bacteria,1,0.11836263
sp|O33599|LYTM_STAA8,Staphylococcus aureus,Staphylococcus aureus (strain NCTC 8325 / PS 47),Bacteria,1,0.06394551
sp|A0A0H3K6J4|LYTM_STAAE,Staphylococcus aureus,Staphylococcus aureus (strain Newman),Bacteria,1,0.06394551
sp|P81177|AURE_STAAU,Staphylococcus aureus,Staphylococcus_aureus,Bacteria,1,0.089698195
sp|Q6GK35|LYTM_STAAR,Staphylococcus aureus,Staphylococcus aureus (strain MRSA252),Bacteria,1,0.062049527
sp|Q5HJ99|LYTM_STAAC,Staphylococcus aureus,Staphylococcus aureus (strain COL),Bacteria,1,0.06394551
sp|Q7A7T0|LYTM_STAAN,Staphylococcus aureus,Staphylococcus aureus (strain N315),Bacteria,1,0.061945505
sp|Q6GCJ6|LYTM_STAAS,Staphylococcus aureus,Staphylococcus aureus (strain MSSA476),Bacteria,1,0.071069136
sp|Q8NYG1|LYTM_STAAW,Staphylococcus aureus,Staphylococcus aureus (strain MW2),Bacteria,1,0.071069136
sp|Q99WV0|LYTM_STAAM,Staphylococcus aureus,Staphylococcus aureus (strain Mu50 / ATCC 700699),Bacteria,1,0.061945505
sp|P63333|Y1105_STAAN,Staphylococcus aureus,Staphylococcus aureus (strain N315),Bacteria,1,0.2782751
sp|Q6GHH3|Y1238_STAAR,Staphylococcus aureus,Staphylococcus aureus (strain MRSA252),Bacteria,1,0.2801124
sp|Q8NWZ4|Y1145_STAAW,Staphylococcus aureus,Staphylococcus aureus (strain MW2),Bacteria,1,0.25090495
sp|P63332|Y1262_STAAM,Staphylococcus aureus,Staphylococcus aureus (strain Mu50 / ATCC 700699),Bacteria,1,0.2782751
sp|Q6G9V1|Y1196_STAAS,Staphylococcus aureus,Staphylococcus aureus (strain MSSA476),Bacteria,1,0.25090495
sp|Q5HGG9|Y1281_STAAC,Staphylococcus aureus,Staphylococcus aureus (strain COL),Bacteria,1,0.24885286
tr|Q2G0R0|Q2G0R0_STAA8,Staphylococcus aureus,Staphylococcus aureus (strain NCTC 8325 / PS 47),Bacteria,1,0.1524095
tr|A0A0H2XGW5|A0A0H2XGW5_STAA3,Staphylococcus aureus,Staphylococcus aureus (strain USA300),Bacteria,1,0.162396
tr|A0A0H2XF37|A0A0H2XF37_STAA3,Staphylococcus aureus,Staphylococcus aureus (strain USA300),Bacteria,1,0.06394551
tr|A0A1R3UDY0|A0A1R3UDY0_STAAU,Staphylococcus aureus,Staphylococcus_aureus,Bacteria,1,0.39521807
tr|A0A0H2XIE5|A0A0H2XIE5_STAA3,Staphylococcus aureus,Staphylococcus aureus (strain USA300),Bacteria,1,0.37943017
tr|Q2FYC8|Q2FYC8_STAA8,Staphylococcus aureus,Staphylococcus aureus (strain NCTC 8325 / PS 47),Bacteria,1,0.19492689
tr|Q2FWU3|Q2FWU3_STAA8,Staphylococcus aureus,Staphylococcus aureus (strain NCTC 8325 / PS 47),Bacteria,1,0.4322889
tr|A0A0H2XJU0|A0A0H2XJU0_STAA3,Staphylococcus aureus,Staphylococcus aureus (strain USA300),Bacteria,1,0.19042213
tr|Q2G1F1|Q2G1F1_STAA8,Staphylococcus aureus,Staphylococcus aureus (strain NCTC 8325 / PS 47),Bacteria,1,0.13699955
tr|A8QKC8|A8QKC8_STAAU,Staphylococcus aureus,Staphylococcus_aureus,Bacteria,1,0.07909438
tr|A8QKE1|A8QKE1_STAAU,Staphylococcus aureus,Staphylococcus_aureus,Bacteria,1,0.08704637
tr|A8QKE3|A8QKE3_STAAU,Staphylococcus aureus,Staphylococcus_aureus,Bacteria,1,0.091383636
tr|A0A0H2XIY5|A0A0H2XIY5_STAA3,Staphylococcus aureus,Staphylococcus aureus (strain USA300),Bacteria,1,0.5964124
tr|A8QKC9|A8QKC9_STAAU,Staphylococcus aureus,Staphylococcus_aureus,Bacteria,1,0.07624369
tr|A8QKE4|A8QKE4_STAAU,Staphylococcus aureus,Staphylococcus_aureus,Bacteria,1,0.0867906
tr|Q2G1Z5|Q2G1Z5_STAA8,Staphylococcus aureus,Staphylococcus aureus (strain NCTC 8325 / PS 47),Bacteria,1,0.2601593
tr|A0A0H2XDQ5|A0A0H2XDQ5_STAA3,Staphylococcus aureus,Staphylococcus aureus (strain USA300),Bacteria,1,0.0829784
tr|A0A0H2XJD2|A0A0H2XJD2_STAA3,Staphylococcus aureus,Staphylococcus aureus (strain USA300),Bacteria,1,0.2601593
tr|A8QKC6|A8QKC6_STAAU,Staphylococcus aureus,Staphylococcus_aureus,Bacteria,1,0.0829784
tr|A8QKD5|A8QKD5_STAAU,Staphylococcus aureus,Staphylococcus_aureus,Bacteria,1,0.079858266
tr|Q2FUX4|Q2FUX4_STAA8,Staphylococcus aureus,Staphylococcus aureus (strain NCTC 8325 / PS 47),Bacteria,1,0.08216393
tr|Q9RL72|Q9RL72_STAAU,Staphylococcus aureus,Staphylococcus_aureus,Bacteria,1,0.08062951
tr|A8QKD4|A8QKD4_STAAU,Staphylococcus aureus,Staphylococcus_aureus,Bacteria,1,0.07956118
tr|A8QKD9|A8QKD9_STAAU,Staphylococcus aureus,Staphylococcus_aureus,Bacteria,1,0.077789254
tr|A8QKE2|A8QKE2_STAAU,Staphylococcus aureus,Staphylococcus_aureus,Bacteria,1,0.089698195
tr|A8QKE6|A8QKE6_STAAU,Staphylococcus aureus,Staphylococcus_aureus,Bacteria,1,0.0916725
tr|A0A0H2XIW1|A0A0H2XIW1_STAA3,Staphylococcus aureus,Staphylococcus aureus (strain USA300),Bacteria,1,0.11407393
tr|A8QKD2|A8QKD2_STAAU,Staphylococcus aureus,Staphylococcus_aureus,Bacteria,1,0.0750639
tr|A8QKE0|A8QKE0_STAAU,Staphylococcus aureus,Staphylococcus_aureus,Bacteria,1,0.08615875
tr|Q2FYQ2|Q2FYQ2_STAA8,Staphylococcus aureus,Staphylococcus aureus (strain NCTC 8325 / PS 47),Bacteria,1,0.5964124
tr|Q2G1U3|Q2G1U3_STAA8,Staphylococcus aureus,Staphylococcus aureus (strain NCTC 8325 / PS 47),Bacteria,1,0.11407393
tr|Q9RL71|Q9RL71_STAAU,Staphylococcus aureus,Staphylococcus_aureus,Bacteria,1,0.07872334
tr|A0A0H2XH18|A0A0H2XH18_STAA3,Staphylococcus aureus,Staphylococcus aureus (strain USA300),Bacteria,1,0.120104775
tr|Q2FW53|Q2FW53_STAA8,Staphylococcus aureus,Staphylococcus aureus (strain NCTC 8325 / PS 47),Bacteria,1,0.120104775
tr|A0A0H2XGS4|A0A0H2XGS4_STAA3,Staphylococcus aureus,Staphylococcus aureus (strain USA300),Bacteria,1,0.13699955
tr|A0A0H2XHJ8|A0A0H2XHJ8_STAA3,Staphylococcus aureus,Staphylococcus aureus (strain USA300),Bacteria,1,0.20045051
sp|Q2FZL2|SSPA_STAA8,Staphylococcus aureus,Staphylococcus aureus (strain NCTC 8325 / PS 47),Bacteria,1,0.17286797
sp|P0C1U8|SSPA_STAAU,Staphylococcus aureus,Staphylococcus_aureus,Bacteria,1,0.17286797
sp|Q5HH35|SSPA_STAAC,Staphylococcus aureus,Staphylococcus aureus (strain COL),Bacteria,1,0.17286797
sp|Q99V45|SSPA_STAAM,Staphylococcus aureus,Staphylococcus aureus (strain Mu50 / ATCC 700699),Bacteria,1,0.17186768
sp|Q6GAG4|SSPA_STAAS,Staphylococcus aureus,Staphylococcus aureus (strain MSSA476),Bacteria,1,0.18880495
sp|Q6GI34|SSPA_STAAR,Staphylococcus aureus,Staphylococcus aureus (strain MRSA252),Bacteria,1,0.15574165
sp|Q8NX98|SSPA_STAAW,Staphylococcus aureus,Staphylococcus aureus (strain MW2),Bacteria,1,0.19597363
sp|Q7A6A6|SSPA_STAAN,Staphylococcus aureus,Staphylococcus aureus (strain N315),Bacteria,1,0.17186768
sp|P09331|ETA_STAAU,Staphylococcus aureus,Staphylococcus_aureus,Bacteria,1,0.11988947
sp|Q2FXC3|SPLB_STAA8,Staphylococcus aureus,Staphylococcus aureus (strain NCTC 8325 / PS 47),Bacteria,1,0.12625994
sp|A5IQX2|CLPP_STAA9,Staphylococcus aureus,Staphylococcus aureus (strain JH9),Bacteria,1,0.020560956
sp|A7WZR9|CLPP_STAA1,Staphylococcus aureus,Staphylococcus aureus (strain Mu3 / ATCC 700698),Bacteria,1,0.020560956
sp|A7X1Z4|LEXA_STAA1,Staphylococcus aureus,Staphylococcus aureus (strain Mu3 / ATCC 700698),Bacteria,1,0.0832306
sp|A8Z045|CLPP_STAAT,Staphylococcus aureus,Staphylococcus aureus (strain USA300 / TCH1516),Bacteria,1,0.020560956
sp|P0A067|LEP_STAAM,Staphylococcus aureus,Staphylococcus aureus (strain Mu50 / ATCC 700699),Bacteria,1,0.057072014
sp|Q2FH94|LEXA_STAA3,Staphylococcus aureus,Staphylococcus aureus (strain USA300),Bacteria,1,0.0812306
sp|Q2FYU1|LEXA_STAA8,Staphylococcus aureus,Staphylococcus aureus (strain NCTC 8325 / PS 47),Bacteria,1,0.0812306
sp|Q2YXS8|LEXA_STAAB,Staphylococcus aureus,Staphylococcus aureus (strain bovine RF122 / ET3-1),Bacteria,1,0.0832306
sp|Q6GAW1|LEP_STAAS,Staphylococcus aureus,Staphylococcus aureus (strain MSSA476),Bacteria,1,0.057072014
sp|A6QF76|CLPP_STAAE,Staphylococcus aureus,Staphylococcus aureus (strain Newman),Bacteria,1,0.020560956
sp|P0A068|LEP_STAAN,Staphylococcus aureus,Staphylococcus aureus (strain N315),Bacteria,1,0.057072014
sp|P99089|CLPP_STAAN,Staphylococcus aureus,Staphylococcus aureus (strain N315),Bacteria,1,0.020560956
sp|Q2G036|CLPP_STAA8,Staphylococcus aureus,Staphylococcus aureus (strain NCTC 8325 / PS 47),Bacteria,1,0.020560956
sp|Q5HHQ0|CLPP_STAAC,Staphylococcus aureus,Staphylococcus aureus (strain COL),Bacteria,1,0.020560956
sp|Q6G9L9|LEXA_STAAS,Staphylococcus aureus,Staphylococcus aureus (strain MSSA476),Bacteria,1,0.0812306
sp|P0A069|LEP_STAAW,Staphylococcus aureus,Staphylococcus aureus (strain MW2),Bacteria,1,0.057072014
sp|Q2FIM5|CLPP_STAA3,Staphylococcus aureus,Staphylococcus aureus (strain USA300),Bacteria,1,0.020560956
sp|A6QGP1|LEXA_STAAE,Staphylococcus aureus,Staphylococcus aureus (strain Newman),Bacteria,1,0.104820736
sp|A6TZP7|CLPP_STAA2,Staphylococcus aureus,Staphylococcus aureus (strain JH1),Bacteria,1,0.020560956
sp|P65819|LEXA_STAAM,Staphylococcus aureus,Staphylococcus aureus (strain Mu50 / ATCC 700699),Bacteria,1,0.0832306
sp|P65820|LEXA_STAAN,Staphylococcus aureus,Staphylococcus aureus (strain N315),Bacteria,1,0.0832306
sp|Q2YSF8|CLPP_STAAB,Staphylococcus aureus,Staphylococcus aureus (strain bovine RF122 / ET3-1),Bacteria,1,0.020560956
sp|Q6GB62|CLPP_STAAS,Staphylococcus aureus,Staphylococcus aureus (strain MSSA476),Bacteria,1,0.020560956
sp|Q6GIC3|LEP_STAAR,Staphylococcus aureus,Staphylococcus aureus (strain MRSA252),Bacteria,1,0.05895063
sp|P0A070|LEP_STAAU,Staphylococcus aureus,Staphylococcus_aureus,Bacteria,1,0.057072014
sp|P63785|CLPP_STAAM,Staphylococcus aureus,Staphylococcus aureus (strain Mu50 / ATCC 700699),Bacteria,1,0.020560956
sp|P63786|CLPP_STAAW,Staphylococcus aureus,Staphylococcus aureus (strain MW2),Bacteria,1,0.020560956
sp|Q5HHB9|LEP_STAAC,Staphylococcus aureus,Staphylococcus aureus (strain COL),Bacteria,1,0.057034127
sp|Q6GH67|LEXA_STAAR,Staphylococcus aureus,Staphylococcus aureus (strain MRSA252),Bacteria,1,0.0812306
sp|Q6GIM3|CLPP_STAAR,Staphylococcus aureus,Staphylococcus aureus (strain MRSA252),Bacteria,1,0.020560956
sp|Q93SM0|LEXA_STAAW,Staphylococcus aureus,Staphylococcus aureus (strain MW2),Bacteria,1,0.0812306
sp|Q9L4P1|LEXA_STAAC,Staphylococcus aureus,Staphylococcus aureus (strain COL),Bacteria,1,0.0812306
sp|Q6GGY8|CTPAL_STAAR,Staphylococcus aureus,Staphylococcus aureus (strain MRSA252),Bacteria,1,0.09476369
sp|Q99U67|CTPAL_STAAM,Staphylococcus aureus,Staphylococcus aureus (strain Mu50 / ATCC 700699),Bacteria,1,0.08577675
sp|A5JJ15|SPLA2_STAAU,Staphylococcus aureus,Staphylococcus_aureus,Bacteria,1,0.10193561
sp|Q2FXC8|SPLF_STAA8,Staphylococcus aureus,Staphylococcus aureus (strain NCTC 8325 / PS 47),Bacteria,1,0.119255535
sp|Q7A5M9|CTPAL_STAAN,Staphylococcus aureus,Staphylococcus aureus (strain N315),Bacteria,1,0.08577675
sp|A0A0H3KAV3|SSL1_STAAE,Staphylococcus aureus,Staphylococcus aureus (strain Newman),Bacteria,1,0.11196591
sp|P09332|ETB_STAAU,Staphylococcus aureus,Staphylococcus_aureus,Bacteria,1,0.15763493
sp|Q2FXC2|SPLA_STAA8,Staphylococcus aureus,Staphylococcus aureus (strain NCTC 8325 / PS 47),Bacteria,1,0.10329307
sp|Q2YXZ9|CTPAL_STAAB,Staphylococcus aureus,Staphylococcus aureus (strain bovine RF122 / ET3-1),Bacteria,1,0.09481031
sp|Q2FXC4|SPLC_STAA8,Staphylococcus aureus,Staphylococcus aureus (strain NCTC 8325 / PS 47),Bacteria,1,0.22274247
sp|Q5HG01|CTPAL_STAAC,Staphylococcus aureus,Staphylococcus aureus (strain COL),Bacteria,1,0.090427615
sp|Q6G9E1|CTPAL_STAAS,Staphylococcus aureus,Staphylococcus aureus (strain MSSA476),Bacteria,1,0.088513575
sp|Q8NWR2|CTPAL_STAAW,Staphylococcus aureus,Staphylococcus aureus (strain MW2),Bacteria,1,0.088513575
sp|A6U2R6|SPLF_STAA2,Staphylococcus aureus,Staphylococcus aureus (strain JH1),Bacteria,1,0.11708363
sp|A7X3Q8|SPLB_STAA1,Staphylococcus aureus,Staphylococcus aureus (strain Mu3 / ATCC 700698),Bacteria,1,0.12913513
sp|A8Z4N4|SPLF_STAAT,Staphylococcus aureus,Staphylococcus aureus (strain USA300 / TCH1516),Bacteria,1,0.119255535
sp|A8Z4N5|SPLE_STAAT,Staphylococcus aureus,Staphylococcus aureus (strain USA300 / TCH1516),Bacteria,1,0.08759817
sp|Q2FFS9|SPLA_STAA3,Staphylococcus aureus,Staphylococcus aureus (strain USA300),Bacteria,1,0.10329307
sp|Q2FFT1|SPLC_STAA3,Staphylococcus aureus,Staphylococcus aureus (strain USA300),Bacteria,1,0.22274247
sp|Q2FXC5|SPLD_STAA8,Staphylococcus aureus,Staphylococcus aureus (strain NCTC 8325 / PS 47),Bacteria,1,0.11247444
sp|Q2YX06|HTRAL_STAAB,Staphylococcus aureus,Staphylococcus aureus (strain bovine RF122 / ET3-1),Bacteria,1,0.08610281
sp|Q53782|SPLC_STAAU,Staphylococcus aureus,Staphylococcus_aureus,Bacteria,1,0.2039456
sp|Q5HEW1|SPLB_STAAC,Staphylococcus aureus,Staphylococcus aureus (strain COL),Bacteria,1,0.12625994
sp|Q5HEW2|SPLC_STAAC,Staphylococcus aureus,Staphylococcus aureus (strain COL),Bacteria,1,0.22274247
sp|Q5HEW4|SPLE_STAAC,Staphylococcus aureus,Staphylococcus aureus (strain COL),Bacteria,1,0.08759817
sp|Q6GAJ1|HTRAL_STAAS,Staphylococcus aureus,Staphylococcus aureus (strain MSSA476),Bacteria,1,0.08482422
sp|Q7A2Q7|SPLB_STAAM,Staphylococcus aureus,Staphylococcus aureus (strain Mu50 / ATCC 700699),Bacteria,1,0.12913513
sp|Q7A4Y1|SPLB_STAAN,Staphylococcus aureus,Staphylococcus aureus (strain N315),Bacteria,1,0.12913513
sp|Q7A4Y2|SPLC_STAAN,Staphylococcus aureus,Staphylococcus aureus (strain N315),Bacteria,1,0.2039456
sp|Q8NVX8|SPLF_STAAW,Staphylococcus aureus,Staphylococcus aureus (strain MW2),Bacteria,1,0.11806679
sp|A5ITX6|SPLC_STAA9,Staphylococcus aureus,Staphylococcus aureus (strain JH9),Bacteria,1,0.2039456
sp|A5ITX7|SPLB_STAA9,Staphylococcus aureus,Staphylococcus aureus (strain JH9),Bacteria,1,0.12913513
sp|A6U2R9|SPLA_STAA2,Staphylococcus aureus,Staphylococcus aureus (strain JH1),Bacteria,1,0.10848344
sp|A7X3Q5|SPLF_STAA1,Staphylococcus aureus,Staphylococcus aureus (strain Mu3 / ATCC 700698),Bacteria,1,0.11446969
sp|A8Z4N7|SPLC_STAAT,Staphylococcus aureus,Staphylococcus aureus (strain USA300 / TCH1516),Bacteria,1,0.22274247
sp|Q2FI55|HTRAL_STAA3,Staphylococcus aureus,Staphylococcus aureus (strain USA300),Bacteria,1,0.085782506
sp|Q5HEW0|SPLA_STAAC,Staphylococcus aureus,Staphylococcus aureus (strain COL),Bacteria,1,0.10087632
sp|Q6G8C1|SPLA_STAAS,Staphylococcus aureus,Staphylococcus aureus (strain MSSA476),Bacteria,1,0.10198733
sp|Q6G8C3|SPLC_STAAS,Staphylococcus aureus,Staphylococcus aureus (strain MSSA476),Bacteria,1,0.23024896
sp|Q7A6C9|HTRAL_STAAN,Staphylococcus aureus,Staphylococcus aureus (strain N315),Bacteria,1,0.0813433
sp|Q8NVX5|SPLA_STAAW,Staphylococcus aureus,Staphylococcus aureus (strain MW2),Bacteria,1,0.10198733
sp|A5ITX8|SPLA_STAA9,Staphylococcus aureus,Staphylococcus aureus (strain JH9),Bacteria,1,0.10848344
sp|A6QHZ5|SPLB_STAAE,Staphylococcus aureus,Staphylococcus aureus (strain Newman),Bacteria,1,0.12625994
sp|A7X3Q7|SPLC_STAA1,Staphylococcus aureus,Staphylococcus aureus (strain Mu3 / ATCC 700698),Bacteria,1,0.2039456
sp|Q2FFT0|SPLB_STAA3,Staphylococcus aureus,Staphylococcus aureus (strain USA300),Bacteria,1,0.12625994
sp|Q2FFT2|SPLD_STAA3,Staphylococcus aureus,Staphylococcus aureus (strain USA300),Bacteria,1,0.11247444
sp|Q2FFT4|SPLF_STAA3,Staphylococcus aureus,Staphylococcus aureus (strain USA300),Bacteria,1,0.1191225
sp|Q2FXC7|SPLE_STAA8,Staphylococcus aureus,Staphylococcus aureus (strain NCTC 8325 / PS 47),Bacteria,1,0.08759817
sp|Q2FZP2|HTRAL_STAA8,Staphylococcus aureus,Staphylococcus aureus (strain NCTC 8325 / PS 47),Bacteria,1,0.08384855
sp|Q5HEW3|SPLD_STAAC,Staphylococcus aureus,Staphylococcus aureus (strain COL),Bacteria,1,0.11378254
sp|Q5HEW5|SPLF_STAAC,Staphylococcus aureus,Staphylococcus aureus (strain COL),Bacteria,1,0.119255535
sp|Q5HH63|HTRAL_STAAC,Staphylococcus aureus,Staphylococcus aureus (strain COL),Bacteria,1,0.08401521
sp|Q6GFN8|SPLC_STAAR,Staphylococcus aureus,Staphylococcus aureus (strain MRSA252),Bacteria,1,0.32664856
sp|Q6GI62|HTRAL_STAAR,Staphylococcus aureus,Staphylococcus aureus (strain MRSA252),Bacteria,1,0.09139279
sp|Q7A2Q9|SPLD_STAAM,Staphylococcus aureus,Staphylococcus aureus (strain Mu50 / ATCC 700699),Bacteria,1,0.11247444
sp|Q7A4Y0|SPLA_STAAN,Staphylococcus aureus,Staphylococcus aureus (strain N315),Bacteria,1,0.10848344
sp|Q7A4Y4|SPLF_STAAN,Staphylococcus aureus,Staphylococcus aureus (strain N315),Bacteria,1,0.11446969
sp|Q8NVX6|SPLB_STAAW,Staphylococcus aureus,Staphylococcus aureus (strain MW2),Bacteria,1,0.12959199
sp|A6QHZ4|SPLC_STAAE,Staphylococcus aureus,Staphylococcus aureus (strain Newman),Bacteria,1,0.22274247
sp|A6U2R8|SPLB_STAA2,Staphylococcus aureus,Staphylococcus aureus (strain JH1),Bacteria,1,0.12913513
sp|A7X3Q6|SPLD_STAA1,Staphylococcus aureus,Staphylococcus aureus (strain Mu3 / ATCC 700698),Bacteria,1,0.11247444
sp|A8Z4N6|SPLD_STAAT,Staphylococcus aureus,Staphylococcus aureus (strain USA300 / TCH1516),Bacteria,1,0.11247444
sp|A8Z4N9|SPLA_STAAT,Staphylococcus aureus,Staphylococcus aureus (strain USA300 / TCH1516),Bacteria,1,0.10329307
sp|Q2FFT3|SPLE_STAA3,Staphylococcus aureus,Staphylococcus aureus (strain USA300),Bacteria,1,0.08759817
sp|Q2YTM3|SPLB_STAAB,Staphylococcus aureus,Staphylococcus aureus (strain bovine RF122 / ET3-1),Bacteria,1,0.14356254
sp|Q2YTM4|SPLC_STAAB,Staphylococcus aureus,Staphylococcus aureus (strain bovine RF122 / ET3-1),Bacteria,1,0.35157865
sp|Q53781|SPLB_STAAU,Staphylococcus aureus,Staphylococcus_aureus,Bacteria,1,0.12913513
sp|Q7A2Q8|SPLC_STAAM,Staphylococcus aureus,Staphylococcus aureus (strain Mu50 / ATCC 700699),Bacteria,1,0.2039456
sp|Q7A4Y3|SPLD_STAAN,Staphylococcus aureus,Staphylococcus aureus (strain N315),Bacteria,1,0.11247444
sp|Q8NVX7|SPLC_STAAW,Staphylococcus aureus,Staphylococcus aureus (strain MW2),Bacteria,1,0.23275924
sp|Q8NXB8|HTRAL_STAAW,Staphylococcus aureus,Staphylococcus aureus (strain MW2),Bacteria,1,0.08482422
sp|Q99T60|SPLA_STAAM,Staphylococcus aureus,Staphylococcus aureus (strain Mu50 / ATCC 700699),Bacteria,1,0.10848344
sp|A5ITX5|SPLF_STAA9,Staphylococcus aureus,Staphylococcus aureus (strain JH9),Bacteria,1,0.11708363
sp|A6QHZ1|SPLF_STAAE,Staphylococcus aureus,Staphylococcus aureus (strain Newman),Bacteria,1,0.119255535
sp|A6QHZ2|SPLE_STAAE,Staphylococcus aureus,Staphylococcus aureus (strain Newman),Bacteria,1,0.08759817
sp|A6QHZ3|SPLD_STAAE,Staphylococcus aureus,Staphylococcus aureus (strain Newman),Bacteria,1,0.11247444
sp|A6QHZ6|SPLA_STAAE,Staphylococcus aureus,Staphylococcus aureus (strain Newman),Bacteria,1,0.10087632
sp|A6U2R7|SPLC_STAA2,Staphylococcus aureus,Staphylococcus aureus (strain JH1),Bacteria,1,0.2039456
sp|A7X3R0|SPLA_STAA1,Staphylococcus aureus,Staphylococcus aureus (strain Mu3 / ATCC 700698),Bacteria,1,0.10848344
sp|A8Z4N8|SPLB_STAAT,Staphylococcus aureus,Staphylococcus aureus (strain USA300 / TCH1516),Bacteria,1,0.12625994
sp|Q2G0X9|SSL1_STAA8,Staphylococcus aureus,Staphylococcus aureus (strain NCTC 8325 / PS 47),Bacteria,1,0.11196591
sp|Q6G8C2|SPLB_STAAS,Staphylococcus aureus,Staphylococcus aureus (strain MSSA476),Bacteria,1,0.12959199
sp|Q6G8C4|SPLF_STAAS,Staphylococcus aureus,Staphylococcus aureus (strain MSSA476),Bacteria,1,0.11806679
sp|Q6GFP0|SPLE_STAAR,Staphylococcus aureus,Staphylococcus aureus (strain MRSA252),Bacteria,1,0.090308286
sp|Q99T61|SPLF_STAAM,Staphylococcus aureus,Staphylococcus aureus (strain Mu50 / ATCC 700699),Bacteria,1,0.11446969
sp|Q99V70|HTRAL_STAAM,Staphylococcus aureus,Staphylococcus aureus (strain Mu50 / ATCC 700699),Bacteria,1,0.0813433
sp|Q9FD07|SPLE_STAAU,Staphylococcus aureus,Staphylococcus_aureus,Bacteria,1,0.10088461
sp|Q9FD08|SPLA1_STAAU,Staphylococcus aureus,Staphylococcus_aureus,Bacteria,1,0.10506415
tr|A0A0D1I3W4|A0A0D1I3W4_STAAU,Staphylococcus aureus,Staphylococcus_aureus,Bacteria,1,0.020560956
tr|A0A0H2XEA7|A0A0H2XEA7_STAA3,Staphylococcus aureus,Staphylococcus aureus (strain USA300),Bacteria,1,0.06437961
tr|A0A0H2XHY0|A0A0H2XHY0_STAA3,Staphylococcus aureus,Staphylococcus aureus (strain USA300),Bacteria,1,0.09323037
tr|Q2FZT7|Q2FZT7_STAA8,Staphylococcus aureus,Staphylococcus aureus (strain NCTC 8325 / PS 47),Bacteria,1,0.06437961
tr|Q2FZT8|Q2FZT8_STAA8,Staphylococcus aureus,Staphylococcus aureus (strain NCTC 8325 / PS 47),Bacteria,1,0.09323037
tr|A0A0H2WX20|A0A0H2WX20_STAAC,Staphylococcus aureus,Staphylococcus aureus (strain COL),Bacteria,1,0.12096506
tr|A0A2S1FUI9|A0A2S1FUI9_STAAU,Staphylococcus aureus,Staphylococcus_aureus,Bacteria,1,0.11831576
tr|Q2FXB6|Q2FXB6_STAA8,Staphylococcus aureus,Staphylococcus aureus (strain NCTC 8325 / PS 47),Bacteria,1,0.12096506
tr|Q7A8F4|Q7A8F4_STAAU,Staphylococcus aureus,Staphylococcus_aureus,Bacteria,1,0.15763493
tr|Q8GAX7|Q8GAX7_STAAU,Staphylococcus aureus,Staphylococcus_aureus,Bacteria,1,0.12922886
tr|A0A0H2XFC3|A0A0H2XFC3_STAA3,Staphylococcus aureus,Staphylococcus aureus (strain USA300),Bacteria,1,0.17286797
tr|A0A0H2XIS6|A0A0H2XIS6_STAA3,Staphylococcus aureus,Staphylococcus aureus (strain USA300),Bacteria,1,0.12096506
tr|Q04186|Q04186_STAAU,Staphylococcus aureus,Staphylococcus_aureus,Bacteria,1,0.1514278
tr|Q8GAX8|Q8GAX8_STAAU,Staphylococcus aureus,Staphylococcus_aureus,Bacteria,1,0.14170904
tr|L0RUV7|L0RUV7_STAAU,Staphylococcus aureus,Staphylococcus_aureus,Bacteria,1,0.11833619
tr|Q9R7V1|Q9R7V1_STAAU,Staphylococcus aureus,Staphylococcus_aureus,Bacteria,1,0.45587856
tr|Q4WPQ9|Q4WPQ9_ASPFU,Aspergillus fumigatus,Aspergillus fumigatus (strain ATCC MYA-4609 / CBS 101355 / FGSC A1100 / Af293),Fungi,1,0.37596545
tr|B0Y6K2|B0Y6K2_ASPFC,Aspergillus fumigatus,Aspergillus fumigatus (strain CBS 144.89 / FGSC A1163 / CEA10),Fungi,1,0.37596545
tr|B0XT27|B0XT27_ASPFC,Aspergillus fumigatus,Aspergillus fumigatus (strain CBS 144.89 / FGSC A1163 / CEA10),Fungi,1,0.3121904
tr|Q4WIT5|Q4WIT5_ASPFU,Aspergillus fumigatus,Aspergillus fumigatus (strain ATCC MYA-4609 / CBS 101355 / FGSC A1100 / Af293),Fungi,1,0.31330612
tr|Q4X0H4|Q4X0H4_ASPFU,Aspergillus fumigatus,Aspergillus fumigatus (strain ATCC MYA-4609 / CBS 101355 / FGSC A1100 / Af293),Fungi,1,0.2650899
tr|Q4WRT6|Q4WRT6_ASPFU,Aspergillus fumigatus,Aspergillus fumigatus (strain ATCC MYA-4609 / CBS 101355 / FGSC A1100 / Af293),Fungi,1,0.35844007
sp|Q4WAJ6|CELB_ASPFU,Aspergillus fumigatus,Aspergillus fumigatus (strain ATCC MYA-4609 / CBS 101355 / FGSC A1100 / Af293),Fungi,1,0.38846517
sp|B0YBX0|CELB_ASPFC,Aspergillus fumigatus,Aspergillus fumigatus (strain CBS 144.89 / FGSC A1163 / CEA10),Fungi,1,0.38795653
tr|Q4X1L7|Q4X1L7_ASPFU,Aspergillus fumigatus,Aspergillus fumigatus (strain ATCC MYA-4609 / CBS 101355 / FGSC A1100 / Af293),Fungi,1,0.3012689
tr|F1DGF5|F1DGF5_ASPFM,Aspergillus fumigatus,Aspergillus_fumigatus,Fungi,1,0.3012689
tr|Q4WM09|Q4WM09_ASPFU,Aspergillus fumigatus,Aspergillus fumigatus (strain ATCC MYA-4609 / CBS 101355 / FGSC A1100 / Af293),Fungi,1,0.3572372
tr|B0Y8K1|B0Y8K1_ASPFC,Aspergillus fumigatus,Aspergillus fumigatus (strain CBS 144.89 / FGSC A1163 / CEA10),Fungi,1,0.3572372
tr|B0XRZ6|B0XRZ6_ASPFC,Aspergillus fumigatus,Aspergillus fumigatus (strain CBS 144.89 / FGSC A1163 / CEA10),Fungi,1,0.3012689
tr|F1DGF4|F1DGF4_ASPFM,Aspergillus fumigatus,Aspergillus_fumigatus,Fungi,1,0.3572372
tr|Q4WCM9|Q4WCM9_ASPFU,Aspergillus fumigatus,Aspergillus fumigatus (strain ATCC MYA-4609 / CBS 101355 / FGSC A1100 / Af293),Fungi,1,0.5596267
tr|B0Y7D7|B0Y7D7_ASPFC,Aspergillus fumigatus,Aspergillus fumigatus (strain CBS 144.89 / FGSC A1163 / CEA10),Fungi,1,0.2932224
tr|Q4WN62|Q4WN62_ASPFU,Aspergillus fumigatus,Aspergillus fumigatus (strain ATCC MYA-4609 / CBS 101355 / FGSC A1100 / Af293),Fungi,1,0.2932224
tr|T1YVP0|T1YVP0_ASPFM,Aspergillus fumigatus,Aspergillus_fumigatus,Fungi,1,0.52641374
tr|B0YDR8|B0YDR8_ASPFC,Aspergillus fumigatus,Aspergillus fumigatus (strain CBS 144.89 / FGSC A1163 / CEA10),Fungi,1,0.5561243
tr|A0A9P8ST56|A0A9P8ST56_ASPFM,Aspergillus fumigatus,Aspergillus_fumigatus,Fungi,1,0.38846517
tr|I2BJL6|I2BJL6_ASPFM,Aspergillus fumigatus,Aspergillus_fumigatus,Fungi,1,0.5561243
tr|Q4WE56|Q4WE56_ASPFU,Aspergillus fumigatus,Aspergillus fumigatus (strain ATCC MYA-4609 / CBS 101355 / FGSC A1100 / Af293),Fungi,1,0.37772104
tr|Q4WGZ2|Q4WGZ2_ASPFU,Aspergillus fumigatus,Aspergillus fumigatus (strain ATCC MYA-4609 / CBS 101355 / FGSC A1100 / Af293),Fungi,1,0.354911
sp|Q4X180|ATG15_ASPFU,Aspergillus fumigatus,Aspergillus fumigatus (strain ATCC MYA-4609 / CBS 101355 / FGSC A1100 / Af293),Fungi,1,0.4408809
tr|B0XSC4|B0XSC4_ASPFC,Aspergillus fumigatus,Aspergillus fumigatus (strain CBS 144.89 / FGSC A1163 / CEA10),Fungi,1,0.4429722
tr|Q4WHB3|Q4WHB3_ASPFU,Aspergillus fumigatus,Aspergillus fumigatus (strain ATCC MYA-4609 / CBS 101355 / FGSC A1100 / Af293),Fungi,1,0.49750903
tr|Q4WEP8|Q4WEP8_ASPFU,Aspergillus fumigatus,Aspergillus fumigatus (strain ATCC MYA-4609 / CBS 101355 / FGSC A1100 / Af293),Fungi,1,0.30980253
tr|Q4WAP6|Q4WAP6_ASPFU,Aspergillus fumigatus,Aspergillus fumigatus (strain ATCC MYA-4609 / CBS 101355 / FGSC A1100 / Af293),Fungi,1,0.54819
tr|Q4WW22|Q4WW22_ASPFU,Aspergillus fumigatus,Aspergillus fumigatus (strain ATCC MYA-4609 / CBS 101355 / FGSC A1100 / Af293),Fungi,1,0.26448038
sp|P46075|ELM_ASPFU,Aspergillus fumigatus,Aspergillus fumigatus (strain ATCC MYA-4609 / CBS 101355 / FGSC A1100 / Af293),Fungi,1,0.09590604
sp|Q4WQ08|ADMB_ASPFU,Aspergillus fumigatus,Aspergillus fumigatus (strain ATCC MYA-4609 / CBS 101355 / FGSC A1100 / Af293),Fungi,1,0.29353616
sp|Q09016|MEP20_ASPFM,Aspergillus fumigatus,Aspergillus_fumigatus,Fungi,1,0.5033385
sp|B0Y4X9|NPIIB_ASPFC,Aspergillus fumigatus,Aspergillus fumigatus (strain CBS 144.89 / FGSC A1163 / CEA10),Fungi,1,0.5370083
sp|Q4WMU9|PMIP_ASPFU,Aspergillus fumigatus,Aspergillus fumigatus (strain ATCC MYA-4609 / CBS 101355 / FGSC A1100 / Af293),Fungi,1,0.4375983
sp|B0Y7Q2|PMIP_ASPFC,Aspergillus fumigatus,Aspergillus fumigatus (strain CBS 144.89 / FGSC A1163 / CEA10),Fungi,1,0.43694434
sp|B0YEV0|NPIIA_ASPFC,Aspergillus fumigatus,Aspergillus fumigatus (strain CBS 144.89 / FGSC A1163 / CEA10),Fungi,1,0.34418246
sp|Q4WA45|NPIIC_ASPFU,Aspergillus fumigatus,Aspergillus fumigatus (strain ATCC MYA-4609 / CBS 101355 / FGSC A1100 / Af293),Fungi,1,0.36308601
sp|Q4WQR6|NPIIA_ASPFU,Aspergillus fumigatus,Aspergillus fumigatus (strain ATCC MYA-4609 / CBS 101355 / FGSC A1100 / Af293),Fungi,1,0.54005754
sp|B0XPZ1|MEP1_ASPFC,Aspergillus fumigatus,Aspergillus fumigatus (strain CBS 144.89 / FGSC A1163 / CEA10),Fungi,1,0.26845714
sp|B0Y9E2|MEP_ASPFC,Aspergillus fumigatus,Aspergillus fumigatus (strain CBS 144.89 / FGSC A1163 / CEA10),Fungi,1,0.09590604
sp|Q4WP38|PREP_ASPFU,Aspergillus fumigatus,Aspergillus fumigatus (strain ATCC MYA-4609 / CBS 101355 / FGSC A1100 / Af293),Fungi,1,0.23365267
sp|Q4WJ01|MEP1_ASPFU,Aspergillus fumigatus,Aspergillus fumigatus (strain ATCC MYA-4609 / CBS 101355 / FGSC A1100 / Af293),Fungi,1,0.25328106
sp|Q4X261|ATP23_ASPFU,Aspergillus fumigatus,Aspergillus fumigatus (strain ATCC MYA-4609 / CBS 101355 / FGSC A1100 / Af293),Fungi,1,0.43494856
tr|Q4WP06|Q4WP06_ASPFU,Aspergillus fumigatus,Aspergillus fumigatus (strain ATCC MYA-4609 / CBS 101355 / FGSC A1100 / Af293),Fungi,1,0.15438561
tr|Q4WZ59|Q4WZ59_ASPFU,Aspergillus fumigatus,Aspergillus fumigatus (strain ATCC MYA-4609 / CBS 101355 / FGSC A1100 / Af293),Fungi,1,0.28094196
tr|B0XW17|B0XW17_ASPFC,Aspergillus fumigatus,Aspergillus fumigatus (strain CBS 144.89 / FGSC A1163 / CEA10),Fungi,1,0.28094196
tr|B0Y5V1|B0Y5V1_ASPFC,Aspergillus fumigatus,Aspergillus fumigatus (strain CBS 144.89 / FGSC A1163 / CEA10),Fungi,1,0.15291674
tr|Q4WI90|Q4WI90_ASPFU,Aspergillus fumigatus,Aspergillus fumigatus (strain ATCC MYA-4609 / CBS 101355 / FGSC A1100 / Af293),Fungi,1,0.25335786
tr|Q4WQ45|Q4WQ45_ASPFU,Aspergillus fumigatus,Aspergillus fumigatus (strain ATCC MYA-4609 / CBS 101355 / FGSC A1100 / Af293),Fungi,1,0.36539572
tr|B0XMQ0|B0XMQ0_ASPFC,Aspergillus fumigatus,Aspergillus fumigatus (strain CBS 144.89 / FGSC A1163 / CEA10),Fungi,1,0.29437384
tr|Q4WS30|Q4WS30_ASPFU,Aspergillus fumigatus,Aspergillus fumigatus (strain ATCC MYA-4609 / CBS 101355 / FGSC A1100 / Af293),Fungi,1,0.29437384
tr|B0XW53|B0XW53_ASPFC,Aspergillus fumigatus,Aspergillus fumigatus (strain CBS 144.89 / FGSC A1163 / CEA10),Fungi,1,0.46968716
tr|Q4WYB2|Q4WYB2_ASPFU,Aspergillus fumigatus,Aspergillus fumigatus (strain ATCC MYA-4609 / CBS 101355 / FGSC A1100 / Af293),Fungi,1,0.42032334
tr|Q4WGY6|Q4WGY6_ASPFU,Aspergillus fumigatus,Aspergillus fumigatus (strain ATCC MYA-4609 / CBS 101355 / FGSC A1100 / Af293),Fungi,1,0.421165
tr|Q4WGR2|Q4WGR2_ASPFU,Aspergillus fumigatus,Aspergillus fumigatus (strain ATCC MYA-4609 / CBS 101355 / FGSC A1100 / Af293),Fungi,1,0.4641633
sp|P28296|ORYZ_ASPFU,Aspergillus fumigatus,Aspergillus fumigatus (strain ATCC MYA-4609 / CBS 101355 / FGSC A1100 / Af293),Fungi,1,0.38438568
sp|P87184|ALP2_ASPFU,Aspergillus fumigatus,Aspergillus fumigatus (strain ATCC MYA-4609 / CBS 101355 / FGSC A1100 / Af293),Fungi,1,0.21704285
sp|Q4X0Z7|LONM_ASPFU,Aspergillus fumigatus,Aspergillus fumigatus (strain ATCC MYA-4609 / CBS 101355 / FGSC A1100 / Af293),Fungi,1,0.45015422
sp|B0XWT3|SEC11_ASPFC,Aspergillus fumigatus,Aspergillus fumigatus (strain CBS 144.89 / FGSC A1163 / CEA10),Fungi,1,0.2546068
sp|Q4WVD9|LONP2_ASPFU,Aspergillus fumigatus,Aspergillus fumigatus (strain ATCC MYA-4609 / CBS 101355 / FGSC A1100 / Af293),Fungi,1,0.2997876
sp|B0Y473|ALP2_ASPFC,Aspergillus fumigatus,Aspergillus fumigatus (strain CBS 144.89 / FGSC A1163 / CEA10),Fungi,1,0.21704285
sp|B0Y708|ORYZ_ASPFC,Aspergillus fumigatus,Aspergillus fumigatus (strain CBS 144.89 / FGSC A1163 / CEA10),Fungi,1,0.38438568
sp|B0Y8W1|RBDB_ASPFC,Aspergillus fumigatus,Aspergillus fumigatus (strain CBS 144.89 / FGSC A1163 / CEA10),Fungi,1,0.333929
sp|Q4WLP9|RBDB_ASPFU,Aspergillus fumigatus,Aspergillus fumigatus (strain ATCC MYA-4609 / CBS 101355 / FGSC A1100 / Af293),Fungi,1,0.3443697
sp|Q4WYF4|SEC11_ASPFU,Aspergillus fumigatus,Aspergillus fumigatus (strain ATCC MYA-4609 / CBS 101355 / FGSC A1100 / Af293),Fungi,1,0.2546068
sp|Q4WLG1|NM111_ASPFU,Aspergillus fumigatus,Aspergillus fumigatus (strain ATCC MYA-4609 / CBS 101355 / FGSC A1100 / Af293),Fungi,1,0.253653
tr|B0XSK2|B0XSK2_ASPFC,Aspergillus fumigatus,Aspergillus fumigatus (strain CBS 144.89 / FGSC A1163 / CEA10),Fungi,1,0.45015422
tr|B0Y4Q1|B0Y4Q1_ASPFC,Aspergillus fumigatus,Aspergillus fumigatus (strain CBS 144.89 / FGSC A1163 / CEA10),Fungi,1,0.42356858
tr|Q4WQI8|Q4WQI8_ASPFU,Aspergillus fumigatus,Aspergillus fumigatus (strain ATCC MYA-4609 / CBS 101355 / FGSC A1100 / Af293),Fungi,1,0.42356858
tr|B0Y121|B0Y121_ASPFC,Aspergillus fumigatus,Aspergillus fumigatus (strain CBS 144.89 / FGSC A1163 / CEA10),Fungi,1,0.29105744
tr|Q4WRS4|Q4WRS4_ASPFU,Aspergillus fumigatus,Aspergillus fumigatus (strain ATCC MYA-4609 / CBS 101355 / FGSC A1100 / Af293),Fungi,1,0.39014402
tr|B0YCK2|B0YCK2_ASPFC,Aspergillus fumigatus,Aspergillus fumigatus (strain CBS 144.89 / FGSC A1163 / CEA10),Fungi,1,0.4436747
tr|O74266|O74266_ASPFM,Aspergillus fumigatus,Aspergillus_fumigatus,Fungi,1,0.44907036
tr|B0XV79|B0XV79_ASPFC,Aspergillus fumigatus,Aspergillus fumigatus (strain CBS 144.89 / FGSC A1163 / CEA10),Fungi,1,0.3790634
tr|O74265|O74265_ASPFM,Aspergillus fumigatus,Aspergillus_fumigatus,Fungi,1,0.43854427
tr|Q4WZL7|Q4WZL7_ASPFU,Aspergillus fumigatus,Aspergillus fumigatus (strain ATCC MYA-4609 / CBS 101355 / FGSC A1100 / Af293),Fungi,1,0.3790634
tr|Q4WGG2|Q4WGG2_ASPFU,Aspergillus fumigatus,Aspergillus fumigatus (strain ATCC MYA-4609 / CBS 101355 / FGSC A1100 / Af293),Fungi,1,0.3663368
tr|Q4WH48|Q4WH48_ASPFU,Aspergillus fumigatus,Aspergillus fumigatus (strain ATCC MYA-4609 / CBS 101355 / FGSC A1100 / Af293),Fungi,1,0.3728177
tr|O74264|O74264_ASPFM,Aspergillus fumigatus,Aspergillus_fumigatus,Fungi,1,0.39688754
tr|B0XYF8|B0XYF8_ASPFC,Aspergillus fumigatus,Aspergillus fumigatus (strain CBS 144.89 / FGSC A1163 / CEA10),Fungi,1,0.3415249
tr|Q4WX60|Q4WX60_ASPFU,Aspergillus fumigatus,Aspergillus fumigatus (strain ATCC MYA-4609 / CBS 101355 / FGSC A1100 / Af293),Fungi,1,0.3415249
tr|A5I276|A5I276_CLOBH,Clostridium botulinum,Clostridium botulinum (strain Hall / ATCC 3502 / NCTC 13319 / Type A),Bacteria,1,0.16459797
tr|A5I055|A5I055_CLOBH,Clostridium botulinum,Clostridium botulinum (strain Hall / ATCC 3502 / NCTC 13319 / Type A),Bacteria,1,0.08116511
tr|A5I3I2|A5I3I2_CLOBH,Clostridium botulinum,Clostridium botulinum (strain Hall / ATCC 3502 / NCTC 13319 / Type A),Bacteria,1,0.10154764
sp|P0DPI1|BXA1_CLOBH,Clostridium botulinum,Clostridium botulinum (strain Hall / ATCC 3502 / NCTC 13319 / Type A),Bacteria,1,0.048419677
sp|P0DPI0|BXA1_CLOBO,Clostridium botulinum,Clostridium_botulinum,Bacteria,1,0.047568567
sp|P30996|BXF_CLOBO,Clostridium botulinum,Clostridium_botulinum,Bacteria,1,0.040534344
sp|A7GBG3|BXF_CLOBL,Clostridium botulinum,Clostridium botulinum (strain Langeland / NCTC 10281 / Type F),Bacteria,1,0.30777824
sp|B1INP5|BXB_CLOBK,Clostridium botulinum,Clostridium botulinum (strain Okra / Type B1),Bacteria,1,0.40949708
sp|P0DPK1|BXX_CLOBO,Clostridium botulinum,Clostridium_botulinum,Bacteria,1,0.037473
sp|Q00496|BXE_CLOBO,Clostridium botulinum,Clostridium_botulinum,Bacteria,1,0.026994579
sp|P10844|BXB_CLOBO,Clostridium botulinum,Clostridium_botulinum,Bacteria,1,0.40949708
sp|Q45894|BXA2_CLOBJ,Clostridium botulinum,Clostridium botulinum (strain Kyoto / Type A2),Bacteria,1,0.046353012
tr|A5I766|A5I766_CLOBH,Clostridium botulinum,Clostridium botulinum (strain Hall / ATCC 3502 / NCTC 13319 / Type A),Bacteria,1,0.1858389
tr|A5I7Q0|A5I7Q0_CLOBH,Clostridium botulinum,Clostridium botulinum (strain Hall / ATCC 3502 / NCTC 13319 / Type A),Bacteria,1,0.14797875
tr|A5I647|A5I647_CLOBH,Clostridium botulinum,Clostridium botulinum (strain Hall / ATCC 3502 / NCTC 13319 / Type A),Bacteria,1,0.1777287
tr|A5JGM8|A5JGM8_CLOBO,Clostridium botulinum,Clostridium_botulinum,Bacteria,1,0.049539562
tr|A5I290|A5I290_CLOBH,Clostridium botulinum,Clostridium botulinum (strain Hall / ATCC 3502 / NCTC 13319 / Type A),Bacteria,1,0.06826268
tr|D3IV24|D3IV24_CLOBO,Clostridium botulinum,Clostridium_botulinum,Bacteria,1,0.038778506
tr|Q7B8V4|Q7B8V4_CLOBO,Clostridium botulinum,Clostridium_botulinum,Bacteria,1,0.048419677
tr|C1IPK2|C1IPK2_CLOBO,Clostridium botulinum,Clostridium_botulinum,Bacteria,1,0.04812469
tr|K4GGE0|K4GGE0_CLOBO,Clostridium botulinum,Clostridium_botulinum,Bacteria,1,0.044835355
tr|A2I2U2|A2I2U2_CLOBO,Clostridium botulinum,Clostridium_botulinum,Bacteria,1,0.047568567
tr|C7BEA8|C7BEA8_CLOBO,Clostridium botulinum,Clostridium_botulinum,Bacteria,1,0.05034817
tr|D2KCK3|D2KCK3_CLOBO,Clostridium botulinum,Clostridium_botulinum,Bacteria,1,0.045987274
tr|A5HYU4|A5HYU4_CLOBH,Clostridium botulinum,Clostridium botulinum (strain Hall / ATCC 3502 / NCTC 13319 / Type A),Bacteria,1,0.12528092
tr|K4G3L3|K4G3L3_CLOBO,Clostridium botulinum,Clostridium_botulinum,Bacteria,1,0.03871576
tr|Q58GH1|Q58GH1_CLOBO,Clostridium botulinum,Clostridium_botulinum,Bacteria,1,0.046353012
tr|A0A0X1KH89|A0A0X1KH89_CLOBA,Clostridium botulinum,Clostridium botulinum (strain Alaska E43 / Type E3),Bacteria,1,0.03351294
tr|A0A2S1UFF1|A0A2S1UFF1_CLOBO,Clostridium botulinum,Clostridium_botulinum,Bacteria,1,0.3521305
tr|H9CNK9|H9CNK9_CLOBO,Clostridium botulinum,Clostridium_botulinum,Bacteria,1,0.34312072
tr|A0A076L5I6|A0A076L5I6_CLOBO,Clostridium botulinum,Clostridium botulinum E,Bacteria,1,0.03351294
tr|A0A076L8F5|A0A076L8F5_CLOBO,Clostridium botulinum,Clostridium_botulinum,Bacteria,1,0.034626026
tr|A2I2R6|A2I2R6_CLOBO,Clostridium botulinum,Clostridium_botulinum,Bacteria,1,0.3536303
tr|A2I2R7|A2I2R7_CLOBO,Clostridium botulinum,Clostridium_botulinum,Bacteria,1,0.35878974
tr|A2I2R8|A2I2R8_CLOBO,Clostridium botulinum,Clostridium_botulinum,Bacteria,1,0.4424914
tr|A2I2R9|A2I2R9_CLOBO,Clostridium botulinum,Clostridium_botulinum,Bacteria,1,0.35203838
tr|A2I2S4|A2I2S4_CLOBO,Clostridium botulinum,Clostridium_botulinum,Bacteria,1,0.3564367
tr|A5H0J8|A5H0J8_CLOBO,Clostridium botulinum,Clostridium_botulinum,Bacteria,1,0.19049118
tr|A5I1S3|A5I1S3_CLOBH,Clostridium botulinum,Clostridium botulinum (strain Hall / ATCC 3502 / NCTC 13319 / Type A),Bacteria,1,0.19662276
tr|A5I1S4|A5I1S4_CLOBH,Clostridium botulinum,Clostridium botulinum (strain Hall / ATCC 3502 / NCTC 13319 / Type A),Bacteria,1,0.09687425
tr|A5I1S5|A5I1S5_CLOBH,Clostridium botulinum,Clostridium botulinum (strain Hall / ATCC 3502 / NCTC 13319 / Type A),Bacteria,1,0.18107896
tr|A8R089|A8R089_CLOBO,Clostridium botulinum,Clostridium_botulinum,Bacteria,1,0.3611209
tr|A8Y867|A8Y867_CLOBO,Clostridium botulinum,Clostridium botulinum E,Bacteria,1,0.03351294
tr|A8Y875|A8Y875_CLOBO,Clostridium botulinum,Clostridium botulinum E,Bacteria,1,0.02787622
tr|D2KHQ7|D2KHQ7_CLOBO,Clostridium botulinum,Clostridium_botulinum,Bacteria,1,0.2740992
tr|G8I2N7|G8I2N7_CLOBO,Clostridium botulinum,Clostridium_botulinum,Bacteria,1,0.029799439
tr|K4LKX7|K4LKX7_CLOBO,Clostridium botulinum,Clostridium_botulinum,Bacteria,1,0.043872405
tr|K7S1U0|K7S1U0_CLOBO,Clostridium botulinum,Clostridium_botulinum,Bacteria,1,0.02787622
tr|K7S1V3|K7S1V3_CLOBO,Clostridium botulinum,Clostridium_botulinum,Bacteria,1,0.02787622
tr|Q2PPK6|Q2PPK6_CLOBO,Clostridium botulinum,Clostridium_botulinum,Bacteria,1,0.043872405
tr|Q45967|Q45967_CLOBO,Clostridium botulinum,Clostridium botulinum D,Bacteria,1,0.048326008
tr|W8FNB6|W8FNB6_CLOBO,Clostridium botulinum,Clostridium_botulinum,Bacteria,1,0.030311994
tr|A0A076JVL4|A0A076JVL4_CLOBO,Clostridium botulinum,Clostridium_botulinum,Bacteria,1,0.028382618
tr|A0A076JZ44|A0A076JZ44_CLOBO,Clostridium botulinum,Clostridium_botulinum,Bacteria,1,0.31084087
tr|A0A076L133|A0A076L133_CLOBO,Clostridium botulinum,Clostridium botulinum E,Bacteria,1,0.03351294
tr|A0A076L5V2|A0A076L5V2_CLOBO,Clostridium botulinum,Clostridium botulinum B,Bacteria,1,0.3346115
tr|A0A076L5V7|A0A076L5V7_CLOBO,Clostridium botulinum,Clostridium_botulinum,Bacteria,1,0.028695472
tr|A2I2S1|A2I2S1_CLOBO,Clostridium botulinum,Clostridium_botulinum,Bacteria,1,0.4109001
tr|A2I2S2|A2I2S2_CLOBO,Clostridium botulinum,Clostridium_botulinum,Bacteria,1,0.35963887
tr|A2I2U3|A2I2U3_CLOBO,Clostridium botulinum,Clostridium_botulinum,Bacteria,1,0.42841536
tr|B0FNQ3|B0FNQ3_CLOBO,Clostridium botulinum,Clostridium_botulinum,Bacteria,1,0.34726715
tr|B1A2D5|B1A2D5_CLOBO,Clostridium botulinum,Clostridium_botulinum,Bacteria,1,0.047568567
tr|D3IV23|D3IV23_CLOBO,Clostridium botulinum,Clostridium_botulinum,Bacteria,1,0.04614593
tr|K7S9Y2|K7S9Y2_CLOBO,Clostridium botulinum,Clostridium_botulinum,Bacteria,1,0.036103904
tr|Q9ZAJ5|Q9ZAJ5_CLOBO,Clostridium botulinum,Clostridium_botulinum,Bacteria,1,0.2673527
tr|A0A076JVL9|A0A076JVL9_CLOBO,Clostridium botulinum,Clostridium_botulinum,Bacteria,1,0.02852877
tr|A0A076JZ54|A0A076JZ54_CLOBO,Clostridium botulinum,Clostridium_botulinum,Bacteria,1,0.02852877
tr|A0A076K0C0|A0A076K0C0_CLOBO,Clostridium botulinum,Clostridium_botulinum,Bacteria,1,0.028695472
tr|A0A0A7PDB7|A0A0A7PDB7_CLOBO,Clostridium botulinum,Clostridium botulinum A,Bacteria,1,0.047470283
tr|A2I2R5|A2I2R5_CLOBO,Clostridium botulinum,Clostridium_botulinum,Bacteria,1,0.046353012
tr|A2I2S6|A2I2S6_CLOBO,Clostridium botulinum,Clostridium_botulinum,Bacteria,1,0.027863245
tr|A2I2U6|A2I2U6_CLOBO,Clostridium botulinum,Clostridium_botulinum,Bacteria,1,0.35059315
tr|A2I2W1|A2I2W1_CLOBO,Clostridium botulinum,Clostridium_botulinum,Bacteria,1,0.3574225
tr|A5I1S1|A5I1S1_CLOBH,Clostridium botulinum,Clostridium botulinum (strain Hall / ATCC 3502 / NCTC 13319 / Type A),Bacteria,1,0.11053219
tr|A5I4K1|A5I4K1_CLOBH,Clostridium botulinum,Clostridium botulinum (strain Hall / ATCC 3502 / NCTC 13319 / Type A),Bacteria,1,0.35536814
tr|A8Y878|A8Y878_CLOBO,Clostridium botulinum,Clostridium botulinum E,Bacteria,1,0.030486684
tr|C6KZT4|C6KZT4_CLOBO,Clostridium botulinum,Clostridium_botulinum,Bacteria,1,0.049156755
tr|C9WWZ3|C9WWZ3_CLOBO,Clostridium botulinum,Clostridium_botulinum,Bacteria,1,0.4091437
tr|D2KHQ9|D2KHQ9_CLOBO,Clostridium botulinum,Clostridium_botulinum,Bacteria,1,0.3076835
tr|I6YB18|I6YB18_CLOBO,Clostridium botulinum,Clostridium_botulinum,Bacteria,1,0.3532718
tr|Q3LRX8|Q3LRX8_CLOBO,Clostridium botulinum,Clostridium_botulinum,Bacteria,1,0.052688964
tr|Q54A79|Q54A79_CLOBO,Clostridium botulinum,Clostridium_botulinum,Bacteria,1,0.02787622
tr|Q93HT3|Q93HT3_CLOBO,Clostridium botulinum,Clostridium_botulinum,Bacteria,1,0.45106998
tr|Q9X708|Q9X708_CLOBO,Clostridium botulinum,Clostridium_botulinum,Bacteria,1,0.18340053
tr|A0A076K0B0|A0A076K0B0_CLOBO,Clostridium botulinum,Clostridium_botulinum,Bacteria,1,0.0314167
tr|A0A076L141|A0A076L141_CLOBO,Clostridium botulinum,Clostridium_botulinum,Bacteria,1,0.03301725
tr|A0A076L5J2|A0A076L5J2_CLOBO,Clostridium botulinum,Clostridium botulinum E,Bacteria,1,0.03351294
tr|A0A076L5U1|A0A076L5U1_CLOBO,Clostridium botulinum,Clostridium botulinum E,Bacteria,1,0.03440183
tr|A2I2S0|A2I2S0_CLOBO,Clostridium botulinum,Clostridium_botulinum,Bacteria,1,0.35878974
tr|A2I2W0|A2I2W0_CLOBO,Clostridium botulinum,Clostridium_botulinum,Bacteria,1,0.3346115
tr|C6K838|C6K838_CLOBO,Clostridium botulinum,Clostridium_botulinum,Bacteria,1,0.04852724
tr|C7EWM8|C7EWM8_CLOBO,Clostridium botulinum,Clostridium_botulinum,Bacteria,1,0.03351294
tr|D2KHR6|D2KHR6_CLOBO,Clostridium botulinum,Clostridium_botulinum,Bacteria,1,0.26500672
tr|D2KHS4|D2KHS4_CLOBO,Clostridium botulinum,Clostridium_botulinum,Bacteria,1,0.03510206
tr|D2KHS6|D2KHS6_CLOBO,Clostridium botulinum,Clostridium_botulinum,Bacteria,1,0.03510206
tr|E5F1I1|E5F1I1_CLOBO,Clostridium botulinum,Clostridium_botulinum,Bacteria,1,0.04597312
tr|K4LN57|K4LN57_CLOBO,Clostridium botulinum,Clostridium_botulinum,Bacteria,1,0.042357598
tr|Q3LRX9|Q3LRX9_CLOBO,Clostridium botulinum,Clostridium_botulinum,Bacteria,1,0.038822588
tr|Q57236|Q57236_CLOBO,Clostridium botulinum,Clostridium_botulinum,Bacteria,1,0.30777824
tr|A0A076L5N2|A0A076L5N2_CLOBO,Clostridium botulinum,Clostridium botulinum E,Bacteria,1,0.03351294
tr|A0A097J9H4|A0A097J9H4_CLOBO,Clostridium botulinum,Clostridium_botulinum,Bacteria,1,0.3023435
tr|A0A0A7RCR1|A0A0A7RCR1_CLOBO,Clostridium botulinum,Clostridium_botulinum,Bacteria,1,0.030413805
tr|A2I2R4|A2I2R4_CLOBO,Clostridium botulinum,Clostridium_botulinum,Bacteria,1,0.048536092
tr|A2I2S3|A2I2S3_CLOBO,Clostridium botulinum,Clostridium_botulinum,Bacteria,1,0.35390007
tr|A2I2S5|A2I2S5_CLOBO,Clostridium botulinum,Clostridium_botulinum,Bacteria,1,0.03351294
tr|A5I1S2|A5I1S2_CLOBH,Clostridium botulinum,Clostridium botulinum (strain Hall / ATCC 3502 / NCTC 13319 / Type A),Bacteria,1,0.08574877
tr|A5I673|A5I673_CLOBH,Clostridium botulinum,Clostridium botulinum (strain Hall / ATCC 3502 / NCTC 13319 / Type A),Bacteria,1,0.17331621
tr|A8Y861|A8Y861_CLOBO,Clostridium botulinum,Clostridium botulinum E,Bacteria,1,0.03034633
tr|A8Y873|A8Y873_CLOBO,Clostridium botulinum,Clostridium botulinum E,Bacteria,1,0.033372585
tr|C9WWY7|C9WWY7_CLOBO,Clostridium botulinum,Clostridium_botulinum,Bacteria,1,0.038794816
tr|D2KHQ8|D2KHQ8_CLOBO,Clostridium botulinum,Clostridium_botulinum,Bacteria,1,0.27891058
tr|G8I2N8|G8I2N8_CLOBO,Clostridium botulinum,Clostridium_botulinum,Bacteria,1,0.031002983
tr|H3K0G8|H3K0G8_CLOBO,Clostridium botulinum,Clostridium_botulinum,Bacteria,1,0.36180022
tr|K7S9Z0|K7S9Z0_CLOBO,Clostridium botulinum,Clostridium_botulinum,Bacteria,1,0.02787622
tr|Q08077|Q08077_CLOBO,Clostridium botulinum,Clostridium_botulinum,Bacteria,1,0.34379384
tr|Q1WA38|Q1WA38_CLOBO,Clostridium botulinum,Clostridium_botulinum,Bacteria,1,0.35715085
tr|Q8GR96|Q8GR96_CLOBO,Clostridium botulinum,Clostridium_botulinum,Bacteria,1,0.35653976
tr|Q9LBR1|Q9LBR1_CLOBO,Clostridium botulinum,Clostridium_botulinum,Bacteria,1,0.049539562
tr|Q9ZAJ8|Q9ZAJ8_CLOBO,Clostridium botulinum,Clostridium_botulinum,Bacteria,1,0.3500714
tr|B1INP6|B1INP6_CLOBK,Clostridium botulinum,Clostridium botulinum (strain Okra / Type B1),Bacteria,1,0.039428093
sp|A5I6W1|CLPP_CLOBH,Clostridium botulinum,Clostridium botulinum (strain Hall / ATCC 3502 / NCTC 13319 / Type A),Bacteria,1,0.108268864
sp|B1IND7|CLPP_CLOBK,Clostridium botulinum,Clostridium botulinum (strain Okra / Type B1),Bacteria,1,0.108268864
sp|B1L1D7|CLPP_CLOBM,Clostridium botulinum,Clostridium botulinum (strain Loch Maree / Type A3),Bacteria,1,0.11389345
sp|A7FUK4|LEXA_CLOB1,Clostridium botulinum,Clostridium botulinum (strain ATCC 19397 / Type A),Bacteria,1,0.16672397
sp|A7GIH2|CLPP_CLOBL,Clostridium botulinum,Clostridium botulinum (strain Langeland / NCTC 10281 / Type F),Bacteria,1,0.108268864
sp|B1KS97|LEXA_CLOBM,Clostridium botulinum,Clostridium botulinum (strain Loch Maree / Type A3),Bacteria,1,0.16931719
sp|B2UX13|CLPP_CLOBA,Clostridium botulinum,Clostridium botulinum (strain Alaska E43 / Type E3),Bacteria,1,0.18727235
sp|C1FLA6|CLPP_CLOBJ,Clostridium botulinum,Clostridium botulinum (strain Kyoto / Type A2),Bacteria,1,0.108268864
sp|A5I2R7|LEXA_CLOBH,Clostridium botulinum,Clostridium botulinum (strain Hall / ATCC 3502 / NCTC 13319 / Type A),Bacteria,1,0.16672397
sp|B1IM63|LEXA_CLOBK,Clostridium botulinum,Clostridium botulinum (strain Okra / Type B1),Bacteria,1,0.16931719
sp|C1FNT4|LEXA_CLOBJ,Clostridium botulinum,Clostridium botulinum (strain Kyoto / Type A2),Bacteria,1,0.16931719
sp|C3KX30|LEXA_CLOB6,Clostridium botulinum,Clostridium botulinum (strain 657 / Type Ba4),Bacteria,1,0.16931719
sp|B2TPB9|CLPP_CLOBB,Clostridium botulinum,Clostridium botulinum (strain Eklund 17B / Type B),Bacteria,1,0.2020907
sp|A7FYI2|CLPP_CLOB1,Clostridium botulinum,Clostridium botulinum (strain ATCC 19397 / Type A),Bacteria,1,0.108268864
sp|A7GE39|LEXA_CLOBL,Clostridium botulinum,Clostridium botulinum (strain Langeland / NCTC 10281 / Type F),Bacteria,1,0.16931719
tr|A5I6V8|A5I6V8_CLOBH,Clostridium botulinum,Clostridium botulinum (strain Hall / ATCC 3502 / NCTC 13319 / Type A),Bacteria,1,0.18495575
tr|A0A059PYB2|A0A059PYB2_CLOBO,Clostridium botulinum,Clostridium_botulinum,Bacteria,1,0.6707693
tr|A5I6V9|A5I6V9_CLOBH,Clostridium botulinum,Clostridium botulinum (strain Hall / ATCC 3502 / NCTC 13319 / Type A),Bacteria,1,0.11867408
tr|A5I7Z4|A5I7Z4_CLOBH,Clostridium botulinum,Clostridium botulinum (strain Hall / ATCC 3502 / NCTC 13319 / Type A),Bacteria,1,0.16377789
tr|A5HZB8|A5HZB8_CLOBH,Clostridium botulinum,Clostridium botulinum (strain Hall / ATCC 3502 / NCTC 13319 / Type A),Bacteria,1,0.1087231
tr|A5I1R9|A5I1R9_CLOBH,Clostridium botulinum,Clostridium botulinum (strain Hall / ATCC 3502 / NCTC 13319 / Type A),Bacteria,1,0.062706076
tr|A5I4M1|A5I4M1_CLOBH,Clostridium botulinum,Clostridium botulinum (strain Hall / ATCC 3502 / NCTC 13319 / Type A),Bacteria,1,0.09393423
tr|R4NP15|R4NP15_CLOBO,Clostridium botulinum,Clostridium_botulinum,Bacteria,1,0.11918267
tr|A0A0H2UQT1|A0A0H2UQT1_STRPN,Streptococcus pneumoniae,Streptococcus pneumoniae serotype 4 (strain ATCC BAA-334 / TIGR4),Bacteria,1,0.20122425
tr|A0A0H2ZNX4|A0A0H2ZNX4_STRP2,Streptococcus pneumoniae,Streptococcus pneumoniae serotype 2 (strain D39 / NCTC 7466),Bacteria,1,0.2002442
tr|Q8DPC8|Q8DPC8_STRR6,Streptococcus pneumoniae,Streptococcus pneumoniae (strain ATCC BAA-255 / R6),Bacteria,1,0.2002442
tr|A0ACD7PS54|A0ACD7PS54_STREE,Streptococcus pneumoniae,Streptococcus_pneumoniae,Bacteria,1,0.2002442
sp|Q54875|IGA1B_STREE,Streptococcus pneumoniae,Streptococcus_pneumoniae,Bacteria,1,0.15325935
sp|Q97QP7|IGA1A_STRPN,Streptococcus pneumoniae,Streptococcus pneumoniae serotype 4 (strain ATCC BAA-334 / TIGR4),Bacteria,1,0.17076528
sp|Q59947|IGA1_STRR6,Streptococcus pneumoniae,Streptococcus pneumoniae (strain ATCC BAA-255 / R6),Bacteria,1,0.13643984
sp|Q9L7Q2|ZMPB_STRPN,Streptococcus pneumoniae,Streptococcus pneumoniae serotype 4 (strain ATCC BAA-334 / TIGR4),Bacteria,1,0.11078438
sp|O69076|FTSH_STRPN,Streptococcus pneumoniae,Streptococcus pneumoniae serotype 4 (strain ATCC BAA-334 / TIGR4),Bacteria,1,0.2145418
sp|Q8DQN5|ZMPB_STRR6,Streptococcus pneumoniae,Streptococcus pneumoniae (strain ATCC BAA-255 / R6),Bacteria,1,0.15556812
sp|Q97T80|ZMPC_STRPN,Streptococcus pneumoniae,Streptococcus pneumoniae serotype 4 (strain ATCC BAA-334 / TIGR4),Bacteria,1,0.17364159
sp|P59652|FTSH_STRR6,Streptococcus pneumoniae,Streptococcus pneumoniae (strain ATCC BAA-255 / R6),Bacteria,1,0.22390667
sp|B5E520|HTPX_STRP4,Streptococcus pneumoniae,Streptococcus pneumoniae serotype 19F (strain G54),Bacteria,1,0.28592896
sp|C1CEN8|HTPX_STRZJ,Streptococcus pneumoniae,Streptococcus pneumoniae (strain JJA),Bacteria,1,0.28592896
sp|Q97SR2|Y263_STRPN,Streptococcus pneumoniae,Streptococcus pneumoniae serotype 4 (strain ATCC BAA-334 / TIGR4),Bacteria,1,0.13408141
sp|C1C7R3|HTPX_STRP7,Streptococcus pneumoniae,Streptococcus pneumoniae (strain 70585),Bacteria,1,0.28592896
sp|C1CR23|HTPX_STRZT,Streptococcus pneumoniae,Streptococcus pneumoniae (strain Taiwan19F-14),Bacteria,1,0.28633913
sp|B1IC73|HTPX_STRPI,Streptococcus pneumoniae,Streptococcus pneumoniae (strain Hungary19A-6),Bacteria,1,0.28565088
sp|B8ZJU7|HTPX_STRPJ,Streptococcus pneumoniae,Streptococcus pneumoniae (strain ATCC 700669 / Spain 23F-1),Bacteria,1,0.28592896
sp|Q04K41|HTPX_STRP2,Streptococcus pneumoniae,Streptococcus pneumoniae serotype 2 (strain D39 / NCTC 7466),Bacteria,1,0.28565088
sp|Q8DPH5|HTPX_STRR6,Streptococcus pneumoniae,Streptococcus pneumoniae (strain ATCC BAA-255 / R6),Bacteria,1,0.28565088
sp|C1CL18|HTPX_STRZP,Streptococcus pneumoniae,Streptococcus pneumoniae (strain P1031),Bacteria,1,0.28592896
sp|Q8DRB1|Y242_STRR6,Streptococcus pneumoniae,Streptococcus pneumoniae (strain ATCC BAA-255 / R6),Bacteria,1,0.13515335
sp|Q97QD6|HTPX_STRPN,Streptococcus pneumoniae,Streptococcus pneumoniae serotype 4 (strain ATCC BAA-334 / TIGR4),Bacteria,1,0.28592896
tr|A0A0H2ZMA2|A0A0H2ZMA2_STRP2,Streptococcus pneumoniae,Streptococcus pneumoniae serotype 2 (strain D39 / NCTC 7466),Bacteria,1,0.22390667
tr|H9CW27|H9CW27_STREE,Streptococcus pneumoniae,Streptococcus_pneumoniae,Bacteria,1,0.13806282
tr|A0A0H2ZPI5|A0A0H2ZPI5_STRP2,Streptococcus pneumoniae,Streptococcus pneumoniae serotype 2 (strain D39 / NCTC 7466),Bacteria,1,0.13643984
tr|A0A0H2UPP8|A0A0H2UPP8_STRPN,Streptococcus pneumoniae,Streptococcus pneumoniae serotype 4 (strain ATCC BAA-334 / TIGR4),Bacteria,1,0.13049728
tr|A0A0H2ZMH0|A0A0H2ZMH0_STRP2,Streptococcus pneumoniae,Streptococcus pneumoniae serotype 2 (strain D39 / NCTC 7466),Bacteria,1,0.13515335
tr|A0ACD7PRA9|A0ACD7PRA9_STREE,Streptococcus pneumoniae,Streptococcus_pneumoniae,Bacteria,1,0.13053982
tr|A0ACD7PRC8|A0ACD7PRC8_STREE,Streptococcus pneumoniae,Streptococcus_pneumoniae,Bacteria,1,0.13643984
tr|A0ACD7PSR4|A0ACD7PSR4_STREE,Streptococcus pneumoniae,Streptococcus_pneumoniae,Bacteria,1,0.2818907
tr|A0ACD7PT95|A0ACD7PT95_STREE,Streptococcus pneumoniae,Streptococcus_pneumoniae,Bacteria,1,0.1985236
tr|A0ACD7PNY9|A0ACD7PNY9_STREE,Streptococcus pneumoniae,Streptococcus_pneumoniae,Bacteria,1,0.22390667
tr|A0A0H2ZL72|A0A0H2ZL72_STRP2,Streptococcus pneumoniae,Streptococcus pneumoniae serotype 2 (strain D39 / NCTC 7466),Bacteria,1,0.13053982
tr|A0ACD7PQP9|A0ACD7PQP9_STREE,Streptococcus pneumoniae,Streptococcus_pneumoniae,Bacteria,1,0.15556812
tr|A0A0H2ZPT7|A0A0H2ZPT7_STRP2,Streptococcus pneumoniae,Streptococcus pneumoniae serotype 2 (strain D39 / NCTC 7466),Bacteria,1,0.1985236
tr|A0A0H2ZQ72|A0A0H2ZQ72_STRP2,Streptococcus pneumoniae,Streptococcus pneumoniae serotype 2 (strain D39 / NCTC 7466),Bacteria,1,0.16419247
tr|A0ACD7PUC0|A0ACD7PUC0_STREE,Streptococcus pneumoniae,Streptococcus_pneumoniae,Bacteria,1,0.12032635
tr|Q8DNW9|Q8DNW9_STRR6,Streptococcus pneumoniae,Streptococcus pneumoniae (strain ATCC BAA-255 / R6),Bacteria,1,0.2818907
tr|A0ACD7PSU9|A0ACD7PSU9_STREE,Streptococcus pneumoniae,Streptococcus_pneumoniae,Bacteria,1,0.15844767
sp|B2INC9|CLPP_STRPS,Streptococcus pneumoniae,Streptococcus pneumoniae (strain CGSP14),Bacteria,1,0.07888867
sp|C1CQK8|CLPP_STRZT,Streptococcus pneumoniae,Streptococcus pneumoniae (strain Taiwan19F-14),Bacteria,1,0.07888867
sp|C1C691|CLPP_STRP7,Streptococcus pneumoniae,Streptococcus pneumoniae (strain 70585),Bacteria,1,0.08034
sp|P63788|CLPP_STRR6,Streptococcus pneumoniae,Streptococcus pneumoniae (strain ATCC BAA-255 / R6),Bacteria,1,0.07888867
sp|B1IAS4|CLPP_STRPI,Streptococcus pneumoniae,Streptococcus pneumoniae (strain Hungary19A-6),Bacteria,1,0.07888867
sp|C1CJJ5|CLPP_STRZP,Streptococcus pneumoniae,Streptococcus pneumoniae (strain P1031),Bacteria,1,0.07598942
sp|Q04LF4|CLPP_STRP2,Streptococcus pneumoniae,Streptococcus pneumoniae serotype 2 (strain D39 / NCTC 7466),Bacteria,1,0.07888867
sp|P59662|LEP_STRR6,Streptococcus pneumoniae,Streptococcus pneumoniae (strain ATCC BAA-255 / R6),Bacteria,1,0.18516056
sp|P63787|CLPP_STRPN,Streptococcus pneumoniae,Streptococcus pneumoniae serotype 4 (strain ATCC BAA-334 / TIGR4),Bacteria,1,0.07888867
sp|B8ZN39|CLPP_STRPJ,Streptococcus pneumoniae,Streptococcus pneumoniae (strain ATCC 700669 / Spain 23F-1),Bacteria,1,0.07888867
sp|C1CD96|CLPP_STRZJ,Streptococcus pneumoniae,Streptococcus pneumoniae (strain JJA),Bacteria,1,0.07888867
sp|O07344|LEP_STRPN,Streptococcus pneumoniae,Streptococcus pneumoniae serotype 4 (strain ATCC BAA-334 / TIGR4),Bacteria,1,0.17795819
tr|A0A0H2ZNY4|A0A0H2ZNY4_STRP2,Streptococcus pneumoniae,Streptococcus pneumoniae serotype 2 (strain D39 / NCTC 7466),Bacteria,1,0.16125841
tr|Q8DNE7|Q8DNE7_STRR6,Streptococcus pneumoniae,Streptococcus pneumoniae (strain ATCC BAA-255 / R6),Bacteria,1,0.16125841
tr|Q8RIZ6|Q8RIZ6_STREE,Streptococcus pneumoniae,Streptococcus_pneumoniae,Bacteria,1,0.09617996
tr|Q9R3Y3|Q9R3Y3_STREE,Streptococcus pneumoniae,Streptococcus_pneumoniae,Bacteria,1,0.09228937
tr|A0A0H2URQ4|A0A0H2URQ4_STRPN,Streptococcus pneumoniae,Streptococcus pneumoniae serotype 4 (strain ATCC BAA-334 / TIGR4),Bacteria,1,0.16125841
tr|B3FNT0|B3FNT0_STREE,Streptococcus pneumoniae,Streptococcus_pneumoniae,Bacteria,1,0.09446255
tr|Q5GIH7|Q5GIH7_STREE,Streptococcus pneumoniae,Streptococcus_pneumoniae,Bacteria,1,0.09665724
tr|Q5GII0|Q5GII0_STREE,Streptococcus pneumoniae,Streptococcus_pneumoniae,Bacteria,1,0.090564586
tr|Q5GII1|Q5GII1_STREE,Streptococcus pneumoniae,Streptococcus_pneumoniae,Bacteria,1,0.09306692
tr|Q9RCN9|Q9RCN9_STREE,Streptococcus pneumoniae,Streptococcus_pneumoniae,Bacteria,1,0.09792849
tr|A2IBX0|A2IBX0_STREE,Streptococcus pneumoniae,Streptococcus_pneumoniae,Bacteria,1,0.09671827
tr|B3FNT3|B3FNT3_STREE,Streptococcus pneumoniae,Streptococcus_pneumoniae,Bacteria,1,0.086673215
tr|B3FNT7|B3FNT7_STREE,Streptococcus pneumoniae,Streptococcus_pneumoniae,Bacteria,1,0.09489089
tr|Q9L3W2|Q9L3W2_STREE,Streptococcus pneumoniae,Streptococcus_pneumoniae,Bacteria,1,0.09922792
tr|Q9R353|Q9R353_STREE,Streptococcus pneumoniae,Streptococcus_pneumoniae,Bacteria,1,0.098539576
tr|Q9R409|Q9R409_STREE,Streptococcus pneumoniae,Streptococcus_pneumoniae,Bacteria,1,0.09527235
tr|A0A0H2ZLR8|A0A0H2ZLR8_STRP2,Streptococcus pneumoniae,Streptococcus pneumoniae serotype 2 (strain D39 / NCTC 7466),Bacteria,1,0.18516056
tr|Q5GII3|Q5GII3_STREE,Streptococcus pneumoniae,Streptococcus_pneumoniae,Bacteria,1,0.095292486
tr|Q8RJS7|Q8RJS7_STREE,Streptococcus pneumoniae,Streptococcus_pneumoniae,Bacteria,1,0.09517462
tr|Q9R7X0|Q9R7X0_STREE,Streptococcus pneumoniae,Streptococcus_pneumoniae,Bacteria,1,0.09636196
tr|H9CW27|H9CW27_STREE,Streptococcus pneumoniae,Streptococcus_pneumoniae,Bacteria,1,0.13806282
tr|Q8DNF3|Q8DNF3_STRR6,Streptococcus pneumoniae,Streptococcus pneumoniae (strain ATCC BAA-255 / R6),Bacteria,1,0.12932171
tr|Q8DQP7|Q8DQP7_STRR6,Streptococcus pneumoniae,Streptococcus pneumoniae (strain ATCC BAA-255 / R6),Bacteria,1,0.09888013
tr|A0A0H2XDQ8|A0A0H2XDQ8_STRPN,Streptococcus pneumoniae,Streptococcus pneumoniae serotype 4 (strain ATCC BAA-334 / TIGR4),Bacteria,1,0.100931786
tr|A0A384ZZV3|A0A384ZZV3_STREE,Streptococcus pneumoniae,Streptococcus_pneumoniae,Bacteria,1,0.105321124
tr|A0A384ZZW8|A0A384ZZW8_STREE,Streptococcus pneumoniae,Streptococcus_pneumoniae,Bacteria,1,0.16994433
tr|A0A4J2AIC8|A0A4J2AIC8_STREE,Streptococcus pneumoniae,Streptococcus_pneumoniae,Bacteria,1,0.118850656
tr|A0A0H2ZQD4|A0A0H2ZQD4_STRP2,Streptococcus pneumoniae,Streptococcus pneumoniae serotype 2 (strain D39 / NCTC 7466),Bacteria,1,0.16718046
tr|A0ACD7PS55|A0ACD7PS55_STREE,Streptococcus pneumoniae,Streptococcus_pneumoniae,Bacteria,1,0.3887785
tr|A0ACD7PQ25|A0ACD7PQ25_STREE,Streptococcus pneumoniae,Streptococcus_pneumoniae,Bacteria,1,0.18516056
tr|A0ACD7PTH4|A0ACD7PTH4_STREE,Streptococcus pneumoniae,Streptococcus_pneumoniae,Bacteria,1,0.12932171
tr|A0ACD7PQT0|A0ACD7PQT0_STREE,Streptococcus pneumoniae,Streptococcus_pneumoniae,Bacteria,1,0.07888867
tr|A0ACD7PQP2|A0ACD7PQP2_STREE,Streptococcus pneumoniae,Streptococcus_pneumoniae,Bacteria,1,0.09888013
tr|A0ACD7PUI4|A0ACD7PUI4_STREE,Streptococcus pneumoniae,Streptococcus_pneumoniae,Bacteria,1,0.105717614
tr|B2D2S9|B2D2S9_STREE,Streptococcus pneumoniae,Streptococcus_pneumoniae,Bacteria,1,0.1123562
tr|B2D2T0|B2D2T0_STREE,Streptococcus pneumoniae,Streptococcus_pneumoniae,Bacteria,1,0.12272022
tr|Q8CWQ8|Q8CWQ8_STRR6,Streptococcus pneumoniae,Streptococcus pneumoniae (strain ATCC BAA-255 / R6),Bacteria,1,0.3887785
tr|Q81GN4|Q81GN4_BACCR,Bacillus cereus,Bacillus cereus (strain ATCC 14579 / DSM 31 / CCUG 7414 / JCM 2152 / NBRC 15305 / NCIMB 9373 / NCTC 2599 / NRRL B-3711),Bacteria,1,0.1502661
tr|Q816H0|Q816H0_BACCR,Bacillus cereus,Bacillus cereus (strain ATCC 14579 / DSM 31 / CCUG 7414 / JCM 2152 / NBRC 15305 / NCIMB 9373 / NCTC 2599 / NRRL B-3711),Bacteria,1,0.2622909
tr|Q81E50|Q81E50_BACCR,Bacillus cereus,Bacillus cereus (strain ATCC 14579 / DSM 31 / CCUG 7414 / JCM 2152 / NBRC 15305 / NCIMB 9373 / NCTC 2599 / NRRL B-3711),Bacteria,1,0.12026288
tr|Q818B9|Q818B9_BACCR,Bacillus cereus,Bacillus cereus (strain ATCC 14579 / DSM 31 / CCUG 7414 / JCM 2152 / NBRC 15305 / NCIMB 9373 / NCTC 2599 / NRRL B-3711),Bacteria,1,0.18193652
tr|Q81D60|Q81D60_BACCR,Bacillus cereus,Bacillus cereus (strain ATCC 14579 / DSM 31 / CCUG 7414 / JCM 2152 / NBRC 15305 / NCIMB 9373 / NCTC 2599 / NRRL B-3711),Bacteria,1,0.31529546
tr|Q81H00|Q81H00_BACCR,Bacillus cereus,Bacillus cereus (strain ATCC 14579 / DSM 31 / CCUG 7414 / JCM 2152 / NBRC 15305 / NCIMB 9373 / NCTC 2599 / NRRL B-3711),Bacteria,1,0.24882902
sp|B9J3S4|COLQ1_BACCQ,Bacillus cereus,Bacillus cereus (strain Q1),Bacteria,1,0.22141837
sp|P05806|NPRE_BACCE,Bacillus cereus,Bacillus_cereus,Bacteria,1,0.07217409
sp|Q81BJ6|COLA_BACCR,Bacillus cereus,Bacillus cereus (strain ATCC 14579 / DSM 31 / CCUG 7414 / JCM 2152 / NBRC 15305 / NCIMB 9373 / NCTC 2599 / NRRL B-3711),Bacteria,1,0.15211283
sp|B7HCU7|GPR_BACC4,Bacillus cereus,Bacillus cereus (strain B4264),Bacteria,1,0.26542968
sp|B7IYH4|GPR_BACC2,Bacillus cereus,Bacillus cereus (strain G9842),Bacteria,1,0.26599798
sp|C1ESL5|GPR_BACC3,Bacillus cereus,Bacillus cereus (strain 03BB102),Bacteria,1,0.15953304
sp|Q634M0|GPR_BACCZ,Bacillus cereus,Bacillus cereus (strain ZK / E33L),Bacteria,1,0.15953304
sp|Q730L4|GPR_BACC1,Bacillus cereus,Bacillus cereus (strain ATCC 10987 / NRS 248),Bacteria,1,0.1333659
sp|Q818E2|GPR_BACCR,Bacillus cereus,Bacillus cereus (strain ATCC 14579 / DSM 31 / CCUG 7414 / JCM 2152 / NBRC 15305 / NCIMB 9373 / NCTC 2599 / NRRL B-3711),Bacteria,1,0.25811544
sp|B7JNV3|GPR_BACC0,Bacillus cereus,Bacillus cereus (strain AH820),Bacteria,1,0.15953304
sp|B7HPM0|GPR_BACC7,Bacillus cereus,Bacillus cereus (strain AH187),Bacteria,1,0.27101335
sp|B9IY88|GPR_BACCQ,Bacillus cereus,Bacillus cereus (strain Q1),Bacteria,1,0.27101335
sp|P81242|NHE1_BACCE,Bacillus cereus,Bacillus_cereus,Bacteria,1,0.29634458
tr|Q81I63|Q81I63_BACCR,Bacillus cereus,Bacillus cereus (strain ATCC 14579 / DSM 31 / CCUG 7414 / JCM 2152 / NBRC 15305 / NCIMB 9373 / NCTC 2599 / NRRL B-3711),Bacteria,1,0.38102803
tr|Q9L4F8|Q9L4F8_BACCE,Bacillus cereus,Bacillus_cereus,Bacteria,1,0.14095974
tr|Q81A31|Q81A31_BACCR,Bacillus cereus,Bacillus cereus (strain ATCC 14579 / DSM 31 / CCUG 7414 / JCM 2152 / NBRC 15305 / NCIMB 9373 / NCTC 2599 / NRRL B-3711),Bacteria,1,0.13164556
tr|Q81J82|Q81J82_BACCR,Bacillus cereus,Bacillus cereus (strain ATCC 14579 / DSM 31 / CCUG 7414 / JCM 2152 / NBRC 15305 / NCIMB 9373 / NCTC 2599 / NRRL B-3711),Bacteria,1,0.15802723
tr|Q3HTI0|Q3HTI0_BACCE,Bacillus cereus,Bacillus_cereus,Bacteria,1,0.08044041
tr|Q81AN3|Q81AN3_BACCR,Bacillus cereus,Bacillus cereus (strain ATCC 14579 / DSM 31 / CCUG 7414 / JCM 2152 / NBRC 15305 / NCIMB 9373 / NCTC 2599 / NRRL B-3711),Bacteria,1,0.1731765
tr|Q81DA6|Q81DA6_BACCR,Bacillus cereus,Bacillus cereus (strain ATCC 14579 / DSM 31 / CCUG 7414 / JCM 2152 / NBRC 15305 / NCIMB 9373 / NCTC 2599 / NRRL B-3711),Bacteria,1,0.10756779
tr|Q81I21|Q81I21_BACCR,Bacillus cereus,Bacillus cereus (strain ATCC 14579 / DSM 31 / CCUG 7414 / JCM 2152 / NBRC 15305 / NCIMB 9373 / NCTC 2599 / NRRL B-3711),Bacteria,1,0.07055459
tr|Q81BX8|Q81BX8_BACCR,Bacillus cereus,Bacillus cereus (strain ATCC 14579 / DSM 31 / CCUG 7414 / JCM 2152 / NBRC 15305 / NCIMB 9373 / NCTC 2599 / NRRL B-3711),Bacteria,1,0.19166757
tr|Q81BX9|Q81BX9_BACCR,Bacillus cereus,Bacillus cereus (strain ATCC 14579 / DSM 31 / CCUG 7414 / JCM 2152 / NBRC 15305 / NCIMB 9373 / NCTC 2599 / NRRL B-3711),Bacteria,1,0.11878227
tr|Q815U2|Q815U2_BACCR,Bacillus cereus,Bacillus cereus (strain ATCC 14579 / DSM 31 / CCUG 7414 / JCM 2152 / NBRC 15305 / NCIMB 9373 / NCTC 2599 / NRRL B-3711),Bacteria,1,0.2560742
tr|Q81GC3|Q81GC3_BACCR,Bacillus cereus,Bacillus cereus (strain ATCC 14579 / DSM 31 / CCUG 7414 / JCM 2152 / NBRC 15305 / NCIMB 9373 / NCTC 2599 / NRRL B-3711),Bacteria,1,0.10106053
tr|Q81GK2|Q81GK2_BACCR,Bacillus cereus,Bacillus cereus (strain ATCC 14579 / DSM 31 / CCUG 7414 / JCM 2152 / NBRC 15305 / NCIMB 9373 / NCTC 2599 / NRRL B-3711),Bacteria,1,0.1553715
tr|Q814I0|Q814I0_BACCR,Bacillus cereus,Bacillus cereus (strain ATCC 14579 / DSM 31 / CCUG 7414 / JCM 2152 / NBRC 15305 / NCIMB 9373 / NCTC 2599 / NRRL B-3711),Bacteria,1,0.16365601
tr|Q81B13|Q81B13_BACCR,Bacillus cereus,Bacillus cereus (strain ATCC 14579 / DSM 31 / CCUG 7414 / JCM 2152 / NBRC 15305 / NCIMB 9373 / NCTC 2599 / NRRL B-3711),Bacteria,1,0.1561487
tr|Q817U0|Q817U0_BACCR,Bacillus cereus,Bacillus cereus (strain ATCC 14579 / DSM 31 / CCUG 7414 / JCM 2152 / NBRC 15305 / NCIMB 9373 / NCTC 2599 / NRRL B-3711),Bacteria,1,0.17082211
tr|Q81AS2|Q81AS2_BACCR,Bacillus cereus,Bacillus cereus (strain ATCC 14579 / DSM 31 / CCUG 7414 / JCM 2152 / NBRC 15305 / NCIMB 9373 / NCTC 2599 / NRRL B-3711),Bacteria,1,0.37897822
tr|Q81C01|Q81C01_BACCR,Bacillus cereus,Bacillus cereus (strain ATCC 14579 / DSM 31 / CCUG 7414 / JCM 2152 / NBRC 15305 / NCIMB 9373 / NCTC 2599 / NRRL B-3711),Bacteria,1,0.10862118
tr|Q81CL9|Q81CL9_BACCR,Bacillus cereus,Bacillus cereus (strain ATCC 14579 / DSM 31 / CCUG 7414 / JCM 2152 / NBRC 15305 / NCIMB 9373 / NCTC 2599 / NRRL B-3711),Bacteria,1,0.12456685
tr|Q81D73|Q81D73_BACCR,Bacillus cereus,Bacillus cereus (strain ATCC 14579 / DSM 31 / CCUG 7414 / JCM 2152 / NBRC 15305 / NCIMB 9373 / NCTC 2599 / NRRL B-3711),Bacteria,1,0.13786781
tr|Q81AY5|Q81AY5_BACCR,Bacillus cereus,Bacillus cereus (strain ATCC 14579 / DSM 31 / CCUG 7414 / JCM 2152 / NBRC 15305 / NCIMB 9373 / NCTC 2599 / NRRL B-3711),Bacteria,1,0.12632436
tr|Q81GR4|Q81GR4_BACCR,Bacillus cereus,Bacillus cereus (strain ATCC 14579 / DSM 31 / CCUG 7414 / JCM 2152 / NBRC 15305 / NCIMB 9373 / NCTC 2599 / NRRL B-3711),Bacteria,1,0.24134874
tr|Q81HW5|Q81HW5_BACCR,Bacillus cereus,Bacillus cereus (strain ATCC 14579 / DSM 31 / CCUG 7414 / JCM 2152 / NBRC 15305 / NCIMB 9373 / NCTC 2599 / NRRL B-3711),Bacteria,1,0.09499299
tr|Q81CA5|Q81CA5_BACCR,Bacillus cereus,Bacillus cereus (strain ATCC 14579 / DSM 31 / CCUG 7414 / JCM 2152 / NBRC 15305 / NCIMB 9373 / NCTC 2599 / NRRL B-3711),Bacteria,1,0.36351585
tr|Q817Z3|Q817Z3_BACCR,Bacillus cereus,Bacillus cereus (strain ATCC 14579 / DSM 31 / CCUG 7414 / JCM 2152 / NBRC 15305 / NCIMB 9373 / NCTC 2599 / NRRL B-3711),Bacteria,1,0.2035657
tr|Q81E28|Q81E28_BACCR,Bacillus cereus,Bacillus cereus (strain ATCC 14579 / DSM 31 / CCUG 7414 / JCM 2152 / NBRC 15305 / NCIMB 9373 / NCTC 2599 / NRRL B-3711),Bacteria,1,0.10364664
tr|Q81GC6|Q81GC6_BACCR,Bacillus cereus,Bacillus cereus (strain ATCC 14579 / DSM 31 / CCUG 7414 / JCM 2152 / NBRC 15305 / NCIMB 9373 / NCTC 2599 / NRRL B-3711),Bacteria,1,0.10762372
tr|Q81IL7|Q81IL7_BACCR,Bacillus cereus,Bacillus cereus (strain ATCC 14579 / DSM 31 / CCUG 7414 / JCM 2152 / NBRC 15305 / NCIMB 9373 / NCTC 2599 / NRRL B-3711),Bacteria,1,0.16236638
tr|Q814S1|Q814S1_BACCR,Bacillus cereus,Bacillus cereus (strain ATCC 14579 / DSM 31 / CCUG 7414 / JCM 2152 / NBRC 15305 / NCIMB 9373 / NCTC 2599 / NRRL B-3711),Bacteria,1,0.100757934
tr|Q81D56|Q81D56_BACCR,Bacillus cereus,Bacillus cereus (strain ATCC 14579 / DSM 31 / CCUG 7414 / JCM 2152 / NBRC 15305 / NCIMB 9373 / NCTC 2599 / NRRL B-3711),Bacteria,1,0.26037398
tr|Q816G5|Q816G5_BACCR,Bacillus cereus,Bacillus cereus (strain ATCC 14579 / DSM 31 / CCUG 7414 / JCM 2152 / NBRC 15305 / NCIMB 9373 / NCTC 2599 / NRRL B-3711),Bacteria,1,0.09598808
tr|Q81B12|Q81B12_BACCR,Bacillus cereus,Bacillus cereus (strain ATCC 14579 / DSM 31 / CCUG 7414 / JCM 2152 / NBRC 15305 / NCIMB 9373 / NCTC 2599 / NRRL B-3711),Bacteria,1,0.4216684
tr|Q81G72|Q81G72_BACCR,Bacillus cereus,Bacillus cereus (strain ATCC 14579 / DSM 31 / CCUG 7414 / JCM 2152 / NBRC 15305 / NCIMB 9373 / NCTC 2599 / NRRL B-3711),Bacteria,1,0.21086207
sp|B7JIC6|LEXA_BACC0,Bacillus cereus,Bacillus cereus (strain AH820),Bacteria,1,0.14019498
sp|P61606|LEXA_BACC1,Bacillus cereus,Bacillus cereus (strain ATCC 10987 / NRS 248),Bacteria,1,0.14019498
sp|Q81A92|LEXA_BACCR,Bacillus cereus,Bacillus cereus (strain ATCC 14579 / DSM 31 / CCUG 7414 / JCM 2152 / NBRC 15305 / NCIMB 9373 / NCTC 2599 / NRRL B-3711),Bacteria,1,0.14019498
sp|Q815J6|CLPP2_BACCR,Bacillus cereus,Bacillus cereus (strain ATCC 14579 / DSM 31 / CCUG 7414 / JCM 2152 / NBRC 15305 / NCIMB 9373 / NCTC 2599 / NRRL B-3711),Bacteria,1,0.081874564
sp|Q81CH1|CLPP1_BACCR,Bacillus cereus,Bacillus cereus (strain ATCC 14579 / DSM 31 / CCUG 7414 / JCM 2152 / NBRC 15305 / NCIMB 9373 / NCTC 2599 / NRRL B-3711),Bacteria,1,0.25110522
sp|B9IUL2|LEXA_BACCQ,Bacillus cereus,Bacillus cereus (strain Q1),Bacteria,1,0.14019498
sp|Q63AG0|CLPP1_BACCZ,Bacillus cereus,Bacillus cereus (strain ZK / E33L),Bacteria,1,0.2608705
sp|Q631K2|CLPP2_BACCZ,Bacillus cereus,Bacillus cereus (strain ZK / E33L),Bacteria,1,0.081874564
sp|Q637D7|LEXA_BACCZ,Bacillus cereus,Bacillus cereus (strain ZK / E33L),Bacteria,1,0.14019498
sp|Q72XW9|CLPP2_BACC1,Bacillus cereus,Bacillus cereus (strain ATCC 10987 / NRS 248),Bacteria,1,0.076216474
tr|Q817Q4|Q817Q4_BACCR,Bacillus cereus,Bacillus cereus (strain ATCC 14579 / DSM 31 / CCUG 7414 / JCM 2152 / NBRC 15305 / NCIMB 9373 / NCTC 2599 / NRRL B-3711),Bacteria,1,0.21068548
tr|Q817Q3|Q817Q3_BACCR,Bacillus cereus,Bacillus cereus (strain ATCC 14579 / DSM 31 / CCUG 7414 / JCM 2152 / NBRC 15305 / NCIMB 9373 / NCTC 2599 / NRRL B-3711),Bacteria,1,0.24643368
tr|Q81CX0|Q81CX0_BACCR,Bacillus cereus,Bacillus cereus (strain ATCC 14579 / DSM 31 / CCUG 7414 / JCM 2152 / NBRC 15305 / NCIMB 9373 / NCTC 2599 / NRRL B-3711),Bacteria,1,0.10281291
tr|Q81BT6|Q81BT6_BACCR,Bacillus cereus,Bacillus cereus (strain ATCC 14579 / DSM 31 / CCUG 7414 / JCM 2152 / NBRC 15305 / NCIMB 9373 / NCTC 2599 / NRRL B-3711),Bacteria,1,0.08892329
tr|Q819W7|Q819W7_BACCR,Bacillus cereus,Bacillus cereus (strain ATCC 14579 / DSM 31 / CCUG 7414 / JCM 2152 / NBRC 15305 / NCIMB 9373 / NCTC 2599 / NRRL B-3711),Bacteria,1,0.11028355
tr|Q81ID4|Q81ID4_BACCR,Bacillus cereus,Bacillus cereus (strain ATCC 14579 / DSM 31 / CCUG 7414 / JCM 2152 / NBRC 15305 / NCIMB 9373 / NCTC 2599 / NRRL B-3711),Bacteria,1,0.15606694
tr|Q815H1|Q815H1_BACCR,Bacillus cereus,Bacillus cereus (strain ATCC 14579 / DSM 31 / CCUG 7414 / JCM 2152 / NBRC 15305 / NCIMB 9373 / NCTC 2599 / NRRL B-3711),Bacteria,1,0.11038203
tr|Q81GQ1|Q81GQ1_BACCR,Bacillus cereus,Bacillus cereus (strain ATCC 14579 / DSM 31 / CCUG 7414 / JCM 2152 / NBRC 15305 / NCIMB 9373 / NCTC 2599 / NRRL B-3711),Bacteria,1,0.10989613
tr|Q819P3|Q819P3_BACCR,Bacillus cereus,Bacillus cereus (strain ATCC 14579 / DSM 31 / CCUG 7414 / JCM 2152 / NBRC 15305 / NCIMB 9373 / NCTC 2599 / NRRL B-3711),Bacteria,1,0.09090452
tr|Q81BS6|Q81BS6_BACCR,Bacillus cereus,Bacillus cereus (strain ATCC 14579 / DSM 31 / CCUG 7414 / JCM 2152 / NBRC 15305 / NCIMB 9373 / NCTC 2599 / NRRL B-3711),Bacteria,1,0.12974465
tr|Q816G4|Q816G4_BACCR,Bacillus cereus,Bacillus cereus (strain ATCC 14579 / DSM 31 / CCUG 7414 / JCM 2152 / NBRC 15305 / NCIMB 9373 / NCTC 2599 / NRRL B-3711),Bacteria,1,0.17981546
tr|Q81GC9|Q81GC9_BACCR,Bacillus cereus,Bacillus cereus (strain ATCC 14579 / DSM 31 / CCUG 7414 / JCM 2152 / NBRC 15305 / NCIMB 9373 / NCTC 2599 / NRRL B-3711),Bacteria,1,0.11355934
tr|A0A0E3X1S4|A0A0E3X1S4_BACCE,Bacillus cereus,Bacillus_cereus,Bacteria,1,0.11350179
tr|Q814E6|Q814E6_BACCR,Bacillus cereus,Bacillus cereus (strain ATCC 14579 / DSM 31 / CCUG 7414 / JCM 2152 / NBRC 15305 / NCIMB 9373 / NCTC 2599 / NRRL B-3711),Bacteria,1,0.42769033
tr|Q81A78|Q81A78_BACCR,Bacillus cereus,Bacillus cereus (strain ATCC 14579 / DSM 31 / CCUG 7414 / JCM 2152 / NBRC 15305 / NCIMB 9373 / NCTC 2599 / NRRL B-3711),Bacteria,1,0.15553196
tr|Q81BC8|Q81BC8_BACCR,Bacillus cereus,Bacillus cereus (strain ATCC 14579 / DSM 31 / CCUG 7414 / JCM 2152 / NBRC 15305 / NCIMB 9373 / NCTC 2599 / NRRL B-3711),Bacteria,1,0.11945214
tr|Q818B5|Q818B5_BACCR,Bacillus cereus,Bacillus cereus (strain ATCC 14579 / DSM 31 / CCUG 7414 / JCM 2152 / NBRC 15305 / NCIMB 9373 / NCTC 2599 / NRRL B-3711),Bacteria,1,0.3366328
tr|Q81HL5|Q81HL5_BACCR,Bacillus cereus,Bacillus cereus (strain ATCC 14579 / DSM 31 / CCUG 7414 / JCM 2152 / NBRC 15305 / NCIMB 9373 / NCTC 2599 / NRRL B-3711),Bacteria,1,0.19500893
tr|Q7M0W3|Q7M0W3_BACCE,Bacillus cereus,Bacillus_cereus,Bacteria,1,0.076257266
tr|Q819P2|Q819P2_BACCR,Bacillus cereus,Bacillus cereus (strain ATCC 14579 / DSM 31 / CCUG 7414 / JCM 2152 / NBRC 15305 / NCIMB 9373 / NCTC 2599 / NRRL B-3711),Bacteria,1,0.17424059
tr|Q81C54|Q81C54_BACCR,Bacillus cereus,Bacillus cereus (strain ATCC 14579 / DSM 31 / CCUG 7414 / JCM 2152 / NBRC 15305 / NCIMB 9373 / NCTC 2599 / NRRL B-3711),Bacteria,1,0.15774712
tr|Q81DP0|Q81DP0_BACCR,Bacillus cereus,Bacillus cereus (strain ATCC 14579 / DSM 31 / CCUG 7414 / JCM 2152 / NBRC 15305 / NCIMB 9373 / NCTC 2599 / NRRL B-3711),Bacteria,1,0.0783201
tr|Q81CP6|Q81CP6_BACCR,Bacillus cereus,Bacillus cereus (strain ATCC 14579 / DSM 31 / CCUG 7414 / JCM 2152 / NBRC 15305 / NCIMB 9373 / NCTC 2599 / NRRL B-3711),Bacteria,1,0.1333426
tr|Q81EH9|Q81EH9_BACCR,Bacillus cereus,Bacillus cereus (strain ATCC 14579 / DSM 31 / CCUG 7414 / JCM 2152 / NBRC 15305 / NCIMB 9373 / NCTC 2599 / NRRL B-3711),Bacteria,1,0.12554356
tr|Q81HP5|Q81HP5_BACCR,Bacillus cereus,Bacillus cereus (strain ATCC 14579 / DSM 31 / CCUG 7414 / JCM 2152 / NBRC 15305 / NCIMB 9373 / NCTC 2599 / NRRL B-3711),Bacteria,1,0.16625892
sp|Q7SDR1|GUN3_NEUCR,Neurospora crassa,Neurospora crassa (strain ATCC 24698 / 74-OR23-1A / CBS 708.71 / DSM 1257 / FGSC 987),Fungi,1,0.31609815
tr|Q1K5M0|Q1K5M0_NEUCR,Neurospora crassa,Neurospora crassa (strain ATCC 24698 / 74-OR23-1A / CBS 708.71 / DSM 1257 / FGSC 987),Fungi,1,0.3931714
tr|Q7RXC7|Q7RXC7_NEUCR,Neurospora crassa,Neurospora crassa (strain ATCC 24698 / 74-OR23-1A / CBS 708.71 / DSM 1257 / FGSC 987),Fungi,1,0.43100032
tr|Q7RZI8|Q7RZI8_NEUCR,Neurospora crassa,Neurospora crassa (strain ATCC 24698 / 74-OR23-1A / CBS 708.71 / DSM 1257 / FGSC 987),Fungi,1,0.23416278
tr|Q7S390|Q7S390_NEUCR,Neurospora crassa,Neurospora crassa (strain ATCC 24698 / 74-OR23-1A / CBS 708.71 / DSM 1257 / FGSC 987),Fungi,1,0.4300308
sp|Q7RYY1|ATG15_NEUCR,Neurospora crassa,Neurospora crassa (strain ATCC 24698 / 74-OR23-1A / CBS 708.71 / DSM 1257 / FGSC 987),Fungi,1,0.3968242
sp|P11913|MPPB_NEUCR,Neurospora crassa,Neurospora crassa (strain ATCC 24698 / 74-OR23-1A / CBS 708.71 / DSM 1257 / FGSC 987),Fungi,1,0.3907499
sp|Q7SDD5|PMIP_NEUCR,Neurospora crassa,Neurospora crassa (strain ATCC 24698 / 74-OR23-1A / CBS 708.71 / DSM 1257 / FGSC 987),Fungi,1,0.49080765
sp|Q7RYM1|ATP23_NEUCR,Neurospora crassa,Neurospora crassa (strain ATCC 24698 / 74-OR23-1A / CBS 708.71 / DSM 1257 / FGSC 987),Fungi,1,0.27956086
sp|Q7S7C0|PREP_NEUCR,Neurospora crassa,Neurospora crassa (strain ATCC 24698 / 74-OR23-1A / CBS 708.71 / DSM 1257 / FGSC 987),Fungi,1,0.25325993
sp|Q871C5|MEP1_NEUCR,Neurospora crassa,Neurospora crassa (strain ATCC 24698 / 74-OR23-1A / CBS 708.71 / DSM 1257 / FGSC 987),Fungi,1,0.2652708
tr|Q7RVV7|Q7RVV7_NEUCR,Neurospora crassa,Neurospora crassa (strain ATCC 24698 / 74-OR23-1A / CBS 708.71 / DSM 1257 / FGSC 987),Fungi,1,0.23097616
tr|Q7RWL3|Q7RWL3_NEUCR,Neurospora crassa,Neurospora crassa (strain ATCC 24698 / 74-OR23-1A / CBS 708.71 / DSM 1257 / FGSC 987),Fungi,1,0.38151726
tr|Q7S0N2|Q7S0N2_NEUCR,Neurospora crassa,Neurospora crassa (strain ATCC 24698 / 74-OR23-1A / CBS 708.71 / DSM 1257 / FGSC 987),Fungi,1,0.33763692
tr|Q9HDH1|Q9HDH1_NEUCS,Neurospora crassa,Neurospora_crassa,Fungi,1,0.13086486
sp|Q7S8C4|LONM_NEUCR,Neurospora crassa,Neurospora crassa (strain ATCC 24698 / 74-OR23-1A / CBS 708.71 / DSM 1257 / FGSC 987),Fungi,1,0.38957998
sp|Q7SA85|LONP2_NEUCR,Neurospora crassa,Neurospora crassa (strain ATCC 24698 / 74-OR23-1A / CBS 708.71 / DSM 1257 / FGSC 987),Fungi,1,0.38342533
sp|Q7RY44|SEC11_NEUCR,Neurospora crassa,Neurospora crassa (strain ATCC 24698 / 74-OR23-1A / CBS 708.71 / DSM 1257 / FGSC 987),Fungi,1,0.16698562
sp|Q7S9D2|NM111_NEUCR,Neurospora crassa,Neurospora crassa (strain ATCC 24698 / 74-OR23-1A / CBS 708.71 / DSM 1257 / FGSC 987),Fungi,1,0.1619339
sp|Q7S4V5|RBD2_NEUCR,Neurospora crassa,Neurospora crassa (strain ATCC 24698 / 74-OR23-1A / CBS 708.71 / DSM 1257 / FGSC 987),Fungi,1,0.35759896
tr|Q1K7W1|Q1K7W1_NEUCR,Neurospora crassa,Neurospora crassa (strain ATCC 24698 / 74-OR23-1A / CBS 708.71 / DSM 1257 / FGSC 987),Fungi,1,0.2225031
tr|V5IN95|V5IN95_NEUCR,Neurospora crassa,Neurospora crassa (strain ATCC 24698 / 74-OR23-1A / CBS 708.71 / DSM 1257 / FGSC 987),Fungi,1,0.32589567
tr|Q1K659|Q1K659_NEUCR,Neurospora crassa,Neurospora crassa (strain ATCC 24698 / 74-OR23-1A / CBS 708.71 / DSM 1257 / FGSC 987),Fungi,1,0.088741735
sp|P54424|GUN1_MYCMD,Ustilago maydis,Ustilago_maydis,Fungi,1,0.4384431
tr|A0A0D1EAF6|A0A0D1EAF6_MYCMD,Ustilago maydis,Ustilago_maydis,Fungi,1,0.079627156
tr|A0A0D1CIF7|A0A0D1CIF7_MYCMD,Ustilago maydis,Ustilago_maydis,Fungi,1,0.4320921
tr|A0A0D1C6B2|A0A0D1C6B2_MYCMD,Ustilago maydis,Ustilago_maydis,Fungi,1,0.39366856
sp|Q4PHZ2|ATG15_MYCMD,Ustilago maydis,Ustilago_maydis,Fungi,1,0.3955036
tr|A0A0D1DXG7|A0A0D1DXG7_MYCMD,Ustilago maydis,Ustilago_maydis,Fungi,1,0.122535706
tr|A0A0D1E436|A0A0D1E436_MYCMD,Ustilago maydis,Ustilago_maydis,Fungi,1,0.14303668
sp|Q4PBS8|PMIP_MYCMD,Ustilago maydis,Ustilago_maydis,Fungi,1,0.41651055
sp|Q4P5B3|ATP23_MYCMD,Ustilago maydis,Ustilago_maydis,Fungi,1,0.60052466
tr|A0A0D1BVN8|A0A0D1BVN8_MYCMD,Ustilago maydis,Ustilago_maydis,Fungi,1,0.12725468
tr|A0A0D1DN42|A0A0D1DN42_MYCMD,Ustilago maydis,Ustilago_maydis,Fungi,1,0.32829428
tr|A0A0D1DPU1|A0A0D1DPU1_MYCMD,Ustilago maydis,Ustilago_maydis,Fungi,1,0.39690906
tr|A0A0D1CDJ3|A0A0D1CDJ3_MYCMD,Ustilago maydis,Ustilago_maydis,Fungi,1,0.3399077
tr|A0A0D1DQA9|A0A0D1DQA9_MYCMD,Ustilago maydis,Ustilago_maydis,Fungi,1,0.42053273
tr|A0A0D1ECW5|A0A0D1ECW5_MYCMD,Ustilago maydis,Ustilago_maydis,Fungi,1,0.10693613
tr|A0A0D1CH35|A0A0D1CH35_MYCMD,Ustilago maydis,Ustilago_maydis,Fungi,1,0.09970067
tr|A0A0D1E412|A0A0D1E412_MYCMD,Ustilago maydis,Ustilago_maydis,Fungi,1,0.16249323
tr|A0A202B347|A0A202B347_CHRVL,Chromobacterium violaceum,Chromobacterium_violaceum,Bacteria,1,0.041677177
tr|Q7NUM1|Q7NUM1_CHRVO,Chromobacterium violaceum,Chromobacterium violaceum (strain ATCC 12472 / DSM 30191 / JCM 1249 / CCUG 213 / NBRC 12614 / NCIMB 9131 / NCTC 9757 / MK),Bacteria,1,0.041677177
tr|Q7NUI4|Q7NUI4_CHRVO,Chromobacterium violaceum,Chromobacterium violaceum (strain ATCC 12472 / DSM 30191 / JCM 1249 / CCUG 213 / NBRC 12614 / NCIMB 9131 / NCTC 9757 / MK),Bacteria,1,0.09262612
tr|Q7NRI4|Q7NRI4_CHRVO,Chromobacterium violaceum,Chromobacterium violaceum (strain ATCC 12472 / DSM 30191 / JCM 1249 / CCUG 213 / NBRC 12614 / NCIMB 9131 / NCTC 9757 / MK),Bacteria,1,0.16808821
tr|A0A202BBK5|A0A202BBK5_CHRVL,Chromobacterium violaceum,Chromobacterium_violaceum,Bacteria,1,0.16808821
tr|Q7NWI8|Q7NWI8_CHRVO,Chromobacterium violaceum,Chromobacterium violaceum (strain ATCC 12472 / DSM 30191 / JCM 1249 / CCUG 213 / NBRC 12614 / NCIMB 9131 / NCTC 9757 / MK),Bacteria,1,0.050726824
tr|Q7NZP6|Q7NZP6_CHRVO,Chromobacterium violaceum,Chromobacterium violaceum (strain ATCC 12472 / DSM 30191 / JCM 1249 / CCUG 213 / NBRC 12614 / NCIMB 9131 / NCTC 9757 / MK),Bacteria,1,0.087703325
tr|A0A202B9U9|A0A202B9U9_CHRVL,Chromobacterium violaceum,Chromobacterium_violaceum,Bacteria,1,0.12092163
tr|Q7NT10|Q7NT10_CHRVO,Chromobacterium violaceum,Chromobacterium violaceum (strain ATCC 12472 / DSM 30191 / JCM 1249 / CCUG 213 / NBRC 12614 / NCIMB 9131 / NCTC 9757 / MK),Bacteria,1,0.11777721
tr|A0A202B403|A0A202B403_CHRVL,Chromobacterium violaceum,Chromobacterium_violaceum,Bacteria,1,0.048572373
tr|A0A202BB61|A0A202BB61_CHRVL,Chromobacterium violaceum,Chromobacterium_violaceum,Bacteria,1,0.090202756
tr|Q7NQ77|Q7NQ77_CHRVO,Chromobacterium violaceum,Chromobacterium violaceum (strain ATCC 12472 / DSM 30191 / JCM 1249 / CCUG 213 / NBRC 12614 / NCIMB 9131 / NCTC 9757 / MK),Bacteria,1,0.09849409
tr|Q7P204|Q7P204_CHRVO,Chromobacterium violaceum,Chromobacterium violaceum (strain ATCC 12472 / DSM 30191 / JCM 1249 / CCUG 213 / NBRC 12614 / NCIMB 9131 / NCTC 9757 / MK),Bacteria,1,0.13091472
tr|Q7NSC0|Q7NSC0_CHRVO,Chromobacterium violaceum,Chromobacterium violaceum (strain ATCC 12472 / DSM 30191 / JCM 1249 / CCUG 213 / NBRC 12614 / NCIMB 9131 / NCTC 9757 / MK),Bacteria,1,0.057838537
tr|Q7NTE8|Q7NTE8_CHRVO,Chromobacterium violaceum,Chromobacterium violaceum (strain ATCC 12472 / DSM 30191 / JCM 1249 / CCUG 213 / NBRC 12614 / NCIMB 9131 / NCTC 9757 / MK),Bacteria,1,0.10409018
tr|A0A202B2A3|A0A202B2A3_CHRVL,Chromobacterium violaceum,Chromobacterium_violaceum,Bacteria,1,0.100688666
tr|A0A202B4C3|A0A202B4C3_CHRVL,Chromobacterium violaceum,Chromobacterium_violaceum,Bacteria,1,0.13091472
tr|A0A202B7T7|A0A202B7T7_CHRVL,Chromobacterium violaceum,Chromobacterium_violaceum,Bacteria,1,0.0654755
tr|Q7NVY7|Q7NVY7_CHRVO,Chromobacterium violaceum,Chromobacterium violaceum (strain ATCC 12472 / DSM 30191 / JCM 1249 / CCUG 213 / NBRC 12614 / NCIMB 9131 / NCTC 9757 / MK),Bacteria,1,0.0654755
tr|Q7NWK2|Q7NWK2_CHRVO,Chromobacterium violaceum,Chromobacterium violaceum (strain ATCC 12472 / DSM 30191 / JCM 1249 / CCUG 213 / NBRC 12614 / NCIMB 9131 / NCTC 9757 / MK),Bacteria,1,0.12854366
tr|A0A1R0MEA7|A0A1R0MEA7_CHRVL,Chromobacterium violaceum,Chromobacterium_violaceum,Bacteria,1,0.09849409
tr|Q7NQ35|Q7NQ35_CHRVO,Chromobacterium violaceum,Chromobacterium violaceum (strain ATCC 12472 / DSM 30191 / JCM 1249 / CCUG 213 / NBRC 12614 / NCIMB 9131 / NCTC 9757 / MK),Bacteria,1,0.0775331
tr|Q7P0P2|Q7P0P2_CHRVO,Chromobacterium violaceum,Chromobacterium violaceum (strain ATCC 12472 / DSM 30191 / JCM 1249 / CCUG 213 / NBRC 12614 / NCIMB 9131 / NCTC 9757 / MK),Bacteria,1,0.037470624
tr|Q7NWM8|Q7NWM8_CHRVO,Chromobacterium violaceum,Chromobacterium violaceum (strain ATCC 12472 / DSM 30191 / JCM 1249 / CCUG 213 / NBRC 12614 / NCIMB 9131 / NCTC 9757 / MK),Bacteria,1,0.16081928
tr|Q7P1E7|Q7P1E7_CHRVO,Chromobacterium violaceum,Chromobacterium violaceum (strain ATCC 12472 / DSM 30191 / JCM 1249 / CCUG 213 / NBRC 12614 / NCIMB 9131 / NCTC 9757 / MK),Bacteria,1,0.11349271
sp|Q7NUY9|CLPP_CHRVO,Chromobacterium violaceum,Chromobacterium violaceum (strain ATCC 12472 / DSM 30191 / JCM 1249 / CCUG 213 / NBRC 12614 / NCIMB 9131 / NCTC 9757 / MK),Bacteria,1,0.25733787
tr|A0A1R0MEF9|A0A1R0MEF9_CHRVL,Chromobacterium violaceum,Chromobacterium_violaceum,Bacteria,1,0.25733787
tr|Q7NUZ2|Q7NUZ2_CHRVO,Chromobacterium violaceum,Chromobacterium violaceum (strain ATCC 12472 / DSM 30191 / JCM 1249 / CCUG 213 / NBRC 12614 / NCIMB 9131 / NCTC 9757 / MK),Bacteria,1,0.12856805
tr|A0A202B6P3|A0A202B6P3_CHRVL,Chromobacterium violaceum,Chromobacterium_violaceum,Bacteria,1,0.12856805
tr|A0A202B7E8|A0A202B7E8_CHRVL,Chromobacterium violaceum,Chromobacterium_violaceum,Bacteria,1,0.18628106
tr|Q7NSX5|Q7NSX5_CHRVO,Chromobacterium violaceum,Chromobacterium violaceum (strain ATCC 12472 / DSM 30191 / JCM 1249 / CCUG 213 / NBRC 12614 / NCIMB 9131 / NCTC 9757 / MK),Bacteria,1,0.091857664
tr|Q7NWL8|Q7NWL8_CHRVO,Chromobacterium violaceum,Chromobacterium violaceum (strain ATCC 12472 / DSM 30191 / JCM 1249 / CCUG 213 / NBRC 12614 / NCIMB 9131 / NCTC 9757 / MK),Bacteria,1,0.080266304
tr|Q7NWC9|Q7NWC9_CHRVO,Chromobacterium violaceum,Chromobacterium violaceum (strain ATCC 12472 / DSM 30191 / JCM 1249 / CCUG 213 / NBRC 12614 / NCIMB 9131 / NCTC 9757 / MK),Bacteria,1,0.08647012
tr|A0A202B7N1|A0A202B7N1_CHRVL,Chromobacterium violaceum,Chromobacterium_violaceum,Bacteria,1,0.08647012
tr|A0A202BA26|A0A202BA26_CHRVL,Chromobacterium violaceum,Chromobacterium_violaceum,Bacteria,1,0.092353635
tr|Q7NRU3|Q7NRU3_CHRVO,Chromobacterium violaceum,Chromobacterium violaceum (strain ATCC 12472 / DSM 30191 / JCM 1249 / CCUG 213 / NBRC 12614 / NCIMB 9131 / NCTC 9757 / MK),Bacteria,1,0.08190386
tr|Q7NWC6|Q7NWC6_CHRVO,Chromobacterium violaceum,Chromobacterium violaceum (strain ATCC 12472 / DSM 30191 / JCM 1249 / CCUG 213 / NBRC 12614 / NCIMB 9131 / NCTC 9757 / MK),Bacteria,1,0.18628106
tr|Q7NWL5|Q7NWL5_CHRVO,Chromobacterium violaceum,Chromobacterium violaceum (strain ATCC 12472 / DSM 30191 / JCM 1249 / CCUG 213 / NBRC 12614 / NCIMB 9131 / NCTC 9757 / MK),Bacteria,1,0.08459777
tr|A0A202BC99|A0A202BC99_CHRVL,Chromobacterium violaceum,Chromobacterium_violaceum,Bacteria,1,0.08190386
tr|Q7NSR6|Q7NSR6_CHRVO,Chromobacterium violaceum,Chromobacterium violaceum (strain ATCC 12472 / DSM 30191 / JCM 1249 / CCUG 213 / NBRC 12614 / NCIMB 9131 / NCTC 9757 / MK),Bacteria,1,0.10994112
tr|Q7NVL0|Q7NVL0_CHRVO,Chromobacterium violaceum,Chromobacterium violaceum (strain ATCC 12472 / DSM 30191 / JCM 1249 / CCUG 213 / NBRC 12614 / NCIMB 9131 / NCTC 9757 / MK),Bacteria,1,0.09060096
tr|Q7NR20|Q7NR20_CHRVO,Chromobacterium violaceum,Chromobacterium violaceum (strain ATCC 12472 / DSM 30191 / JCM 1249 / CCUG 213 / NBRC 12614 / NCIMB 9131 / NCTC 9757 / MK),Bacteria,1,0.08199137
tr|Q7NX14|Q7NX14_CHRVO,Chromobacterium violaceum,Chromobacterium violaceum (strain ATCC 12472 / DSM 30191 / JCM 1249 / CCUG 213 / NBRC 12614 / NCIMB 9131 / NCTC 9757 / MK),Bacteria,1,0.108290166
tr|Q7NQ34|Q7NQ34_CHRVO,Chromobacterium violaceum,Chromobacterium violaceum (strain ATCC 12472 / DSM 30191 / JCM 1249 / CCUG 213 / NBRC 12614 / NCIMB 9131 / NCTC 9757 / MK),Bacteria,1,0.038283896
tr|A0ABY1UCL3|A0ABY1UCL3_PSESX,Pseudomonas syringae,Pseudomonas syringae pv. avii,Bacteria,1,0.0325251
sp|Q4ZQC4|HTPX_PSEU2,Pseudomonas syringae,Pseudomonas syringae pv. syringae (strain B728a),Bacteria,1,0.110897355
tr|A0A085VRM0|A0A085VRM0_PSESX,Pseudomonas syringae,Pseudomonas_syringae,Bacteria,1,0.08291917
tr|Q4ZNQ5|Q4ZNQ5_PSEU2,Pseudomonas syringae,Pseudomonas syringae pv. syringae (strain B728a),Bacteria,1,0.11007751
tr|F3G3S6|F3G3S6_PSESJ,Pseudomonas syringae,Pseudomonas syringae pv. pisi str. 1704B,Bacteria,1,0.11007751
tr|A0ABY1U288|A0ABY1U288_PSESX,Pseudomonas syringae,Pseudomonas syringae pv. avii,Bacteria,1,0.106834345
tr|A0A085VM46|A0A085VM46_PSESX,Pseudomonas syringae,Pseudomonas_syringae,Bacteria,1,0.07459027
tr|F3G2E1|F3G2E1_PSESJ,Pseudomonas syringae,Pseudomonas syringae pv. pisi str. 1704B,Bacteria,1,0.06541762
tr|Q500Q3|Q500Q3_PSEU2,Pseudomonas syringae,Pseudomonas syringae pv. syringae (strain B728a),Bacteria,1,0.06873288
tr|A0ABY1TZG8|A0ABY1TZG8_PSESX,Pseudomonas syringae,Pseudomonas syringae pv. avii,Bacteria,1,0.06811366
tr|A0A085VLY2|A0A085VLY2_PSESX,Pseudomonas syringae,Pseudomonas_syringae,Bacteria,1,0.09899896
tr|A0ABY1U496|A0ABY1U496_PSESX,Pseudomonas syringae,Pseudomonas syringae pv. avii,Bacteria,1,0.11233837
tr|A0ABY1U5C5|A0ABY1U5C5_PSESX,Pseudomonas syringae,Pseudomonas syringae pv. avii,Bacteria,1,0.074797854
tr|F3G1L9|F3G1L9_PSESJ,Pseudomonas syringae,Pseudomonas syringae pv. pisi str. 1704B,Bacteria,1,0.07771133
tr|A0A085VC30|A0A085VC30_PSESX,Pseudomonas syringae,Pseudomonas_syringae,Bacteria,1,0.05311148
tr|A0A085VNM5|A0A085VNM5_PSESX,Pseudomonas syringae,Pseudomonas_syringae,Bacteria,1,0.0913672
tr|A0ABY1U5N8|A0ABY1U5N8_PSESX,Pseudomonas syringae,Pseudomonas syringae pv. avii,Bacteria,1,0.10610061
tr|Q4ZRM7|Q4ZRM7_PSEU2,Pseudomonas syringae,Pseudomonas syringae pv. syringae (strain B728a),Bacteria,1,0.07765863
tr|A0ABY1UAW6|A0ABY1UAW6_PSESX,Pseudomonas syringae,Pseudomonas syringae pv. avii,Bacteria,1,0.084319435
tr|F3GHU2|F3GHU2_PSESJ,Pseudomonas syringae,Pseudomonas syringae pv. pisi str. 1704B,Bacteria,1,0.37814146
tr|Q4ZRZ7|Q4ZRZ7_PSEU2,Pseudomonas syringae,Pseudomonas syringae pv. syringae (strain B728a),Bacteria,1,0.35974553
tr|Q4ZWS1|Q4ZWS1_PSEU2,Pseudomonas syringae,Pseudomonas syringae pv. syringae (strain B728a),Bacteria,1,0.0853998
tr|Q4ZPA9|Q4ZPA9_PSEU2,Pseudomonas syringae,Pseudomonas syringae pv. syringae (strain B728a),Bacteria,1,0.2864928
sp|Q4ZVM7|CLPP_PSEU2,Pseudomonas syringae,Pseudomonas syringae pv. syringae (strain B728a),Bacteria,1,0.080299504
tr|A0A085VEI8|A0A085VEI8_PSESX,Pseudomonas syringae,Pseudomonas_syringae,Bacteria,1,0.084805116
tr|A0A2G9L4Z0|A0A2G9L4Z0_PSESF,Pseudomonas syringae,Pseudomonas syringae pv. actinidiae,Bacteria,1,0.080299504
tr|A0ABY1U6B8|A0ABY1U6B8_PSESX,Pseudomonas syringae,Pseudomonas syringae pv. avii,Bacteria,1,0.12311944
tr|Q8KUR5|Q8KUR5_PSESX,Pseudomonas syringae,Pseudomonas_syringae,Bacteria,1,0.12206034
tr|Q9AQD1|Q9AQD1_PSESY,Pseudomonas syringae,Pseudomonas syringae pv. syringae,Bacteria,1,0.08965969
tr|A0ABY1U5A6|A0ABY1U5A6_PSESX,Pseudomonas syringae,Pseudomonas syringae pv. avii,Bacteria,1,0.13615654
tr|F3G3B3|F3G3B3_PSESJ,Pseudomonas syringae,Pseudomonas syringae pv. pisi str. 1704B,Bacteria,1,0.09078469
tr|F3G7F1|F3G7F1_PSESJ,Pseudomonas syringae,Pseudomonas syringae pv. pisi str. 1704B,Bacteria,1,0.080299504
tr|Q4ZPD7|Q4ZPD7_PSEU2,Pseudomonas syringae,Pseudomonas syringae pv. syringae (strain B728a),Bacteria,1,0.08965969
tr|A0A085VEI6|A0A085VEI6_PSESX,Pseudomonas syringae,Pseudomonas_syringae,Bacteria,1,0.09832111
tr|A0ABY1U9K5|A0ABY1U9K5_PSESX,Pseudomonas syringae,Pseudomonas syringae pv. avii,Bacteria,1,0.13814627
tr|Q4ZVM5|Q4ZVM5_PSEU2,Pseudomonas syringae,Pseudomonas syringae pv. syringae (strain B728a),Bacteria,1,0.1213042
tr|A0A085VG04|A0A085VG04_PSESX,Pseudomonas syringae,Pseudomonas_syringae,Bacteria,1,0.13270432
tr|A0A085VN68|A0A085VN68_PSESX,Pseudomonas syringae,Pseudomonas_syringae,Bacteria,1,0.12421383
tr|A0ABY1U982|A0ABY1U982_PSESX,Pseudomonas syringae,Pseudomonas syringae pv. avii,Bacteria,1,0.080299504
tr|Q4ZPE8|Q4ZPE8_PSEU2,Pseudomonas syringae,Pseudomonas syringae pv. syringae (strain B728a),Bacteria,1,0.08262638
tr|Q4ZRA7|Q4ZRA7_PSEU2,Pseudomonas syringae,Pseudomonas syringae pv. syringae (strain B728a),Bacteria,1,0.117741235
tr|A0A085VDQ5|A0A085VDQ5_PSESX,Pseudomonas syringae,Pseudomonas_syringae,Bacteria,1,0.2274554
tr|A0ABY1UAX7|A0ABY1UAX7_PSESX,Pseudomonas syringae,Pseudomonas syringae pv. avii,Bacteria,1,0.084244564
tr|A0ABY1UBN7|A0ABY1UBN7_PSESX,Pseudomonas syringae,Pseudomonas syringae pv. avii,Bacteria,1,0.086319834
tr|F3G7F3|F3G7F3_PSESJ,Pseudomonas syringae,Pseudomonas syringae pv. pisi str. 1704B,Bacteria,1,0.11703561
tr|Q4ZTG3|Q4ZTG3_PSEU2,Pseudomonas syringae,Pseudomonas syringae pv. syringae (strain B728a),Bacteria,1,0.121902004
tr|F3GJ95|F3GJ95_PSESJ,Pseudomonas syringae,Pseudomonas syringae pv. pisi str. 1704B,Bacteria,1,0.08566475
tr|Q4ZNI3|Q4ZNI3_PSEU2,Pseudomonas syringae,Pseudomonas syringae pv. syringae (strain B728a),Bacteria,1,0.07782146
tr|A0ABY1UB48|A0ABY1UB48_PSESX,Pseudomonas syringae,Pseudomonas syringae pv. avii,Bacteria,1,0.06977305
tr|F3GKR4|F3GKR4_PSESJ,Pseudomonas syringae,Pseudomonas syringae pv. pisi str. 1704B,Bacteria,1,0.0987869
tr|A0A085VP05|A0A085VP05_PSESX,Pseudomonas syringae,Pseudomonas_syringae,Bacteria,1,0.09651663
tr|F3G3A2|F3G3A2_PSESJ,Pseudomonas syringae,Pseudomonas syringae pv. pisi str. 1704B,Bacteria,1,0.11534768
tr|A0A085VMQ8|A0A085VMQ8_PSESX,Pseudomonas syringae,Pseudomonas_syringae,Bacteria,1,0.09793344
tr|A0ABY1U1X5|A0ABY1U1X5_PSESX,Pseudomonas syringae,Pseudomonas syringae pv. avii,Bacteria,1,0.08130983
tr|Q4ZPD9|Q4ZPD9_PSEU2,Pseudomonas syringae,Pseudomonas syringae pv. syringae (strain B728a),Bacteria,1,0.06710858
tr|A0A085VFZ6|A0A085VFZ6_PSESX,Pseudomonas syringae,Pseudomonas_syringae,Bacteria,1,0.06862391
tr|F3G3K2|F3G3K2_PSESJ,Pseudomonas syringae,Pseudomonas syringae pv. pisi str. 1704B,Bacteria,1,0.0954311
tr|A0ABY1U7J4|A0ABY1U7J4_PSESX,Pseudomonas syringae,Pseudomonas syringae pv. avii,Bacteria,1,0.112860285
tr|Q4ZLQ8|Q4ZLQ8_PSEU2,Pseudomonas syringae,Pseudomonas syringae pv. syringae (strain B728a),Bacteria,1,0.07247103
tr|Q4ZRK7|Q4ZRK7_PSEU2,Pseudomonas syringae,Pseudomonas syringae pv. syringae (strain B728a),Bacteria,1,0.13477917
tr|A0ABY1U229|A0ABY1U229_PSESX,Pseudomonas syringae,Pseudomonas syringae pv. avii,Bacteria,1,0.07015741
tr|F3GHJ6|F3GHJ6_PSESJ,Pseudomonas syringae,Pseudomonas syringae pv. pisi str. 1704B,Bacteria,1,0.43248448
tr|F3GFX5|F3GFX5_PSESJ,Pseudomonas syringae,Pseudomonas syringae pv. pisi str. 1704B,Bacteria,1,0.17082205
tr|Q4ZYB2|Q4ZYB2_PSEU2,Pseudomonas syringae,Pseudomonas syringae pv. syringae (strain B728a),Bacteria,1,0.06520954
tr|A0ABY1UC51|A0ABY1UC51_PSESX,Pseudomonas syringae,Pseudomonas syringae pv. avii,Bacteria,1,0.07451389
tr|F3GBC3|F3GBC3_PSESJ,Pseudomonas syringae,Pseudomonas syringae pv. pisi str. 1704B,Bacteria,1,0.064260475
tr|Q4ZW25|Q4ZW25_PSEU2,Pseudomonas syringae,Pseudomonas syringae pv. syringae (strain B728a),Bacteria,1,0.23400988
tr|A0ABY1UDE3|A0ABY1UDE3_PSESX,Pseudomonas syringae,Pseudomonas syringae pv. avii,Bacteria,1,0.0780236
tr|A0ABY1U6H5|A0ABY1U6H5_PSESX,Pseudomonas syringae,Pseudomonas syringae pv. avii,Bacteria,1,0.1320909
tr|Q4ZW50|Q4ZW50_PSEU2,Pseudomonas syringae,Pseudomonas syringae pv. syringae (strain B728a),Bacteria,1,0.1299629
tr|F3GFX4|F3GFX4_PSESJ,Pseudomonas syringae,Pseudomonas syringae pv. pisi str. 1704B,Bacteria,1,0.14097695
tr|F3GLG2|F3GLG2_PSESJ,Pseudomonas syringae,Pseudomonas syringae pv. pisi str. 1704B,Bacteria,1,0.110745355
tr|A0A0C9ND09|A0A0C9ND09_SPHPI,Sphingomonas paucimobilis,Sphingomonas paucimobilis NBRC 13935,Bacteria,1,0.044883937
tr|A0A0C9MX89|A0A0C9MX89_SPHPI,Sphingomonas paucimobilis,Sphingomonas paucimobilis NBRC 13935,Bacteria,1,0.11773049
tr|A0A0C9M2J8|A0A0C9M2J8_SPHPI,Sphingomonas paucimobilis,Sphingomonas paucimobilis NBRC 13935,Bacteria,1,0.032421727
tr|A0A0C9M0A4|A0A0C9M0A4_SPHPI,Sphingomonas paucimobilis,Sphingomonas paucimobilis NBRC 13935,Bacteria,1,0.12783004
tr|A0A0C9MWM5|A0A0C9MWM5_SPHPI,Sphingomonas paucimobilis,Sphingomonas paucimobilis NBRC 13935,Bacteria,1,0.06132061
tr|A0A0C9M529|A0A0C9M529_SPHPI,Sphingomonas paucimobilis,Sphingomonas paucimobilis NBRC 13935,Bacteria,1,0.123533756
tr|A0A0C9MXC2|A0A0C9MXC2_SPHPI,Sphingomonas paucimobilis,Sphingomonas paucimobilis NBRC 13935,Bacteria,1,0.16238353
tr|A0A0C9N5C9|A0A0C9N5C9_SPHPI,Sphingomonas paucimobilis,Sphingomonas paucimobilis NBRC 13935,Bacteria,1,0.055579804
tr|A0A0C9N7M3|A0A0C9N7M3_SPHPI,Sphingomonas paucimobilis,Sphingomonas paucimobilis NBRC 13935,Bacteria,1,0.11890579
tr|A0A0C9M1I6|A0A0C9M1I6_SPHPI,Sphingomonas paucimobilis,Sphingomonas paucimobilis NBRC 13935,Bacteria,1,0.06994066
tr|A0A0C9M5C4|A0A0C9M5C4_SPHPI,Sphingomonas paucimobilis,Sphingomonas paucimobilis NBRC 13935,Bacteria,1,0.09077697
tr|A0A0J9XBN8|A0A0J9XBN8_GEOCN,Geotrichum candidum,Geotrichum_candidum,Fungi,1,0.37275705
tr|A0A0J9X5P0|A0A0J9X5P0_GEOCN,Geotrichum candidum,Geotrichum_candidum,Fungi,1,0.46376467
tr|A0A0J9X4K1|A0A0J9X4K1_GEOCN,Geotrichum candidum,Geotrichum_candidum,Fungi,1,0.45410123
tr|A0A0J9XD87|A0A0J9XD87_GEOCN,Geotrichum candidum,Geotrichum_candidum,Fungi,1,0.44776714
sp|P17573|LIP1_GEOCN,Geotrichum candidum,Geotrichum_candidum,Fungi,1,0.14391589
sp|P22394|LIP2_GEOCN,Geotrichum candidum,Geotrichum_candidum,Fungi,1,0.1475956
tr|A0A0J9YHF8|A0A0J9YHF8_GEOCN,Geotrichum candidum,Geotrichum_candidum,Fungi,1,0.32460225
tr|A0A0J9X5E4|A0A0J9X5E4_GEOCN,Geotrichum candidum,Geotrichum_candidum,Fungi,1,0.22954991
tr|I7C458|I7C458_GEOCN,Geotrichum candidum,Geotrichum_candidum,Fungi,1,0.14759435
tr|Q12616|Q12616_GEOCN,Geotrichum candidum,Geotrichum_candidum,Fungi,1,0.19463745
tr|A0A0J9X5C5|A0A0J9X5C5_GEOCN,Geotrichum candidum,Geotrichum_candidum,Fungi,1,0.15571034
tr|A0A0P0CZC3|A0A0P0CZC3_GEOCN,Geotrichum candidum,Geotrichum_candidum,Fungi,1,0.22358787
tr|Q1ZZV0|Q1ZZV0_GEOCN,Geotrichum candidum,Geotrichum_candidum,Fungi,1,0.153954
tr|A0A0J9X3H5|A0A0J9X3H5_GEOCN,Geotrichum candidum,Geotrichum_candidum,Fungi,1,0.23416203
tr|A0A0J9XBW9|A0A0J9XBW9_GEOCN,Geotrichum candidum,Geotrichum_candidum,Fungi,1,0.16222264
tr|Q12614|Q12614_GEOCN,Geotrichum candidum,Geotrichum_candidum,Fungi,1,0.19921963
tr|A0A0D3QFR9|A0A0D3QFR9_GEOCN,Geotrichum candidum,Geotrichum_candidum,Fungi,1,0.18010245
tr|A0A0J9XB15|A0A0J9XB15_GEOCN,Geotrichum candidum,Geotrichum_candidum,Fungi,1,0.23190102
tr|A0A0J9X2L8|A0A0J9X2L8_GEOCN,Geotrichum candidum,Geotrichum_candidum,Fungi,1,0.20061877
tr|A0A0J9X4N5|A0A0J9X4N5_GEOCN,Geotrichum candidum,Geotrichum_candidum,Fungi,1,0.25173852
tr|A0A0J9X551|A0A0J9X551_GEOCN,Geotrichum candidum,Geotrichum_candidum,Fungi,1,0.15939191
tr|A0A0J9XBK8|A0A0J9XBK8_GEOCN,Geotrichum candidum,Geotrichum_candidum,Fungi,1,0.32803062
tr|A0A0J9X4P2|A0A0J9X4P2_GEOCN,Geotrichum candidum,Geotrichum_candidum,Fungi,1,0.22266603
tr|A0A0J9XEH2|A0A0J9XEH2_GEOCN,Geotrichum candidum,Geotrichum_candidum,Fungi,1,0.1792876
tr|A0A0J9XHM4|A0A0J9XHM4_GEOCN,Geotrichum candidum,Geotrichum_candidum,Fungi,1,0.13227011
tr|A0A0J9XEI2|A0A0J9XEI2_GEOCN,Geotrichum candidum,Geotrichum_candidum,Fungi,1,0.28650454
tr|A0A0J9X906|A0A0J9X906_GEOCN,Geotrichum candidum,Geotrichum_candidum,Fungi,1,0.17069134
tr|A0A0J9XEC0|A0A0J9XEC0_GEOCN,Geotrichum candidum,Geotrichum_candidum,Fungi,1,0.110862516
tr|A0A0J9XK95|A0A0J9XK95_GEOCN,Geotrichum candidum,Geotrichum_candidum,Fungi,1,0.09675122
tr|A0A0J9XFQ4|A0A0J9XFQ4_GEOCN,Geotrichum candidum,Geotrichum_candidum,Fungi,1,0.26531377
tr|A0A0J9XBP5|A0A0J9XBP5_GEOCN,Geotrichum candidum,Geotrichum_candidum,Fungi,1,0.2991529
tr|A0ABX5NAV4|A0ABX5NAV4_SERMA,Serratia marcescens,Serratia_marcescens,Bacteria,1,0.35582477
tr|A0ABX5NAX9|A0ABX5NAX9_SERMA,Serratia marcescens,Serratia_marcescens,Bacteria,1,0.062369432
tr|Q59932|Q59932_SERMA,Serratia marcescens,Serratia_marcescens,Bacteria,1,0.12810954
tr|D7SFB5|D7SFB5_SERMA,Serratia marcescens,Serratia_marcescens,Bacteria,1,0.09459865
tr|Q59933|Q59933_SERMA,Serratia marcescens,Serratia_marcescens,Bacteria,1,0.12625793
sp|P23694|PRZN_SERMA,Serratia marcescens,Serratia_marcescens,Bacteria,1,0.19275907
tr|A0A0F6KU93|A0A0F6KU93_SERMA,Serratia marcescens,Serratia_marcescens,Bacteria,1,0.1149221
tr|A0N0T1|A0N0T1_SERMA,Serratia marcescens,Serratia_marcescens,Bacteria,1,0.19530185
tr|A0A346M6V2|A0A346M6V2_SERMA,Serratia marcescens,Serratia_marcescens,Bacteria,1,0.22238138
tr|A0A346M6V5|A0A346M6V5_SERMA,Serratia marcescens,Serratia_marcescens,Bacteria,1,0.100813955
tr|A0A346M6V3|A0A346M6V3_SERMA,Serratia marcescens,Serratia_marcescens,Bacteria,1,0.12248701
tr|A0A346M6V4|A0A346M6V4_SERMA,Serratia marcescens,Serratia_marcescens,Bacteria,1,0.10486523
tr|A0AAP8PDL0|A0AAP8PDL0_SERMA,Serratia marcescens,Serratia_marcescens,Bacteria,1,0.12952173
tr|A0ABX5NJT8|A0ABX5NJT8_SERMA,Serratia marcescens,Serratia_marcescens,Bacteria,1,0.124354094
tr|A0A2V4GHF0|A0A2V4GHF0_SERMA,Serratia marcescens,Serratia_marcescens,Bacteria,1,0.117037944
tr|A0AB33FYM0|A0AB33FYM0_SERMA,Serratia marcescens,Serratia_marcescens,Bacteria,1,0.11910574
tr|A0ABX5N7C4|A0ABX5N7C4_SERMA,Serratia marcescens,Serratia_marcescens,Bacteria,1,0.117855884
tr|A0A084X2R6|A0A084X2R6_SERMA,Serratia marcescens,Serratia_marcescens,Bacteria,1,0.10602329
sp|P09489|PRTS_SERMA,Serratia marcescens,Serratia_marcescens,Bacteria,1,0.34480816
sp|P29805|PRTT_SERMA,Serratia marcescens,Serratia_marcescens,Bacteria,1,0.22231407
tr|A0A0U5TRB3|A0A0U5TRB3_SERMA,Serratia marcescens,Serratia_marcescens,Bacteria,1,0.1628457
tr|A0ABX5NDQ6|A0ABX5NDQ6_SERMA,Serratia marcescens,Serratia_marcescens,Bacteria,1,0.09631247
tr|A0A2V4GTY4|A0A2V4GTY4_SERMA,Serratia marcescens,Serratia_marcescens,Bacteria,1,0.074909374
tr|A0A086FIT5|A0A086FIT5_SERMA,Serratia marcescens,Serratia_marcescens,Bacteria,1,0.079389565
tr|A0A0A5T927|A0A0A5T927_SERMA,Serratia marcescens,Serratia_marcescens,Bacteria,1,0.1471131
tr|A0A0G3SQT9|A0A0G3SQT9_SERMA,Serratia marcescens,Serratia_marcescens,Bacteria,1,0.08823287
tr|A0ABX5NKQ9|A0ABX5NKQ9_SERMA,Serratia marcescens,Serratia_marcescens,Bacteria,1,0.10446512
tr|A0A0G3SMG4|A0A0G3SMG4_SERMA,Serratia marcescens,Serratia_marcescens,Bacteria,1,0.20093502
tr|A0A0A5N161|A0A0A5N161_SERMA,Serratia marcescens,Serratia_marcescens,Bacteria,1,0.16221085
tr|A0A0G3SNL6|A0A0G3SNL6_SERMA,Serratia marcescens,Serratia_marcescens,Bacteria,1,0.09477756
tr|A0ABX5ND84|A0ABX5ND84_SERMA,Serratia marcescens,Serratia_marcescens,Bacteria,1,0.051646877
tr|G3EKF6|G3EKF6_SERMA,Serratia marcescens,Serratia_marcescens,Bacteria,1,0.097180404
tr|A0ABX5NAM9|A0ABX5NAM9_SERMA,Serratia marcescens,Serratia_marcescens,Bacteria,1,0.07511563
tr|A0ABX5NH35|A0ABX5NH35_SERMA,Serratia marcescens,Serratia_marcescens,Bacteria,1,0.13386895
tr|H2DQS1|H2DQS1_PYROR,Magnaporthe oryzae,Magnaporthe_oryzae,Fungi,1,0.37055042
tr|Q88JL2|Q88JL2_PSEPK,Pseudomonas putida,Pseudomonas putida (strain ATCC 47054 / DSM 6125 / CFBP 8728 / NCIMB 11950 / KT2440),Bacteria,1,0.029481977
tr|A0ABM7EH29|A0ABM7EH29_PSEPU,Pseudomonas putida,Pseudomonas putida NBRC 14164,Bacteria,1,0.041009847
sp|A5W382|FTSH_PSEP1,Pseudomonas putida,Pseudomonas putida (strain ATCC 700007 / DSM 6899 / JCM 31910 / BCRC 17059 / LMG 24140 / F1),Bacteria,1,0.061041642
sp|Q88LQ8|HTPX_PSEPK,Pseudomonas putida,Pseudomonas putida (strain ATCC 47054 / DSM 6125 / CFBP 8728 / NCIMB 11950 / KT2440),Bacteria,1,0.108977586
sp|A5W758|HTPX_PSEP1,Pseudomonas putida,Pseudomonas putida (strain ATCC 700007 / DSM 6899 / JCM 31910 / BCRC 17059 / LMG 24140 / F1),Bacteria,1,0.10674987
sp|B1J4W3|HTPX_PSEPW,Pseudomonas putida,Pseudomonas putida (strain W619),Bacteria,1,0.104882345
sp|Q88QV3|PQQF_PSEPK,Pseudomonas putida,Pseudomonas putida (strain ATCC 47054 / DSM 6125 / CFBP 8728 / NCIMB 11950 / KT2440),Bacteria,1,0.4633958
sp|B0KUP8|HTPX_PSEPG,Pseudomonas putida,Pseudomonas putida (strain GB-1),Bacteria,1,0.09582025
tr|Q88DV1|Q88DV1_PSEPK,Pseudomonas putida,Pseudomonas putida (strain ATCC 47054 / DSM 6125 / CFBP 8728 / NCIMB 11950 / KT2440),Bacteria,1,0.06495664
tr|A0A1L7NJR9|A0A1L7NJR9_PSEPU,Pseudomonas putida,Pseudomonas_putida,Bacteria,1,0.0657883
tr|A0ABM7ELJ4|A0ABM7ELJ4_PSEPU,Pseudomonas putida,Pseudomonas putida NBRC 14164,Bacteria,1,0.066189215
tr|A0A1L7N5C4|A0A1L7N5C4_PSEPU,Pseudomonas putida,Pseudomonas_putida,Bacteria,1,0.07967909
tr|Q88RN3|Q88RN3_PSEPK,Pseudomonas putida,Pseudomonas putida (strain ATCC 47054 / DSM 6125 / CFBP 8728 / NCIMB 11950 / KT2440),Bacteria,1,0.06563375
tr|A0ABM7E8R0|A0ABM7E8R0_PSEPU,Pseudomonas putida,Pseudomonas putida NBRC 14164,Bacteria,1,0.074414976
tr|A0A1L7N8R3|A0A1L7N8R3_PSEPU,Pseudomonas putida,Pseudomonas_putida,Bacteria,1,0.046748094
tr|A0A1Y3KV15|A0A1Y3KV15_PSEPU,Pseudomonas putida,Pseudomonas_putida,Bacteria,1,0.09582025
tr|A0ABM7EIX7|A0ABM7EIX7_PSEPU,Pseudomonas putida,Pseudomonas putida NBRC 14164,Bacteria,1,0.10067846
tr|A0ABN5US32|A0ABN5US32_PSEPU,Pseudomonas putida,Pseudomonas putida NBRC 14164,Bacteria,1,0.04544998
tr|Q88MH3|Q88MH3_PSEPK,Pseudomonas putida,Pseudomonas putida (strain ATCC 47054 / DSM 6125 / CFBP 8728 / NCIMB 11950 / KT2440),Bacteria,1,0.065635845
tr|Q88CR8|Q88CR8_PSEPK,Pseudomonas putida,Pseudomonas putida (strain ATCC 47054 / DSM 6125 / CFBP 8728 / NCIMB 11950 / KT2440),Bacteria,1,0.06809291
sp|P59479|LEXA2_PSEPK,Pseudomonas putida,Pseudomonas putida (strain ATCC 47054 / DSM 6125 / CFBP 8728 / NCIMB 11950 / KT2440),Bacteria,1,0.21190454
sp|B0KV30|DEGPL_PSEPG,Pseudomonas putida,Pseudomonas putida (strain GB-1),Bacteria,1,0.09605856
sp|A5W8F5|DEGPL_PSEP1,Pseudomonas putida,Pseudomonas putida (strain ATCC 700007 / DSM 6899 / JCM 31910 / BCRC 17059 / LMG 24140 / F1),Bacteria,1,0.095370516
sp|B0KJG6|CLPP_PSEPG,Pseudomonas putida,Pseudomonas putida (strain GB-1),Bacteria,1,0.09692777
sp|Q88KJ0|CLPP_PSEPK,Pseudomonas putida,Pseudomonas putida (strain ATCC 47054 / DSM 6125 / CFBP 8728 / NCIMB 11950 / KT2440),Bacteria,1,0.12900373
sp|A5W635|CLPP_PSEP1,Pseudomonas putida,Pseudomonas putida (strain ATCC 700007 / DSM 6899 / JCM 31910 / BCRC 17059 / LMG 24140 / F1),Bacteria,1,0.12900373
sp|B1J692|CLPP_PSEPW,Pseudomonas putida,Pseudomonas putida (strain W619),Bacteria,1,0.123618826
sp|P0A153|LEXA1_PSEPK,Pseudomonas putida,Pseudomonas putida (strain ATCC 47054 / DSM 6125 / CFBP 8728 / NCIMB 11950 / KT2440),Bacteria,1,0.07332335
sp|P0A154|LEXA_PSEPU,Pseudomonas putida,Pseudomonas_putida,Bacteria,1,0.07332335
sp|B1J4D7|DEGPL_PSEPW,Pseudomonas putida,Pseudomonas putida (strain W619),Bacteria,1,0.09036211
tr|A0A1L7NAR1|A0A1L7NAR1_PSEPU,Pseudomonas putida,Pseudomonas_putida,Bacteria,1,0.085643925
tr|A0A1L7NIP6|A0A1L7NIP6_PSEPU,Pseudomonas putida,Pseudomonas_putida,Bacteria,1,0.07962516
tr|A0ABM7EAD3|A0ABM7EAD3_PSEPU,Pseudomonas putida,Pseudomonas putida NBRC 14164,Bacteria,1,0.08010911
tr|A0ABM7EIB3|A0ABM7EIB3_PSEPU,Pseudomonas putida,Pseudomonas putida NBRC 14164,Bacteria,1,0.069256015
tr|A4Q999|A4Q999_PSEPU,Pseudomonas putida,Pseudomonas_putida,Bacteria,1,0.105916105
tr|A0A1L7NDD9|A0A1L7NDD9_PSEPU,Pseudomonas putida,Pseudomonas_putida,Bacteria,1,0.2900393
tr|Q88KI8|Q88KI8_PSEPK,Pseudomonas putida,Pseudomonas putida (strain ATCC 47054 / DSM 6125 / CFBP 8728 / NCIMB 11950 / KT2440),Bacteria,1,0.10434981
tr|Q88MX5|Q88MX5_PSEPK,Pseudomonas putida,Pseudomonas putida (strain ATCC 47054 / DSM 6125 / CFBP 8728 / NCIMB 11950 / KT2440),Bacteria,1,0.08191229
tr|A0A166JX99|A0A166JX99_PSEPU,Pseudomonas putida,Pseudomonas_putida,Bacteria,1,0.09692777
tr|A0A1L7NA59|A0A1L7NA59_PSEPU,Pseudomonas putida,Pseudomonas_putida,Bacteria,1,0.07762142
tr|A0ABN5UL45|A0ABN5UL45_PSEPU,Pseudomonas putida,Pseudomonas putida NBRC 14164,Bacteria,1,0.2768389
tr|A0ABN5UNJ2|A0ABN5UNJ2_PSEPU,Pseudomonas putida,Pseudomonas putida NBRC 14164,Bacteria,1,0.08429867
tr|A0ABN5UQ43|A0ABN5UQ43_PSEPU,Pseudomonas putida,Pseudomonas putida NBRC 14164,Bacteria,1,0.09692777
tr|A0A161YI30|A0A161YI30_PSEPU,Pseudomonas putida,Pseudomonas_putida,Bacteria,1,0.07903261
tr|A0A1L7NIM8|A0A1L7NIM8_PSEPU,Pseudomonas putida,Pseudomonas_putida,Bacteria,1,0.102570824
tr|A0A1L7NPJ8|A0A1L7NPJ8_PSEPU,Pseudomonas putida,Pseudomonas_putida,Bacteria,1,0.22934335
tr|A0ABN5UH56|A0ABN5UH56_PSEPU,Pseudomonas putida,Pseudomonas putida NBRC 14164,Bacteria,1,0.09432265
tr|A0ABN5URR5|A0ABN5URR5_PSEPU,Pseudomonas putida,Pseudomonas putida NBRC 14164,Bacteria,1,0.07903261
tr|B3FNL6|B3FNL6_PSEPU,Pseudomonas putida,Pseudomonas_putida,Bacteria,1,0.2328439
tr|A0A1L7NIJ0|A0A1L7NIJ0_PSEPU,Pseudomonas putida,Pseudomonas_putida,Bacteria,1,0.07652433
tr|A0ABM7EB44|A0ABM7EB44_PSEPU,Pseudomonas putida,Pseudomonas putida NBRC 14164,Bacteria,1,0.08157591
tr|Q88MY6|Q88MY6_PSEPK,Pseudomonas putida,Pseudomonas putida (strain ATCC 47054 / DSM 6125 / CFBP 8728 / NCIMB 11950 / KT2440),Bacteria,1,0.09581353
tr|Q88MY8|Q88MY8_PSEPK,Pseudomonas putida,Pseudomonas putida (strain ATCC 47054 / DSM 6125 / CFBP 8728 / NCIMB 11950 / KT2440),Bacteria,1,0.09082326
tr|Q88Q18|Q88Q18_PSEPK,Pseudomonas putida,Pseudomonas putida (strain ATCC 47054 / DSM 6125 / CFBP 8728 / NCIMB 11950 / KT2440),Bacteria,1,0.0759032
tr|Q88FS5|Q88FS5_PSEPK,Pseudomonas putida,Pseudomonas putida (strain ATCC 47054 / DSM 6125 / CFBP 8728 / NCIMB 11950 / KT2440),Bacteria,1,0.143182
tr|Q88CX2|Q88CX2_PSEPK,Pseudomonas putida,Pseudomonas putida (strain ATCC 47054 / DSM 6125 / CFBP 8728 / NCIMB 11950 / KT2440),Bacteria,1,0.063033104
tr|Q88G04|Q88G04_PSEPK,Pseudomonas putida,Pseudomonas putida (strain ATCC 47054 / DSM 6125 / CFBP 8728 / NCIMB 11950 / KT2440),Bacteria,1,0.09986576
tr|A0A1L7NFS7|A0A1L7NFS7_PSEPU,Pseudomonas putida,Pseudomonas_putida,Bacteria,1,0.07989298
tr|Q88NB1|Q88NB1_PSEPK,Pseudomonas putida,Pseudomonas putida (strain ATCC 47054 / DSM 6125 / CFBP 8728 / NCIMB 11950 / KT2440),Bacteria,1,0.14839087
tr|Q88PG7|Q88PG7_PSEPK,Pseudomonas putida,Pseudomonas putida (strain ATCC 47054 / DSM 6125 / CFBP 8728 / NCIMB 11950 / KT2440),Bacteria,1,0.18350421
tr|Q88R99|Q88R99_PSEPK,Pseudomonas putida,Pseudomonas putida (strain ATCC 47054 / DSM 6125 / CFBP 8728 / NCIMB 11950 / KT2440),Bacteria,1,0.07285561
tr|Q88GG0|Q88GG0_PSEPK,Pseudomonas putida,Pseudomonas putida (strain ATCC 47054 / DSM 6125 / CFBP 8728 / NCIMB 11950 / KT2440),Bacteria,1,0.11865448
tr|Q88MZ9|Q88MZ9_PSEPK,Pseudomonas putida,Pseudomonas putida (strain ATCC 47054 / DSM 6125 / CFBP 8728 / NCIMB 11950 / KT2440),Bacteria,1,0.087205596
tr|Q88NK1|Q88NK1_PSEPK,Pseudomonas putida,Pseudomonas putida (strain ATCC 47054 / DSM 6125 / CFBP 8728 / NCIMB 11950 / KT2440),Bacteria,1,0.08861302
tr|Q88RT3|Q88RT3_PSEPK,Pseudomonas putida,Pseudomonas putida (strain ATCC 47054 / DSM 6125 / CFBP 8728 / NCIMB 11950 / KT2440),Bacteria,1,0.14980048
tr|A0ABM7EFX0|A0ABM7EFX0_PSEPU,Pseudomonas putida,Pseudomonas putida NBRC 14164,Bacteria,1,0.06388102
tr|Q88R66|Q88R66_PSEPK,Pseudomonas putida,Pseudomonas putida (strain ATCC 47054 / DSM 6125 / CFBP 8728 / NCIMB 11950 / KT2440),Bacteria,1,0.098174274
tr|Q88CD1|Q88CD1_PSEPK,Pseudomonas putida,Pseudomonas putida (strain ATCC 47054 / DSM 6125 / CFBP 8728 / NCIMB 11950 / KT2440),Bacteria,1,0.095419586
tr|Q88HT2|Q88HT2_PSEPK,Pseudomonas putida,Pseudomonas putida (strain ATCC 47054 / DSM 6125 / CFBP 8728 / NCIMB 11950 / KT2440),Bacteria,1,0.07929698
tr|Q88PP9|Q88PP9_PSEPK,Pseudomonas putida,Pseudomonas putida (strain ATCC 47054 / DSM 6125 / CFBP 8728 / NCIMB 11950 / KT2440),Bacteria,1,0.13117352
tr|A0ABN5CX14|A0ABN5CX14_BURCE,Burkholderia cepacia,Burkholderia_cepacia,Bacteria,1,0.040516812
sp|P22088|LIP_BURCE,Burkholderia cepacia,Burkholderia_cepacia,Bacteria,1,0.07010126
tr|Q9R4W9|Q9R4W9_BURCE,Burkholderia cepacia,Burkholderia_cepacia,Bacteria,1,0.06674298
tr|A0A102TXY1|A0A102TXY1_BURCE,Burkholderia cepacia,Burkholderia_cepacia,Bacteria,1,0.1070265
tr|A0ABN5D552|A0ABN5D552_BURCE,Burkholderia cepacia,Burkholderia_cepacia,Bacteria,1,0.060995605
tr|A0AAP4REB9|A0AAP4REB9_BURCE,Burkholderia cepacia,Burkholderia_cepacia,Bacteria,1,0.068386294
tr|A0ABN5CTJ1|A0ABN5CTJ1_BURCE,Burkholderia cepacia,Burkholderia_cepacia,Bacteria,1,0.09580695
tr|Q7WSN3|Q7WSN3_BURCE,Burkholderia cepacia,Burkholderia_cepacia,Bacteria,1,0.06521169
tr|A0A095G5R9|A0A095G5R9_BURCE,Burkholderia cepacia,Burkholderia_cepacia,Bacteria,1,0.07902964
tr|A0ABM6NZ61|A0ABM6NZ61_BURCE,Burkholderia cepacia,Burkholderia_cepacia,Bacteria,1,0.06470005
tr|A0A081V470|A0A081V470_BURCE,Burkholderia cepacia,Burkholderia_cepacia,Bacteria,1,0.11405792
tr|A0A102QLE3|A0A102QLE3_BURCE,Burkholderia cepacia,Burkholderia_cepacia,Bacteria,1,0.09285487
tr|A0A081V468|A0A081V468_BURCE,Burkholderia cepacia,Burkholderia_cepacia,Bacteria,1,0.1745345
tr|A0ABM6NU51|A0ABM6NU51_BURCE,Burkholderia cepacia,Burkholderia_cepacia,Bacteria,1,0.07800258
tr|A0ABM6P1U3|A0ABM6P1U3_BURCE,Burkholderia cepacia,Burkholderia_cepacia,Bacteria,1,0.042723756
tr|A0A104B3I5|A0A104B3I5_BURCE,Burkholderia cepacia,Burkholderia_cepacia,Bacteria,1,0.06718267
tr|A0A1Z3YM91|A0A1Z3YM91_BURCE,Burkholderia cepacia,Burkholderia_cepacia,Bacteria,1,0.18612948
tr|Q2J1E0|Q2J1E0_RHOP2,Rhodopseudomonas palustris,Rhodopseudomonas palustris (strain HaA2),Bacteria,1,0.08620802
sp|Q13D27|HTPX_RHOPS,Rhodopseudomonas palustris,Rhodopseudomonas palustris (strain BisB5),Bacteria,1,0.09691251
sp|B3QED3|HTPX_RHOPT,Rhodopseudomonas palustris,Rhodopseudomonas palustris (strain TIE-1),Bacteria,1,0.13080506
sp|Q07T82|HTPX_RHOP5,Rhodopseudomonas palustris,Rhodopseudomonas palustris (strain BisA53),Bacteria,1,0.14258976
tr|Q2IZ34|Q2IZ34_RHOP2,Rhodopseudomonas palustris,Rhodopseudomonas palustris (strain HaA2),Bacteria,1,0.07082947
tr|Q6NAQ5|Q6NAQ5_RHOPA,Rhodopseudomonas palustris,Rhodopseudomonas palustris (strain ATCC BAA-98 / CGA009),Bacteria,1,0.07895092
tr|Q2IR42|Q2IR42_RHOP2,Rhodopseudomonas palustris,Rhodopseudomonas palustris (strain HaA2),Bacteria,1,0.15663062
tr|Q2IS09|Q2IS09_RHOP2,Rhodopseudomonas palustris,Rhodopseudomonas palustris (strain HaA2),Bacteria,1,0.09454366
tr|Q2IW87|Q2IW87_RHOP2,Rhodopseudomonas palustris,Rhodopseudomonas palustris (strain HaA2),Bacteria,1,0.30900377
tr|Q6N1B1|Q6N1B1_RHOPA,Rhodopseudomonas palustris,Rhodopseudomonas palustris (strain ATCC BAA-98 / CGA009),Bacteria,1,0.10279844
tr|Q6N5Q7|Q6N5Q7_RHOPA,Rhodopseudomonas palustris,Rhodopseudomonas palustris (strain ATCC BAA-98 / CGA009),Bacteria,1,0.11251816
tr|Q6NBP1|Q6NBP1_RHOPA,Rhodopseudomonas palustris,Rhodopseudomonas palustris (strain ATCC BAA-98 / CGA009),Bacteria,1,0.13080506
tr|A0AAE9XWS4|A0AAE9XWS4_RHOPA,Rhodopseudomonas palustris,Rhodopseudomonas palustris (strain ATCC BAA-98 / CGA009),Bacteria,1,0.053367984
tr|Q6NBK3|Q6NBK3_RHOPA,Rhodopseudomonas palustris,Rhodopseudomonas palustris (strain ATCC BAA-98 / CGA009),Bacteria,1,0.0793339
tr|Q6N718|Q6N718_RHOPA,Rhodopseudomonas palustris,Rhodopseudomonas palustris (strain ATCC BAA-98 / CGA009),Bacteria,1,0.06999266
sp|Q07NH5|LEXA_RHOP5,Rhodopseudomonas palustris,Rhodopseudomonas palustris (strain BisA53),Bacteria,1,0.09134115
sp|B3Q6P2|LEXA_RHOPT,Rhodopseudomonas palustris,Rhodopseudomonas palustris (strain TIE-1),Bacteria,1,0.08906098
sp|Q135W7|CLPP_RHOPS,Rhodopseudomonas palustris,Rhodopseudomonas palustris (strain BisB5),Bacteria,1,0.13031653
sp|Q2IWZ4|CLPP_RHOP2,Rhodopseudomonas palustris,Rhodopseudomonas palustris (strain HaA2),Bacteria,1,0.14622657
sp|Q215J2|CLPP_RHOPB,Rhodopseudomonas palustris,Rhodopseudomonas palustris (strain BisB18),Bacteria,1,0.15699486
sp|P61614|LEXA_RHOPA,Rhodopseudomonas palustris,Rhodopseudomonas palustris (strain ATCC BAA-98 / CGA009),Bacteria,1,0.08906098
sp|Q07NN6|CLPP_RHOP5,Rhodopseudomonas palustris,Rhodopseudomonas palustris (strain BisA53),Bacteria,1,0.16323297
sp|Q136C2|LEXA_RHOPS,Rhodopseudomonas palustris,Rhodopseudomonas palustris (strain BisB5),Bacteria,1,0.07726786
sp|Q2IW99|LEXA_RHOP2,Rhodopseudomonas palustris,Rhodopseudomonas palustris (strain HaA2),Bacteria,1,0.09252605
sp|Q6N5L3|CLPP_RHOPA,Rhodopseudomonas palustris,Rhodopseudomonas palustris (strain ATCC BAA-98 / CGA009),Bacteria,1,0.10961076
sp|B3Q7P5|CLPP_RHOPT,Rhodopseudomonas palustris,Rhodopseudomonas palustris (strain TIE-1),Bacteria,1,0.10961076
sp|Q215D1|LEXA_RHOPB,Rhodopseudomonas palustris,Rhodopseudomonas palustris (strain BisB18),Bacteria,1,0.08094321
tr|A0AAF0BR55|A0AAF0BR55_RHOPA,Rhodopseudomonas palustris,Rhodopseudomonas palustris (strain ATCC BAA-98 / CGA009),Bacteria,1,0.08906098
tr|Q6N5L5|Q6N5L5_RHOPA,Rhodopseudomonas palustris,Rhodopseudomonas palustris (strain ATCC BAA-98 / CGA009),Bacteria,1,0.29454264
tr|Q2IYG2|Q2IYG2_RHOP2,Rhodopseudomonas palustris,Rhodopseudomonas palustris (strain HaA2),Bacteria,1,0.10403106
tr|Q2IWZ2|Q2IWZ2_RHOP2,Rhodopseudomonas palustris,Rhodopseudomonas palustris (strain HaA2),Bacteria,1,0.20765148
tr|A0AAF0BR79|A0AAF0BR79_RHOPA,Rhodopseudomonas palustris,Rhodopseudomonas palustris (strain ATCC BAA-98 / CGA009),Bacteria,1,0.10961076
tr|Q6N137|Q6N137_RHOPA,Rhodopseudomonas palustris,Rhodopseudomonas palustris (strain ATCC BAA-98 / CGA009),Bacteria,1,0.05629689
tr|Q6N6C2|Q6N6C2_RHOPA,Rhodopseudomonas palustris,Rhodopseudomonas palustris (strain ATCC BAA-98 / CGA009),Bacteria,1,0.14539558
tr|Q2IUH1|Q2IUH1_RHOP2,Rhodopseudomonas palustris,Rhodopseudomonas palustris (strain HaA2),Bacteria,1,0.057168953
tr|Q6N8H4|Q6N8H4_RHOPA,Rhodopseudomonas palustris,Rhodopseudomonas palustris (strain ATCC BAA-98 / CGA009),Bacteria,1,0.07308166
tr|Q2IR84|Q2IR84_RHOP2,Rhodopseudomonas palustris,Rhodopseudomonas palustris (strain HaA2),Bacteria,1,0.082619466
tr|Q2IWU6|Q2IWU6_RHOP2,Rhodopseudomonas palustris,Rhodopseudomonas palustris (strain HaA2),Bacteria,1,0.13021609
tr|Q6N452|Q6N452_RHOPA,Rhodopseudomonas palustris,Rhodopseudomonas palustris (strain ATCC BAA-98 / CGA009),Bacteria,1,0.07960141
tr|Q6NBK4|Q6NBK4_RHOPA,Rhodopseudomonas palustris,Rhodopseudomonas palustris (strain ATCC BAA-98 / CGA009),Bacteria,1,0.07590406
tr|Q2IXF9|Q2IXF9_RHOP2,Rhodopseudomonas palustris,Rhodopseudomonas palustris (strain HaA2),Bacteria,1,0.20364828
tr|Q2IT08|Q2IT08_RHOP2,Rhodopseudomonas palustris,Rhodopseudomonas palustris (strain HaA2),Bacteria,1,0.08627446
tr|A0AAE9XY49|A0AAE9XY49_RHOPA,Rhodopseudomonas palustris,Rhodopseudomonas palustris (strain ATCC BAA-98 / CGA009),Bacteria,1,0.02874709
sp|P54857|TGL2_YEAST,Saccharomyces cerevisiae,Saccharomyces cerevisiae (strain ATCC 204508 / S288c),Fungi,1,0.14019738
sp|P40308|TGL3_YEAST,Saccharomyces cerevisiae,Saccharomyces cerevisiae (strain ATCC 204508 / S288c),Fungi,1,0.095458336
sp|P40471|AYR1_YEAST,Saccharomyces cerevisiae,Saccharomyces cerevisiae (strain ATCC 204508 / S288c),Fungi,1,0.21649772
sp|P36165|TGL4_YEAST,Saccharomyces cerevisiae,Saccharomyces cerevisiae (strain ATCC 204508 / S288c),Fungi,1,0.14749643
sp|P38139|LDH1_YEAST,Saccharomyces cerevisiae,Saccharomyces cerevisiae (strain ATCC 204508 / S288c),Fungi,1,0.36734173
sp|Q12043|TGL5_YEAST,Saccharomyces cerevisiae,Saccharomyces cerevisiae (strain ATCC 204508 / S288c),Fungi,1,0.10390041
sp|P25641|ATG15_YEAST,Saccharomyces cerevisiae,Saccharomyces cerevisiae (strain ATCC 204508 / S288c),Fungi,1,0.27688083
sp|Q06522|YP147_YEAST,Saccharomyces cerevisiae,Saccharomyces cerevisiae (strain ATCC 204508 / S288c),Fungi,1,0.34233782
sp|A6ZTP2|ATG15_YEAS7,Saccharomyces cerevisiae,Saccharomyces cerevisiae (strain YJM789),Fungi,1,0.2860793
sp|P47145|LIH1_YEAST,Saccharomyces cerevisiae,Saccharomyces cerevisiae (strain ATCC 204508 / S288c),Fungi,1,0.1266072
tr|B3LUC6|B3LUC6_YEAS1,Saccharomyces cerevisiae,Saccharomyces cerevisiae (strain RM11-1a),Fungi,1,0.29051176
tr|B3LQJ1|B3LQJ1_YEAS1,Saccharomyces cerevisiae,Saccharomyces cerevisiae (strain RM11-1a),Fungi,1,0.47607413
sp|P35999|PMIP_YEAST,Saccharomyces cerevisiae,Saccharomyces cerevisiae (strain ATCC 204508 / S288c),Fungi,1,0.12753966
sp|P47154|STE24_YEAST,Saccharomyces cerevisiae,Saccharomyces cerevisiae (strain ATCC 204508 / S288c),Fungi,1,0.1363191
sp|P25375|PRTD_YEAST,Saccharomyces cerevisiae,Saccharomyces cerevisiae (strain ATCC 204508 / S288c),Fungi,1,0.08550311
sp|P10507|MPPB_YEAST,Saccharomyces cerevisiae,Saccharomyces cerevisiae (strain ATCC 204508 / S288c),Fungi,1,0.18033125
sp|P32795|YME1_YEAST,Saccharomyces cerevisiae,Saccharomyces cerevisiae (strain ATCC 204508 / S288c),Fungi,1,0.2109197
sp|P32898|PREP_YEAST,Saccharomyces cerevisiae,Saccharomyces cerevisiae (strain ATCC 204508 / S288c),Fungi,1,0.26619732
sp|P38838|WSS1_YEAST,Saccharomyces cerevisiae,Saccharomyces cerevisiae (strain ATCC 204508 / S288c),Fungi,1,0.2043165
sp|P40341|YTA12_YEAST,Saccharomyces cerevisiae,Saccharomyces cerevisiae (strain ATCC 204508 / S288c),Fungi,1,0.2209105
sp|P36163|OMA1_YEAST,Saccharomyces cerevisiae,Saccharomyces cerevisiae (strain ATCC 204508 / S288c),Fungi,1,0.18926266
sp|P40851|AXL1_YEAST,Saccharomyces cerevisiae,Saccharomyces cerevisiae (strain ATCC 204508 / S288c),Fungi,1,0.081006564
sp|P39925|AFG3_YEAST,Saccharomyces cerevisiae,Saccharomyces cerevisiae (strain ATCC 204508 / S288c),Fungi,1,0.19945878
sp|P53722|ATP23_YEAST,Saccharomyces cerevisiae,Saccharomyces cerevisiae (strain ATCC 204508 / S288c),Fungi,1,0.32204768
sp|Q06010|STE23_YEAST,Saccharomyces cerevisiae,Saccharomyces cerevisiae (strain ATCC 204508 / S288c),Fungi,1,0.111878455
sp|P40483|YIK8_YEAST,Saccharomyces cerevisiae,Saccharomyces cerevisiae (strain ATCC 204508 / S288c),Fungi,1,0.20834543
sp|A6ZZI7|PMIP_YEAS7,Saccharomyces cerevisiae,Saccharomyces cerevisiae (strain YJM789),Fungi,1,0.1257643
sp|C8ZFP7|ATP23_YEAS8,Saccharomyces cerevisiae,Saccharomyces cerevisiae (strain Lalvin EC1118 / Prise de mousse),Fungi,1,0.31297538
sp|A6ZS94|ATP23_YEAS7,Saccharomyces cerevisiae,Saccharomyces cerevisiae (strain YJM789),Fungi,1,0.32204768
tr|B3LQK1|B3LQK1_YEAS1,Saccharomyces cerevisiae,Saccharomyces cerevisiae (strain RM11-1a),Fungi,1,0.14064558
tr|B3RH59|B3RH59_YEAS1,Saccharomyces cerevisiae,Saccharomyces cerevisiae (strain RM11-1a),Fungi,1,0.19512038
tr|B3LQW6|B3LQW6_YEAS1,Saccharomyces cerevisiae,Saccharomyces cerevisiae (strain RM11-1a),Fungi,1,0.12753966
sp|P09232|PRTB_YEAST,Saccharomyces cerevisiae,Saccharomyces cerevisiae (strain ATCC 204508 / S288c),Fungi,1,0.2358257
sp|P13134|KEX2_YEAST,Saccharomyces cerevisiae,Saccharomyces cerevisiae (strain ATCC 204508 / S288c),Fungi,1,0.25261414
sp|P15367|SEC11_YEAST,Saccharomyces cerevisiae,Saccharomyces cerevisiae (strain ATCC 204508 / S288c),Fungi,1,0.1470172
sp|P36775|LONM_YEAST,Saccharomyces cerevisiae,Saccharomyces cerevisiae (strain ATCC 204508 / S288c),Fungi,1,0.21890874
sp|P53259|PCP1_YEAST,Saccharomyces cerevisiae,Saccharomyces cerevisiae (strain ATCC 204508 / S288c),Fungi,1,0.26447263
sp|P49687|NU145_YEAST,Saccharomyces cerevisiae,Saccharomyces cerevisiae (strain ATCC 204508 / S288c),Fungi,1,0.1338944
sp|P53920|NM111_YEAST,Saccharomyces cerevisiae,Saccharomyces cerevisiae (strain ATCC 204508 / S288c),Fungi,1,0.15095498
sp|P46972|IMP2_YEAST,Saccharomyces cerevisiae,Saccharomyces cerevisiae (strain ATCC 204508 / S288c),Fungi,1,0.19010422
sp|P28627|IMP1_YEAST,Saccharomyces cerevisiae,Saccharomyces cerevisiae (strain ATCC 204508 / S288c),Fungi,1,0.21768032
sp|Q12270|RBD2_YEAST,Saccharomyces cerevisiae,Saccharomyces cerevisiae (strain ATCC 204508 / S288c),Fungi,1,0.291817
sp|P25381|RRT12_YEAST,Saccharomyces cerevisiae,Saccharomyces cerevisiae (strain ATCC 204508 / S288c),Fungi,1,0.6033624
sp|P25036|YSP3_YEAST,Saccharomyces cerevisiae,Saccharomyces cerevisiae (strain ATCC 204508 / S288c),Fungi,1,0.20900977
sp|E7KDY6|SEC11_YEASA,Saccharomyces cerevisiae,Saccharomyces cerevisiae (strain AWRI796),Fungi,1,0.1470172
sp|E7KQ01|SEC11_YEASL,Saccharomyces cerevisiae,Saccharomyces cerevisiae (strain Lalvin QA23),Fungi,1,0.1470172
sp|C7GLT4|SEC11_YEAS2,Saccharomyces cerevisiae,Saccharomyces cerevisiae (strain JAY291),Fungi,1,0.1470172
sp|C8ZAS4|SEC11_YEAS8,Saccharomyces cerevisiae,Saccharomyces cerevisiae (strain Lalvin EC1118 / Prise de mousse),Fungi,1,0.1470172
sp|E7Q587|SEC11_YEASB,Saccharomyces cerevisiae,Saccharomyces cerevisiae (strain FostersB),Fungi,1,0.1470172
sp|E7LVX4|SEC11_YEASV,Saccharomyces cerevisiae,Saccharomyces cerevisiae (strain VIN 13),Fungi,1,0.1470172
sp|A6ZVU2|SEC11_YEAS7,Saccharomyces cerevisiae,Saccharomyces cerevisiae (strain YJM789),Fungi,1,0.1470172
sp|E7QG89|SEC11_YEASZ,Saccharomyces cerevisiae,Saccharomyces cerevisiae (strain Zymaflore VL3),Fungi,1,0.1470172
sp|B3LTI7|SEC11_YEAS1,Saccharomyces cerevisiae,Saccharomyces cerevisiae (strain RM11-1a),Fungi,1,0.1470172
sp|A6ZRW1|NM111_YEAS7,Saccharomyces cerevisiae,Saccharomyces cerevisiae (strain YJM789),Fungi,1,0.15095498
tr|B3LNF9|B3LNF9_YEAS1,Saccharomyces cerevisiae,Saccharomyces cerevisiae (strain RM11-1a),Fungi,1,0.18890253
tr|B3LKI6|B3LKI6_YEAS1,Saccharomyces cerevisiae,Saccharomyces cerevisiae (strain RM11-1a),Fungi,1,0.2826704
tr|B3LM38|B3LM38_YEAS1,Saccharomyces cerevisiae,Saccharomyces cerevisiae (strain RM11-1a),Fungi,1,0.21768032
sp|Q9P8W0|LIP5_CANAL,Candida albicans,Candida albicans (strain SC5314 / ATCC MYA-2876),Fungi,1,0.16064365
sp|O94091|LIP1_CANAL,Candida albicans,Candida albicans (strain SC5314 / ATCC MYA-2876),Fungi,1,0.20570707
sp|Q9P8V9|LIP8_CANAL,Candida albicans,Candida albicans (strain SC5314 / ATCC MYA-2876),Fungi,1,0.26002035
sp|Q5A4N0|ATG15_CANAL,Candida albicans,Candida albicans (strain SC5314 / ATCC MYA-2876),Fungi,1,0.18532622
sp|Q9P8W5|LIP2_CANAL,Candida albicans,Candida albicans (strain SC5314 / ATCC MYA-2876),Fungi,1,0.15622091
sp|Q9P8W2|LIP3_CANAL,Candida albicans,Candida albicans (strain SC5314 / ATCC MYA-2876),Fungi,1,0.20297158
sp|Q9P4E7|LIP7_CANAL,Candida albicans,Candida albicans (strain SC5314 / ATCC MYA-2876),Fungi,1,0.12166589
sp|Q9P4E8|LIP6_CANAL,Candida albicans,Candida albicans (strain SC5314 / ATCC MYA-2876),Fungi,1,0.19077097
sp|Q9P8W1|LIP4_CANAL,Candida albicans,Candida albicans (strain SC5314 / ATCC MYA-2876),Fungi,1,0.15496881
sp|Q9P4E5|LIP10_CANAL,Candida albicans,Candida albicans (strain SC5314 / ATCC MYA-2876),Fungi,1,0.17825669
sp|Q9P4E6|LIP9_CANAL,Candida albicans,Candida albicans (strain SC5314 / ATCC MYA-2876),Fungi,1,0.13870929
tr|C4YD81|C4YD81_CANAW,Candida albicans,Candida albicans (strain WO-1),Fungi,1,0.17349309
tr|C4YS73|C4YS73_CANAW,Candida albicans,Candida albicans (strain WO-1),Fungi,1,0.15496881
tr|G9IS12|G9IS12_CANAX,Candida albicans,Candida_albicans,Fungi,1,0.1765134
tr|C4YD97|C4YD97_CANAW,Candida albicans,Candida albicans (strain WO-1),Fungi,1,0.15622091
tr|O94015|O94015_CANAX,Candida albicans,Candida_albicans,Fungi,1,0.15812275
tr|C4YD80|C4YD80_CANAW,Candida albicans,Candida albicans (strain WO-1),Fungi,1,0.19077097
tr|C4YD82|C4YD82_CANAW,Candida albicans,Candida albicans (strain WO-1),Fungi,1,0.20570707
tr|C4YSW8|C4YSW8_CANAW,Candida albicans,Candida albicans (strain WO-1),Fungi,1,0.22686188
tr|C4YTY1|C4YTY1_CANAW,Candida albicans,Candida albicans (strain WO-1),Fungi,1,0.15904409
tr|C4YTX7|C4YTX7_CANAW,Candida albicans,Candida albicans (strain WO-1),Fungi,1,0.13870929
tr|C4YHW7|C4YHW7_CANAW,Candida albicans,Candida albicans (strain WO-1),Fungi,1,0.16015187
tr|A0A1D8PPI4|A0A1D8PPI4_CANAL,Candida albicans,Candida albicans (strain SC5314 / ATCC MYA-2876),Fungi,1,0.091900855
tr|A0A1D8PLB8|A0A1D8PLB8_CANAL,Candida albicans,Candida albicans (strain SC5314 / ATCC MYA-2876),Fungi,1,0.16257098
tr|C4YD52|C4YD52_CANAW,Candida albicans,Candida albicans (strain WO-1),Fungi,1,0.20297158
tr|C4YMV8|C4YMV8_CANAW,Candida albicans,Candida albicans (strain WO-1),Fungi,1,0.12711623
sp|Q59RK9|PMIP_CANAL,Candida albicans,Candida albicans (strain SC5314 / ATCC MYA-2876),Fungi,1,0.109713696
sp|Q5A663|OMA1_CANAL,Candida albicans,Candida albicans (strain SC5314 / ATCC MYA-2876),Fungi,1,0.1633981
sp|Q5A301|PREP_CANAL,Candida albicans,Candida albicans (strain SC5314 / ATCC MYA-2876),Fungi,1,0.061058205
sp|Q59Z51|ATP23_CANAL,Candida albicans,Candida albicans (strain SC5314 / ATCC MYA-2876),Fungi,1,0.16320029
tr|A0A1D8PL01|A0A1D8PL01_CANAL,Candida albicans,Candida albicans (strain SC5314 / ATCC MYA-2876),Fungi,1,0.23388113
tr|A0A1D8PCY8|A0A1D8PCY8_CANAL,Candida albicans,Candida albicans (strain SC5314 / ATCC MYA-2876),Fungi,1,0.121806964
tr|C4YI47|C4YI47_CANAW,Candida albicans,Candida albicans (strain WO-1),Fungi,1,0.17454027
tr|C4YEU6|C4YEU6_CANAW,Candida albicans,Candida albicans (strain WO-1),Fungi,1,0.121806964
tr|C4YK01|C4YK01_CANAW,Candida albicans,Candida albicans (strain WO-1),Fungi,1,0.16313073
sp|O13359|KEX2_CANAW,Candida albicans,Candida albicans (strain WO-1),Fungi,1,0.44702935
sp|Q5A6N1|LONM_CANAL,Candida albicans,Candida albicans (strain SC5314 / ATCC MYA-2876),Fungi,1,0.099192366
sp|Q59YV0|LONP2_CANAL,Candida albicans,Candida albicans (strain SC5314 / ATCC MYA-2876),Fungi,1,0.13734606
sp|Q5A869|SEC11_CANAL,Candida albicans,Candida albicans (strain SC5314 / ATCC MYA-2876),Fungi,1,0.09003511
sp|C4YNJ0|SEC11_CANAW,Candida albicans,Candida albicans (strain WO-1),Fungi,1,0.09003511
sp|Q5AH12|RBD2_CANAL,Candida albicans,Candida albicans (strain SC5314 / ATCC MYA-2876),Fungi,1,0.1250857
tr|C4YLQ1|C4YLQ1_CANAW,Candida albicans,Candida albicans (strain WO-1),Fungi,1,0.09872957
tr|A0A1D8PFE0|A0A1D8PFE0_CANAL,Candida albicans,Candida albicans (strain SC5314 / ATCC MYA-2876),Fungi,1,0.07859895
tr|C4YNR6|C4YNR6_CANAW,Candida albicans,Candida albicans (strain WO-1),Fungi,1,0.12395561
tr|C4YG91|C4YG91_CANAW,Candida albicans,Candida albicans (strain WO-1),Fungi,1,0.078791656
tr|C4YTQ1|C4YTQ1_CANAW,Candida albicans,Candida albicans (strain WO-1),Fungi,1,0.1250857
tr|Q5AHZ1|Q5AHZ1_CANAL,Candida albicans,Candida albicans (strain SC5314 / ATCC MYA-2876),Fungi,1,0.1122094
tr|A0A1D8PN24|A0A1D8PN24_CANAL,Candida albicans,Candida albicans (strain SC5314 / ATCC MYA-2876),Fungi,1,0.12771237
tr|C4YER9|C4YER9_CANAW,Candida albicans,Candida albicans (strain WO-1),Fungi,1,0.1122094
tr|C4YQY2|C4YQY2_CANAW,Candida albicans,Candida albicans (strain WO-1),Fungi,1,0.124047965
sp|P26876|LIP_PSEAE,Pseudomonas aeruginosa,Pseudomonas aeruginosa (strain ATCC 15692 / DSM 22644 / CIP 104116 / JCM 14847 / LMG 12228 / 1C / PRS 101 / PAO1),Bacteria,1,0.2625404
tr|A0A0H2ZCK8|A0A0H2ZCK8_PSEAB,Pseudomonas aeruginosa,Pseudomonas aeruginosa (strain UCBPP-PA14),Bacteria,1,0.2625404
tr|Q6B4I3|Q6B4I3_PSEAI,Pseudomonas aeruginosa,Pseudomonas_aeruginosa,Bacteria,1,0.2625404
tr|A8QYB2|A8QYB2_PSEAI,Pseudomonas aeruginosa,Pseudomonas_aeruginosa,Bacteria,1,0.25484565
tr|P95419|P95419_PSEAI,Pseudomonas aeruginosa,Pseudomonas_aeruginosa,Bacteria,1,0.25832486
tr|Q9L6C7|Q9L6C7_PSEAI,Pseudomonas aeruginosa,Pseudomonas_aeruginosa,Bacteria,1,0.25484565
tr|P72172|P72172_PSEAI,Pseudomonas aeruginosa,Pseudomonas_aeruginosa,Bacteria,1,0.08294866
sp|Q03023|APRA_PSEAE,Pseudomonas aeruginosa,Pseudomonas aeruginosa (strain ATCC 15692 / DSM 22644 / CIP 104116 / JCM 14847 / LMG 12228 / 1C / PRS 101 / PAO1),Bacteria,1,0.10008221
sp|P14756|ELAS_PSEAE,Pseudomonas aeruginosa,Pseudomonas aeruginosa (strain ATCC 15692 / DSM 22644 / CIP 104116 / JCM 14847 / LMG 12228 / 1C / PRS 101 / PAO1),Bacteria,1,0.08463076
sp|Q9I060|MEP72_PSEAE,Pseudomonas aeruginosa,Pseudomonas aeruginosa (strain ATCC 15692 / DSM 22644 / CIP 104116 / JCM 14847 / LMG 12228 / 1C / PRS 101 / PAO1),Bacteria,1,0.086601526
sp|Q9I5W4|IMPA_PSEAE,Pseudomonas aeruginosa,Pseudomonas aeruginosa (strain ATCC 15692 / DSM 22644 / CIP 104116 / JCM 14847 / LMG 12228 / 1C / PRS 101 / PAO1),Bacteria,1,0.07064287
sp|Q9I6M7|VGR2B_PSEAE,Pseudomonas aeruginosa,Pseudomonas aeruginosa (strain ATCC 15692 / DSM 22644 / CIP 104116 / JCM 14847 / LMG 12228 / 1C / PRS 101 / PAO1),Bacteria,1,0.07339017
sp|P14789|LASA_PSEAE,Pseudomonas aeruginosa,Pseudomonas aeruginosa (strain ATCC 15692 / DSM 22644 / CIP 104116 / JCM 14847 / LMG 12228 / 1C / PRS 101 / PAO1),Bacteria,1,0.07073764
sp|Q02RJ6|ELAS_PSEAB,Pseudomonas aeruginosa,Pseudomonas aeruginosa (strain UCBPP-PA14),Bacteria,1,0.08484102
sp|Q9I2D2|PQQF_PSEAE,Pseudomonas aeruginosa,Pseudomonas aeruginosa (strain ATCC 15692 / DSM 22644 / CIP 104116 / JCM 14847 / LMG 12228 / 1C / PRS 101 / PAO1),Bacteria,1,0.5335875
sp|Q02L18|LASA_PSEAB,Pseudomonas aeruginosa,Pseudomonas aeruginosa (strain UCBPP-PA14),Bacteria,1,0.072983935
sp|B7UUZ6|HTPX_PSEA8,Pseudomonas aeruginosa,Pseudomonas aeruginosa (strain LESB58),Bacteria,1,0.088402
sp|Q02NZ3|HTPX_PSEAB,Pseudomonas aeruginosa,Pseudomonas aeruginosa (strain UCBPP-PA14),Bacteria,1,0.088402
sp|Q9I013|HTPX_PSEAE,Pseudomonas aeruginosa,Pseudomonas aeruginosa (strain ATCC 15692 / DSM 22644 / CIP 104116 / JCM 14847 / LMG 12228 / 1C / PRS 101 / PAO1),Bacteria,1,0.088402
sp|Q9HXY3|Y3649_PSEAE,Pseudomonas aeruginosa,Pseudomonas aeruginosa (strain ATCC 15692 / DSM 22644 / CIP 104116 / JCM 14847 / LMG 12228 / 1C / PRS 101 / PAO1),Bacteria,1,0.048953723
tr|A0A0H2ZGU2|A0A0H2ZGU2_PSEAB,Pseudomonas aeruginosa,Pseudomonas aeruginosa (strain UCBPP-PA14),Bacteria,1,0.066167064
tr|Q9HV48|Q9HV48_PSEAE,Pseudomonas aeruginosa,Pseudomonas aeruginosa (strain ATCC 15692 / DSM 22644 / CIP 104116 / JCM 14847 / LMG 12228 / 1C / PRS 101 / PAO1),Bacteria,1,0.066167064
tr|L8AX98|L8AX98_PSEAI,Pseudomonas aeruginosa,Pseudomonas_aeruginosa,Bacteria,1,0.08458994
tr|Q3Y6H8|Q3Y6H8_PSEAI,Pseudomonas aeruginosa,Pseudomonas_aeruginosa,Bacteria,1,0.08484102
tr|I6R951|I6R951_PSEAI,Pseudomonas aeruginosa,Pseudomonas_aeruginosa,Bacteria,1,0.084623225
tr|A0A0H2ZK71|A0A0H2ZK71_PSEAB,Pseudomonas aeruginosa,Pseudomonas aeruginosa (strain UCBPP-PA14),Bacteria,1,0.046521734
tr|A9QUN1|A9QUN1_PSEAI,Pseudomonas aeruginosa,Pseudomonas_aeruginosa,Bacteria,1,0.08463076
tr|Q9I765|Q9I765_PSEAE,Pseudomonas aeruginosa,Pseudomonas aeruginosa (strain ATCC 15692 / DSM 22644 / CIP 104116 / JCM 14847 / LMG 12228 / 1C / PRS 101 / PAO1),Bacteria,1,0.046745464
tr|A7LI11|A7LI11_PSEAI,Pseudomonas aeruginosa,Pseudomonas_aeruginosa,Bacteria,1,0.09014602
tr|E3ULB4|E3ULB4_PSEAI,Pseudomonas aeruginosa,Pseudomonas_aeruginosa,Bacteria,1,0.09861465
tr|A5JIY6|A5JIY6_PSEAI,Pseudomonas aeruginosa,Pseudomonas_aeruginosa,Bacteria,1,0.048953723
tr|A0A0H2ZDI4|A0A0H2ZDI4_PSEAB,Pseudomonas aeruginosa,Pseudomonas aeruginosa (strain UCBPP-PA14),Bacteria,1,0.056880828
tr|K9URH4|K9URH4_PSEAI,Pseudomonas aeruginosa,Pseudomonas_aeruginosa,Bacteria,1,0.07350386
tr|A5JIY5|A5JIY5_PSEAI,Pseudomonas aeruginosa,Pseudomonas_aeruginosa,Bacteria,1,0.056880828
tr|Q9LCT4|Q9LCT4_PSEAI,Pseudomonas aeruginosa,Pseudomonas_aeruginosa,Bacteria,1,0.083989985
tr|Q7M0Z6|Q7M0Z6_PSEAI,Pseudomonas aeruginosa,Pseudomonas_aeruginosa,Bacteria,1,0.08673212
sp|Q9HWK6|LYSC_PSEAE,Pseudomonas aeruginosa,Pseudomonas aeruginosa (strain ATCC 15692 / DSM 22644 / CIP 104116 / JCM 14847 / LMG 12228 / 1C / PRS 101 / PAO1),Bacteria,1,0.39230952
sp|P32722|PORD_PSEAE,Pseudomonas aeruginosa,Pseudomonas aeruginosa (strain ATCC 15692 / DSM 22644 / CIP 104116 / JCM 14847 / LMG 12228 / 1C / PRS 101 / PAO1),Bacteria,1,0.09613083
sp|Q9I2U1|CLPP1_PSEAE,Pseudomonas aeruginosa,Pseudomonas aeruginosa (strain ATCC 15692 / DSM 22644 / CIP 104116 / JCM 14847 / LMG 12228 / 1C / PRS 101 / PAO1),Bacteria,1,0.12987
sp|P37452|LEXA_PSEAE,Pseudomonas aeruginosa,Pseudomonas aeruginosa (strain ATCC 15692 / DSM 22644 / CIP 104116 / JCM 14847 / LMG 12228 / 1C / PRS 101 / PAO1),Bacteria,1,0.07264785
sp|Q02SZ7|LYSC_PSEAB,Pseudomonas aeruginosa,Pseudomonas aeruginosa (strain UCBPP-PA14),Bacteria,1,0.4118658
sp|Q9HYR9|CLPP2_PSEAE,Pseudomonas aeruginosa,Pseudomonas aeruginosa (strain ATCC 15692 / DSM 22644 / CIP 104116 / JCM 14847 / LMG 12228 / 1C / PRS 101 / PAO1),Bacteria,1,0.12807605
sp|Q02PH1|LEXA_PSEAB,Pseudomonas aeruginosa,Pseudomonas aeruginosa (strain UCBPP-PA14),Bacteria,1,0.07264785
sp|Q9I5G7|LEP_PSEAE,Pseudomonas aeruginosa,Pseudomonas aeruginosa (strain ATCC 15692 / DSM 22644 / CIP 104116 / JCM 14847 / LMG 12228 / 1C / PRS 101 / PAO1),Bacteria,1,0.07729788
sp|B7UYS3|LEXA_PSEA8,Pseudomonas aeruginosa,Pseudomonas aeruginosa (strain LESB58),Bacteria,1,0.07264785
sp|P72161|PBP5_PSEAE,Pseudomonas aeruginosa,Pseudomonas aeruginosa (strain ATCC 15692 / DSM 22644 / CIP 104116 / JCM 14847 / LMG 12228 / 1C / PRS 101 / PAO1),Bacteria,1,0.062405147
tr|Q9I2T9|Q9I2T9_PSEAE,Pseudomonas aeruginosa,Pseudomonas aeruginosa (strain ATCC 15692 / DSM 22644 / CIP 104116 / JCM 14847 / LMG 12228 / 1C / PRS 101 / PAO1),Bacteria,1,0.0913777
tr|Q9I5F9|Q9I5F9_PSEAE,Pseudomonas aeruginosa,Pseudomonas aeruginosa (strain ATCC 15692 / DSM 22644 / CIP 104116 / JCM 14847 / LMG 12228 / 1C / PRS 101 / PAO1),Bacteria,1,0.07347705
tr|Q57155|Q57155_PSEAI,Pseudomonas aeruginosa,Pseudomonas_aeruginosa,Bacteria,1,0.27170372
tr|A0A0H2ZDR8|A0A0H2ZDR8_PSEAB,Pseudomonas aeruginosa,Pseudomonas aeruginosa (strain UCBPP-PA14),Bacteria,1,0.12807605
tr|G3XD20|G3XD20_PSEAE,Pseudomonas aeruginosa,Pseudomonas aeruginosa (strain ATCC 15692 / DSM 22644 / CIP 104116 / JCM 14847 / LMG 12228 / 1C / PRS 101 / PAO1),Bacteria,1,0.27170372
tr|A0A0H2Z9P5|A0A0H2Z9P5_PSEAB,Pseudomonas aeruginosa,Pseudomonas aeruginosa (strain UCBPP-PA14),Bacteria,1,0.12987
tr|Q9I441|Q9I441_PSEAE,Pseudomonas aeruginosa,Pseudomonas aeruginosa (strain ATCC 15692 / DSM 22644 / CIP 104116 / JCM 14847 / LMG 12228 / 1C / PRS 101 / PAO1),Bacteria,1,0.061273187
tr|A0A0H2Z5Y3|A0A0H2Z5Y3_PSEAB,Pseudomonas aeruginosa,Pseudomonas aeruginosa (strain UCBPP-PA14),Bacteria,1,0.075659156
tr|A0A0H2Z9W7|A0A0H2Z9W7_PSEAB,Pseudomonas aeruginosa,Pseudomonas aeruginosa (strain UCBPP-PA14),Bacteria,1,0.09250813
tr|A0A0H2Z8P7|A0A0H2Z8P7_PSEAB,Pseudomonas aeruginosa,Pseudomonas aeruginosa (strain UCBPP-PA14),Bacteria,1,0.055487372
tr|Q9ALS1|Q9ALS1_PSEAI,Pseudomonas aeruginosa,Pseudomonas_aeruginosa,Bacteria,1,0.32694146
tr|Q9HVK8|Q9HVK8_PSEAE,Pseudomonas aeruginosa,Pseudomonas aeruginosa (strain ATCC 15692 / DSM 22644 / CIP 104116 / JCM 14847 / LMG 12228 / 1C / PRS 101 / PAO1),Bacteria,1,0.07078874
tr|A0A0H2Z5X4|A0A0H2Z5X4_PSEAB,Pseudomonas aeruginosa,Pseudomonas aeruginosa (strain UCBPP-PA14),Bacteria,1,0.07729788
tr|A0A0H2ZH67|A0A0H2ZH67_PSEAB,Pseudomonas aeruginosa,Pseudomonas aeruginosa (strain UCBPP-PA14),Bacteria,1,0.070319586
tr|A0A0H2Z7B2|A0A0H2Z7B2_PSEAB,Pseudomonas aeruginosa,Pseudomonas aeruginosa (strain UCBPP-PA14),Bacteria,1,0.32694146
tr|A0A0H2Z7D5|A0A0H2Z7D5_PSEAB,Pseudomonas aeruginosa,Pseudomonas aeruginosa (strain UCBPP-PA14),Bacteria,1,0.4373258
tr|Q9I417|Q9I417_PSEAE,Pseudomonas aeruginosa,Pseudomonas aeruginosa (strain ATCC 15692 / DSM 22644 / CIP 104116 / JCM 14847 / LMG 12228 / 1C / PRS 101 / PAO1),Bacteria,1,0.43377954
tr|A5JJ04|A5JJ04_PSEAI,Pseudomonas aeruginosa,Pseudomonas_aeruginosa,Bacteria,1,0.0702882
tr|Q1WEI4|Q1WEI4_PSEAI,Pseudomonas aeruginosa,Pseudomonas_aeruginosa,Bacteria,1,0.4118658
sp|Q09851|AYR1_SCHPO,Schizosaccharomyces pombe,Schizosaccharomyces pombe (strain 972 / ATCC 24843),Fungi,1,0.1412976
sp|O13934|ATG15_SCHPO,Schizosaccharomyces pombe,Schizosaccharomyces pombe (strain 972 / ATCC 24843),Fungi,1,0.321423
sp|O14115|TGL4_SCHPO,Schizosaccharomyces pombe,Schizosaccharomyces pombe (strain 972 / ATCC 24843),Fungi,1,0.22008444
sp|Q9Y827|TGL5_SCHPO,Schizosaccharomyces pombe,Schizosaccharomyces pombe (strain 972 / ATCC 24843),Fungi,1,0.24667418
sp|Q9Y7P3|TGL3_SCHPO,Schizosaccharomyces pombe,Schizosaccharomyces pombe (strain 972 / ATCC 24843),Fungi,1,0.14998432
sp|O94580|WSS2_SCHPO,Schizosaccharomyces pombe,Schizosaccharomyces pombe (strain 972 / ATCC 24843),Fungi,1,0.069171205
sp|O13766|MDE10_SCHPO,Schizosaccharomyces pombe,Schizosaccharomyces pombe (strain 972 / ATCC 24843),Fungi,1,0.20311153
sp|Q9P7B5|WSS1_SCHPO,Schizosaccharomyces pombe,Schizosaccharomyces pombe (strain 972 / ATCC 24843),Fungi,1,0.4846098
sp|O59824|YME1_SCHPO,Schizosaccharomyces pombe,Schizosaccharomyces pombe (strain 972 / ATCC 24843),Fungi,1,0.40557283
sp|Q9HGM3|YTA12_SCHPO,Schizosaccharomyces pombe,Schizosaccharomyces pombe (strain 972 / ATCC 24843),Fungi,1,0.21015812
sp|Q10415|PMIP_SCHPO,Schizosaccharomyces pombe,Schizosaccharomyces pombe (strain 972 / ATCC 24843),Fungi,1,0.14691685
sp|Q10071|STE24_SCHPO,Schizosaccharomyces pombe,Schizosaccharomyces pombe (strain 972 / ATCC 24843),Fungi,1,0.15994586
sp|Q9P7X1|MPPB_SCHPO,Schizosaccharomyces pombe,Schizosaccharomyces pombe (strain 972 / ATCC 24843),Fungi,1,0.13829458
sp|Q1MTR0|ATP23_SCHPO,Schizosaccharomyces pombe,Schizosaccharomyces pombe (strain 972 / ATCC 24843),Fungi,1,0.2218532
sp|O14077|MU138_SCHPO,Schizosaccharomyces pombe,Schizosaccharomyces pombe (strain 972 / ATCC 24843),Fungi,1,0.10714008
sp|Q9P7G4|OMA1_SCHPO,Schizosaccharomyces pombe,Schizosaccharomyces pombe (strain 972 / ATCC 24843),Fungi,1,0.09472317
sp|O42908|PREP_SCHPO,Schizosaccharomyces pombe,Schizosaccharomyces pombe (strain 972 / ATCC 24843),Fungi,1,0.10388687
sp|Q9US12|YK66_SCHPO,Schizosaccharomyces pombe,Schizosaccharomyces pombe (strain 972 / ATCC 24843),Fungi,1,0.17125224
sp|O74926|RBD2_SCHPO,Schizosaccharomyces pombe,Schizosaccharomyces pombe (strain 972 / ATCC 24843),Fungi,1,0.21878444
sp|Q09769|LONM_SCHPO,Schizosaccharomyces pombe,Schizosaccharomyces pombe (strain 972 / ATCC 24843),Fungi,1,0.17800504
sp|Q9UTK4|NU189_SCHPO,Schizosaccharomyces pombe,Schizosaccharomyces pombe (strain 972 / ATCC 24843),Fungi,1,0.22028264
sp|Q09175|KRP1_SCHPO,Schizosaccharomyces pombe,Schizosaccharomyces pombe (strain 972 / ATCC 24843),Fungi,1,0.22260343
sp|P40903|ISP6_SCHPO,Schizosaccharomyces pombe,Schizosaccharomyces pombe (strain 972 / ATCC 24843),Fungi,1,0.37324664
sp|O74323|SEC11_SCHPO,Schizosaccharomyces pombe,Schizosaccharomyces pombe (strain 972 / ATCC 24843),Fungi,1,0.14411205
sp|Q9UST2|IMP2L_SCHPO,Schizosaccharomyces pombe,Schizosaccharomyces pombe (strain 972 / ATCC 24843),Fungi,1,0.11626792
sp|Q9UTS0|PSP3_SCHPO,Schizosaccharomyces pombe,Schizosaccharomyces pombe (strain 972 / ATCC 24843),Fungi,1,0.2558972
sp|O74800|IMP1_SCHPO,Schizosaccharomyces pombe,Schizosaccharomyces pombe (strain 972 / ATCC 24843),Fungi,1,0.26341802
sp|Q9P7D8|YOFA_SCHPO,Schizosaccharomyces pombe,Schizosaccharomyces pombe (strain 972 / ATCC 24843),Fungi,1,0.30426827
sp|Q9P375|YLM6_SCHPO,Schizosaccharomyces pombe,Schizosaccharomyces pombe (strain 972 / ATCC 24843),Fungi,1,0.277488
sp|Q6BLM0|ATG15_DEBHA,Debaryomyces hansenii,Debaryomyces hansenii (strain ATCC 36239 / CBS 767 / BCRC 21394 / JCM 1990 / NBRC 0083 / IGC 2968),Fungi,1,0.20922169
tr|Q6BQD9|Q6BQD9_DEBHA,Debaryomyces hansenii,Debaryomyces hansenii (strain ATCC 36239 / CBS 767 / BCRC 21394 / JCM 1990 / NBRC 0083 / IGC 2968),Fungi,1,0.5511451
tr|Q6BZM5|Q6BZM5_DEBHA,Debaryomyces hansenii,Debaryomyces hansenii (strain ATCC 36239 / CBS 767 / BCRC 21394 / JCM 1990 / NBRC 0083 / IGC 2968),Fungi,1,0.13584837
tr|B5RTL4|B5RTL4_DEBHA,Debaryomyces hansenii,Debaryomyces hansenii (strain ATCC 36239 / CBS 767 / BCRC 21394 / JCM 1990 / NBRC 0083 / IGC 2968),Fungi,1,0.10930103
tr|Q6BNJ6|Q6BNJ6_DEBHA,Debaryomyces hansenii,Debaryomyces hansenii (strain ATCC 36239 / CBS 767 / BCRC 21394 / JCM 1990 / NBRC 0083 / IGC 2968),Fungi,1,0.08456764
tr|Q6BR33|Q6BR33_DEBHA,Debaryomyces hansenii,Debaryomyces hansenii (strain ATCC 36239 / CBS 767 / BCRC 21394 / JCM 1990 / NBRC 0083 / IGC 2968),Fungi,1,0.17752282
tr|Q6BZK2|Q6BZK2_DEBHA,Debaryomyces hansenii,Debaryomyces hansenii (strain ATCC 36239 / CBS 767 / BCRC 21394 / JCM 1990 / NBRC 0083 / IGC 2968),Fungi,1,0.14461145
tr|Q6BS23|Q6BS23_DEBHA,Debaryomyces hansenii,Debaryomyces hansenii (strain ATCC 36239 / CBS 767 / BCRC 21394 / JCM 1990 / NBRC 0083 / IGC 2968),Fungi,1,0.19532621
sp|Q6BJ61|PMIP_DEBHA,Debaryomyces hansenii,Debaryomyces hansenii (strain ATCC 36239 / CBS 767 / BCRC 21394 / JCM 1990 / NBRC 0083 / IGC 2968),Fungi,1,0.1266826
sp|Q6BTC0|PREP_DEBHA,Debaryomyces hansenii,Debaryomyces hansenii (strain ATCC 36239 / CBS 767 / BCRC 21394 / JCM 1990 / NBRC 0083 / IGC 2968),Fungi,1,0.073108666
sp|Q6BK77|ATP23_DEBHA,Debaryomyces hansenii,Debaryomyces hansenii (strain ATCC 36239 / CBS 767 / BCRC 21394 / JCM 1990 / NBRC 0083 / IGC 2968),Fungi,1,0.16775227
tr|Q6BMD9|Q6BMD9_DEBHA,Debaryomyces hansenii,Debaryomyces hansenii (strain ATCC 36239 / CBS 767 / BCRC 21394 / JCM 1990 / NBRC 0083 / IGC 2968),Fungi,1,0.1396058
tr|Q6BHS1|Q6BHS1_DEBHA,Debaryomyces hansenii,Debaryomyces hansenii (strain ATCC 36239 / CBS 767 / BCRC 21394 / JCM 1990 / NBRC 0083 / IGC 2968),Fungi,1,0.12474424
sp|Q6BKJ4|LONM_DEBHA,Debaryomyces hansenii,Debaryomyces hansenii (strain ATCC 36239 / CBS 767 / BCRC 21394 / JCM 1990 / NBRC 0083 / IGC 2968),Fungi,1,0.19497609
sp|Q6BJJ8|LONP2_DEBHA,Debaryomyces hansenii,Debaryomyces hansenii (strain ATCC 36239 / CBS 767 / BCRC 21394 / JCM 1990 / NBRC 0083 / IGC 2968),Fungi,1,0.06835334
sp|Q6BP15|SEC11_DEBHA,Debaryomyces hansenii,Debaryomyces hansenii (strain ATCC 36239 / CBS 767 / BCRC 21394 / JCM 1990 / NBRC 0083 / IGC 2968),Fungi,1,0.11011853
sp|Q6BKM0|NM111_DEBHA,Debaryomyces hansenii,Debaryomyces hansenii (strain ATCC 36239 / CBS 767 / BCRC 21394 / JCM 1990 / NBRC 0083 / IGC 2968),Fungi,1,0.6864522
sp|Q6BSA9|RBD2_DEBHA,Debaryomyces hansenii,Debaryomyces hansenii (strain ATCC 36239 / CBS 767 / BCRC 21394 / JCM 1990 / NBRC 0083 / IGC 2968),Fungi,1,0.22060232
tr|Q6BIK2|Q6BIK2_DEBHA,Debaryomyces hansenii,Debaryomyces hansenii (strain ATCC 36239 / CBS 767 / BCRC 21394 / JCM 1990 / NBRC 0083 / IGC 2968),Fungi,1,0.11677568
tr|Q6BX11|Q6BX11_DEBHA,Debaryomyces hansenii,Debaryomyces hansenii (strain ATCC 36239 / CBS 767 / BCRC 21394 / JCM 1990 / NBRC 0083 / IGC 2968),Fungi,1,0.30259013
tr|Q6BLE2|Q6BLE2_DEBHA,Debaryomyces hansenii,Debaryomyces hansenii (strain ATCC 36239 / CBS 767 / BCRC 21394 / JCM 1990 / NBRC 0083 / IGC 2968),Fungi,1,0.16127445
sp|Q6C2N7|ATG15_YARLI,Yarrowia lipolytica,Yarrowia lipolytica (strain CLIB 122 / E 150),Fungi,1,0.3804384
sp|Q96VC9|LIP3_YARLI,Yarrowia lipolytica,Yarrowia lipolytica (strain CLIB 122 / E 150),Fungi,1,0.13578512
sp|Q99156|LIP1_YARLI,Yarrowia lipolytica,Yarrowia lipolytica (strain CLIB 122 / E 150),Fungi,1,0.12797967
tr|Q9P8F7|Q9P8F7_YARLL,Yarrowia lipolytica,Yarrowia_lipolytica,Fungi,1,0.3170144
tr|Q3HRV6|Q3HRV6_YARLL,Yarrowia lipolytica,Yarrowia_lipolytica,Fungi,1,0.25087026
tr|Q6C7J5|Q6C7J5_YARLI,Yarrowia lipolytica,Yarrowia lipolytica (strain CLIB 122 / E 150),Fungi,1,0.34497145
tr|Q6CHB8|Q6CHB8_YARLI,Yarrowia lipolytica,Yarrowia lipolytica (strain CLIB 122 / E 150),Fungi,1,0.20552683
tr|E0A7J0|E0A7J0_YARLL,Yarrowia lipolytica,Yarrowia_lipolytica,Fungi,1,0.27564034
tr|Q6C3I6|Q6C3I6_YARLI,Yarrowia lipolytica,Yarrowia lipolytica (strain CLIB 122 / E 150),Fungi,1,0.15059423
tr|Q6C6V2|Q6C6V2_YARLI,Yarrowia lipolytica,Yarrowia lipolytica (strain CLIB 122 / E 150),Fungi,1,0.19665839
tr|Q6CDI6|Q6CDI6_YARLI,Yarrowia lipolytica,Yarrowia lipolytica (strain CLIB 122 / E 150),Fungi,1,0.19332634
tr|E0Z5H2|E0Z5H2_YARLL,Yarrowia lipolytica,Yarrowia_lipolytica,Fungi,1,0.32650235
tr|Q6C225|Q6C225_YARLI,Yarrowia lipolytica,Yarrowia lipolytica (strain CLIB 122 / E 150),Fungi,1,0.091078825
tr|Q6C8J2|Q6C8J2_YARLI,Yarrowia lipolytica,Yarrowia lipolytica (strain CLIB 122 / E 150),Fungi,1,0.21593608
tr|Q6C8Y2|Q6C8Y2_YARLI,Yarrowia lipolytica,Yarrowia lipolytica (strain CLIB 122 / E 150),Fungi,1,0.2527536
tr|Q6CDY0|Q6CDY0_YARLI,Yarrowia lipolytica,Yarrowia lipolytica (strain CLIB 122 / E 150),Fungi,1,0.1994068
tr|Q6CEY5|Q6CEY5_YARLI,Yarrowia lipolytica,Yarrowia lipolytica (strain CLIB 122 / E 150),Fungi,1,0.24919091
tr|A0A0S1TPD7|A0A0S1TPD7_YARLL,Yarrowia lipolytica,Yarrowia_lipolytica,Fungi,1,0.16121864
tr|F2Z5Z7|F2Z5Z7_YARLI,Yarrowia lipolytica,Yarrowia lipolytica (strain CLIB 122 / E 150),Fungi,1,0.18256299
tr|F2Z685|F2Z685_YARLI,Yarrowia lipolytica,Yarrowia lipolytica (strain CLIB 122 / E 150),Fungi,1,0.3170144
tr|I0CKU9|I0CKU9_YARLL,Yarrowia lipolytica,Yarrowia_lipolytica,Fungi,1,0.27239022
tr|I0CKV2|I0CKV2_YARLL,Yarrowia lipolytica,Yarrowia_lipolytica,Fungi,1,0.24919091
tr|Q6C9R0|Q6C9R0_YARLI,Yarrowia lipolytica,Yarrowia lipolytica (strain CLIB 122 / E 150),Fungi,1,0.29496562
tr|Q872L4|Q872L4_YARLL,Yarrowia lipolytica,Yarrowia_lipolytica,Fungi,1,0.22682272
tr|F2Z6D8|F2Z6D8_YARLI,Yarrowia lipolytica,Yarrowia lipolytica (strain CLIB 122 / E 150),Fungi,1,0.28698018
tr|I0CKV0|I0CKV0_YARLL,Yarrowia lipolytica,Yarrowia_lipolytica,Fungi,1,0.2527536
tr|I0CKV3|I0CKV3_YARLL,Yarrowia lipolytica,Yarrowia_lipolytica,Fungi,1,0.20918588
tr|Q6BZP1|Q6BZP1_YARLI,Yarrowia lipolytica,Yarrowia lipolytica (strain CLIB 122 / E 150),Fungi,1,0.22880335
tr|Q6C687|Q6C687_YARLI,Yarrowia lipolytica,Yarrowia lipolytica (strain CLIB 122 / E 150),Fungi,1,0.21550202
tr|Q6C6L5|Q6C6L5_YARLI,Yarrowia lipolytica,Yarrowia lipolytica (strain CLIB 122 / E 150),Fungi,1,0.15694816
tr|Q6C8M4|Q6C8M4_YARLI,Yarrowia lipolytica,Yarrowia lipolytica (strain CLIB 122 / E 150),Fungi,1,0.44926777
tr|Q872L3|Q872L3_YARLL,Yarrowia lipolytica,Yarrowia_lipolytica,Fungi,1,0.18256299
sp|Q6CHD6|PMIP_YARLI,Yarrowia lipolytica,Yarrowia lipolytica (strain CLIB 122 / E 150),Fungi,1,0.26012957
sp|Q6C0U8|PREP_YARLI,Yarrowia lipolytica,Yarrowia lipolytica (strain CLIB 122 / E 150),Fungi,1,0.1576647
sp|Q6C253|ATP23_YARLI,Yarrowia lipolytica,Yarrowia lipolytica (strain CLIB 122 / E 150),Fungi,1,0.28931025
tr|Q6C243|Q6C243_YARLI,Yarrowia lipolytica,Yarrowia lipolytica (strain CLIB 122 / E 150),Fungi,1,0.24938041
tr|Q6CGY9|Q6CGY9_YARLI,Yarrowia lipolytica,Yarrowia lipolytica (strain CLIB 122 / E 150),Fungi,1,0.24733032
sp|P09230|AEP_YARLI,Yarrowia lipolytica,Yarrowia lipolytica (strain CLIB 122 / E 150),Fungi,1,0.26956517
sp|Q6C0B5|LONM_YARLI,Yarrowia lipolytica,Yarrowia lipolytica (strain CLIB 122 / E 150),Fungi,1,0.28786156
sp|Q6CAG9|SEC11_YARLI,Yarrowia lipolytica,Yarrowia lipolytica (strain CLIB 122 / E 150),Fungi,1,0.121314056
sp|Q6CDV6|RBD2_YARLI,Yarrowia lipolytica,Yarrowia lipolytica (strain CLIB 122 / E 150),Fungi,1,0.24399933
sp|Q6C0L7|LONP2_YARLI,Yarrowia lipolytica,Yarrowia lipolytica (strain CLIB 122 / E 150),Fungi,1,0.336068
sp|P42781|XPR6_YARLI,Yarrowia lipolytica,Yarrowia lipolytica (strain CLIB 122 / E 150),Fungi,1,0.10720311
sp|Q6BZQ9|NM111_YARLI,Yarrowia lipolytica,Yarrowia lipolytica (strain CLIB 122 / E 150),Fungi,1,0.25697938
tr|Q6CDL2|Q6CDL2_YARLI,Yarrowia lipolytica,Yarrowia lipolytica (strain CLIB 122 / E 150),Fungi,1,0.1870523
tr|Q6C1Y5|Q6C1Y5_YARLI,Yarrowia lipolytica,Yarrowia lipolytica (strain CLIB 122 / E 150),Fungi,1,0.32954568
tr|Q6C491|Q6C491_YARLI,Yarrowia lipolytica,Yarrowia lipolytica (strain CLIB 122 / E 150),Fungi,1,0.4147574
tr|A0A9P6W8Z8|A0A9P6W8Z8_RHOMI,Rhodotorula mucilaginosa,Rhodotorula_mucilaginosa,Fungi,1,0.58882004
tr|A0A9P6VYS3|A0A9P6VYS3_RHOMI,Rhodotorula mucilaginosa,Rhodotorula_mucilaginosa,Fungi,1,0.04945901
tr|A0A9P6VZ43|A0A9P6VZ43_RHOMI,Rhodotorula mucilaginosa,Rhodotorula_mucilaginosa,Fungi,1,0.40914503
tr|A0A9P6W7Q8|A0A9P6W7Q8_RHOMI,Rhodotorula mucilaginosa,Rhodotorula_mucilaginosa,Fungi,1,0.4792755
tr|A0A9P6VZZ8|A0A9P6VZZ8_RHOMI,Rhodotorula mucilaginosa,Rhodotorula_mucilaginosa,Fungi,1,0.49920717
tr|A0A9P6W8Y3|A0A9P6W8Y3_RHOMI,Rhodotorula mucilaginosa,Rhodotorula_mucilaginosa,Fungi,1,0.65759885
tr|A0A9P6W7I8|A0A9P6W7I8_RHOMI,Rhodotorula mucilaginosa,Rhodotorula_mucilaginosa,Fungi,1,0.3554204
sp|Q32ZM1|RM201_RHOMI,Rhodotorula mucilaginosa,Rhodotorula_mucilaginosa,Fungi,1,0.35068583
tr|A0A9P6WA61|A0A9P6WA61_RHOMI,Rhodotorula mucilaginosa,Rhodotorula_mucilaginosa,Fungi,1,0.48038113
tr|A0A9P7B857|A0A9P7B857_RHOMI,Rhodotorula mucilaginosa,Rhodotorula_mucilaginosa,Fungi,1,0.5664312
tr|A0A9P6W017|A0A9P6W017_RHOMI,Rhodotorula mucilaginosa,Rhodotorula_mucilaginosa,Fungi,1,0.08883724
tr|A0A9P6VZ56|A0A9P6VZ56_RHOMI,Rhodotorula mucilaginosa,Rhodotorula_mucilaginosa,Fungi,1,0.42991847
tr|A0A9P7B1X5|A0A9P7B1X5_RHOMI,Rhodotorula mucilaginosa,Rhodotorula_mucilaginosa,Fungi,1,0.05266682
tr|A0A9P7B4U7|A0A9P7B4U7_RHOMI,Rhodotorula mucilaginosa,Rhodotorula_mucilaginosa,Fungi,1,0.10883537
tr|A0A9P6W7K9|A0A9P6W7K9_RHOMI,Rhodotorula mucilaginosa,Rhodotorula_mucilaginosa,Fungi,1,0.34385076
tr|C5M8Y9|C5M8Y9_CANTT,Candida tropicalis,Candida tropicalis (strain ATCC MYA-3404 / T1),Fungi,1,0.13784601
tr|C5M8S7|C5M8S7_CANTT,Candida tropicalis,Candida tropicalis (strain ATCC MYA-3404 / T1),Fungi,1,0.15684368
tr|C5MAG0|C5MAG0_CANTT,Candida tropicalis,Candida tropicalis (strain ATCC MYA-3404 / T1),Fungi,1,0.12842181
tr|C5MD87|C5MD87_CANTT,Candida tropicalis,Candida tropicalis (strain ATCC MYA-3404 / T1),Fungi,1,0.12878515
tr|C5MIN7|C5MIN7_CANTT,Candida tropicalis,Candida tropicalis (strain ATCC MYA-3404 / T1),Fungi,1,0.06197803
tr|C5M992|C5M992_CANTT,Candida tropicalis,Candida tropicalis (strain ATCC MYA-3404 / T1),Fungi,1,0.09154517
tr|C5M1U4|C5M1U4_CANTT,Candida tropicalis,Candida tropicalis (strain ATCC MYA-3404 / T1),Fungi,1,0.121916376
tr|C5MDY3|C5MDY3_CANTT,Candida tropicalis,Candida tropicalis (strain ATCC MYA-3404 / T1),Fungi,1,0.09639135
tr|C5M1S3|C5M1S3_CANTT,Candida tropicalis,Candida tropicalis (strain ATCC MYA-3404 / T1),Fungi,1,0.14883313
tr|C5MFF5|C5MFF5_CANTT,Candida tropicalis,Candida tropicalis (strain ATCC MYA-3404 / T1),Fungi,1,0.18936753
tr|C5M9D1|C5M9D1_CANTT,Candida tropicalis,Candida tropicalis (strain ATCC MYA-3404 / T1),Fungi,1,0.14523943
tr|C5MGE5|C5MGE5_CANTT,Candida tropicalis,Candida tropicalis (strain ATCC MYA-3404 / T1),Fungi,1,0.123682745
tr|C5M7D1|C5M7D1_CANTT,Candida tropicalis,Candida tropicalis (strain ATCC MYA-3404 / T1),Fungi,1,0.14528094
sp|C5M4J6|SEC11_CANTT,Candida tropicalis,Candida tropicalis (strain ATCC MYA-3404 / T1),Fungi,1,0.055501066
tr|C5M2W4|C5M2W4_CANTT,Candida tropicalis,Candida tropicalis (strain ATCC MYA-3404 / T1),Fungi,1,0.19264576
tr|C5M898|C5M898_CANTT,Candida tropicalis,Candida tropicalis (strain ATCC MYA-3404 / T1),Fungi,1,0.11219748
tr|C5MBS2|C5MBS2_CANTT,Candida tropicalis,Candida tropicalis (strain ATCC MYA-3404 / T1),Fungi,1,0.12445776
tr|C5MCR7|C5MCR7_CANTT,Candida tropicalis,Candida tropicalis (strain ATCC MYA-3404 / T1),Fungi,1,0.12527402
tr|C5MET0|C5MET0_CANTT,Candida tropicalis,Candida tropicalis (strain ATCC MYA-3404 / T1),Fungi,1,0.06096625
tr|C5MGZ4|C5MGZ4_CANTT,Candida tropicalis,Candida tropicalis (strain ATCC MYA-3404 / T1),Fungi,1,0.16601099
tr|A0ABX6CKD6|A0ABX6CKD6_ACIB2,Acinetobacter baumannii,Acinetobacter baumannii (strain ATCC 19606 / DSM 30007 / JCM 6841 / CCUG 19606 / CIP 70.34 / NBRC 109757 / NCIMB 12457 / NCTC 12156 / 81),Bacteria,1,0.28175157
tr|A0ABX6CD58|A0ABX6CD58_ACIB2,Acinetobacter baumannii,Acinetobacter baumannii (strain ATCC 19606 / DSM 30007 / JCM 6841 / CCUG 19606 / CIP 70.34 / NBRC 109757 / NCIMB 12457 / NCTC 12156 / 81),Bacteria,1,0.20814304
sp|B2HXB0|HTPX_ACIBC,Acinetobacter baumannii,Acinetobacter baumannii (strain ACICU),Bacteria,1,0.2139118
sp|B0VT08|HTPX_ACIBS,Acinetobacter baumannii,Acinetobacter baumannii (strain SDF),Bacteria,1,0.2139118
sp|B7GY42|HTPX_ACIB3,Acinetobacter baumannii,Acinetobacter baumannii (strain AB307-0294),Bacteria,1,0.2139118
sp|B7I612|HTPX_ACIB5,Acinetobacter baumannii,Acinetobacter baumannii (strain AB0057),Bacteria,1,0.2139118
sp|A3M830|HTPX_ACIBT,Acinetobacter baumannii,Acinetobacter baumannii (strain ATCC 17978 / DSM 105126 / CIP 53.77 / LMG 1025 / NCDC KC755 / 5377),Bacteria,1,0.2139118
sp|B0VDQ0|HTPX_ACIBY,Acinetobacter baumannii,Acinetobacter baumannii (strain AYE),Bacteria,1,0.2139118
tr|A0A059ZND5|A0A059ZND5_ACIBA,Acinetobacter baumannii,Acinetobacter_baumannii,Bacteria,1,0.22743668
tr|A0A7U3Y7J5|A0A7U3Y7J5_ACIB5,Acinetobacter baumannii,Acinetobacter baumannii (strain AB0057),Bacteria,1,0.22743668
tr|A0ABX6CK98|A0ABX6CK98_ACIB2,Acinetobacter baumannii,Acinetobacter baumannii (strain ATCC 19606 / DSM 30007 / JCM 6841 / CCUG 19606 / CIP 70.34 / NBRC 109757 / NCIMB 12457 / NCTC 12156 / 81),Bacteria,1,0.22743668
tr|A0A7U4DI15|A0A7U4DI15_ACIB5,Acinetobacter baumannii,Acinetobacter baumannii (strain AB0057),Bacteria,1,0.46573496
tr|A0ABX6CL70|A0ABX6CL70_ACIB2,Acinetobacter baumannii,Acinetobacter baumannii (strain ATCC 19606 / DSM 30007 / JCM 6841 / CCUG 19606 / CIP 70.34 / NBRC 109757 / NCIMB 12457 / NCTC 12156 / 81),Bacteria,1,0.5852097
tr|A0A0D5YE26|A0A0D5YE26_ACIBA,Acinetobacter baumannii,Acinetobacter_baumannii,Bacteria,1,0.5404156
tr|A0A7U4DHM7|A0A7U4DHM7_ACIB5,Acinetobacter baumannii,Acinetobacter baumannii (strain AB0057),Bacteria,1,0.567949
tr|A0ABX6CFL6|A0ABX6CFL6_ACIB2,Acinetobacter baumannii,Acinetobacter baumannii (strain ATCC 19606 / DSM 30007 / JCM 6841 / CCUG 19606 / CIP 70.34 / NBRC 109757 / NCIMB 12457 / NCTC 12156 / 81),Bacteria,1,0.21621662
tr|A0A0D5YI62|A0A0D5YI62_ACIBA,Acinetobacter baumannii,Acinetobacter_baumannii,Bacteria,1,0.567949
tr|A0ABX6CI72|A0ABX6CI72_ACIB2,Acinetobacter baumannii,Acinetobacter baumannii (strain ATCC 19606 / DSM 30007 / JCM 6841 / CCUG 19606 / CIP 70.34 / NBRC 109757 / NCIMB 12457 / NCTC 12156 / 81),Bacteria,1,0.57019895
tr|V5VA46|V5VA46_ACIBA,Acinetobacter baumannii,Acinetobacter_baumannii,Bacteria,1,0.2139118
tr|A0ABX6CE82|A0ABX6CE82_ACIB2,Acinetobacter baumannii,Acinetobacter baumannii (strain ATCC 19606 / DSM 30007 / JCM 6841 / CCUG 19606 / CIP 70.34 / NBRC 109757 / NCIMB 12457 / NCTC 12156 / 81),Bacteria,1,0.09176172
tr|A0ABX6CIL0|A0ABX6CIL0_ACIB2,Acinetobacter baumannii,Acinetobacter baumannii (strain ATCC 19606 / DSM 30007 / JCM 6841 / CCUG 19606 / CIP 70.34 / NBRC 109757 / NCIMB 12457 / NCTC 12156 / 81),Bacteria,1,0.2139118
tr|A0ABX6CHW1|A0ABX6CHW1_ACIB2,Acinetobacter baumannii,Acinetobacter baumannii (strain ATCC 19606 / DSM 30007 / JCM 6841 / CCUG 19606 / CIP 70.34 / NBRC 109757 / NCIMB 12457 / NCTC 12156 / 81),Bacteria,1,0.19917558
sp|B7GXS7|LON_ACIB3,Acinetobacter baumannii,Acinetobacter baumannii (strain AB307-0294),Bacteria,1,0.35456365
tr|V5VFS9|V5VFS9_ACIBA,Acinetobacter baumannii,Acinetobacter_baumannii,Bacteria,1,0.35456365
tr|A0ABX6CD72|A0ABX6CD72_ACIB2,Acinetobacter baumannii,Acinetobacter baumannii (strain ATCC 19606 / DSM 30007 / JCM 6841 / CCUG 19606 / CIP 70.34 / NBRC 109757 / NCIMB 12457 / NCTC 12156 / 81),Bacteria,1,0.35456365
tr|A0A7U3Y662|A0A7U3Y662_ACIB5,Acinetobacter baumannii,Acinetobacter baumannii (strain AB0057),Bacteria,1,0.35456365
tr|V5VGN1|V5VGN1_ACIBA,Acinetobacter baumannii,Acinetobacter_baumannii,Bacteria,1,0.15046418
tr|A0A7U3Y4L5|A0A7U3Y4L5_ACIB5,Acinetobacter baumannii,Acinetobacter baumannii (strain AB0057),Bacteria,1,0.15046418
tr|A0ABX6CC47|A0ABX6CC47_ACIB2,Acinetobacter baumannii,Acinetobacter baumannii (strain ATCC 19606 / DSM 30007 / JCM 6841 / CCUG 19606 / CIP 70.34 / NBRC 109757 / NCIMB 12457 / NCTC 12156 / 81),Bacteria,1,0.15046418
tr|A0ABX6CI22|A0ABX6CI22_ACIB2,Acinetobacter baumannii,Acinetobacter baumannii (strain ATCC 19606 / DSM 30007 / JCM 6841 / CCUG 19606 / CIP 70.34 / NBRC 109757 / NCIMB 12457 / NCTC 12156 / 81),Bacteria,1,0.6025169
tr|A0ABX6CIF7|A0ABX6CIF7_ACIB2,Acinetobacter baumannii,Acinetobacter baumannii (strain ATCC 19606 / DSM 30007 / JCM 6841 / CCUG 19606 / CIP 70.34 / NBRC 109757 / NCIMB 12457 / NCTC 12156 / 81),Bacteria,1,0.1756076
tr|A0A1B2RCY2|A0A1B2RCY2_ACIBA,Acinetobacter baumannii,Acinetobacter_baumannii,Bacteria,1,0.12938386
tr|A0A7U4DHJ0|A0A7U4DHJ0_ACIB5,Acinetobacter baumannii,Acinetobacter baumannii (strain AB0057),Bacteria,1,0.1756076
tr|V5VCE2|V5VCE2_ACIBA,Acinetobacter baumannii,Acinetobacter_baumannii,Bacteria,1,0.39449432
tr|A0A076G3J8|A0A076G3J8_ACIBA,Acinetobacter baumannii,Acinetobacter baumannii TYTH-1,Bacteria,1,0.07909385
tr|A0A7U3Y8H9|A0A7U3Y8H9_ACIB5,Acinetobacter baumannii,Acinetobacter baumannii (strain AB0057),Bacteria,1,0.39449432
tr|A0ABX6CM65|A0ABX6CM65_ACIB2,Acinetobacter baumannii,Acinetobacter baumannii (strain ATCC 19606 / DSM 30007 / JCM 6841 / CCUG 19606 / CIP 70.34 / NBRC 109757 / NCIMB 12457 / NCTC 12156 / 81),Bacteria,1,0.41713747
tr|A0A0D8G998|A0A0D8G998_ACIBA,Acinetobacter baumannii,Acinetobacter_baumannii,Bacteria,1,0.60695857
tr|A0A7U3Y894|A0A7U3Y894_ACIB5,Acinetobacter baumannii,Acinetobacter baumannii (strain AB0057),Bacteria,1,0.60695857
tr|U5QBM2|U5QBM2_ACIBA,Acinetobacter baumannii,Acinetobacter_baumannii,Bacteria,1,0.07909385
tr|V5VAG2|V5VAG2_ACIBA,Acinetobacter baumannii,Acinetobacter_baumannii,Bacteria,1,0.1756076
tr|A0ABX6CBT8|A0ABX6CBT8_ACIB2,Acinetobacter baumannii,Acinetobacter baumannii (strain ATCC 19606 / DSM 30007 / JCM 6841 / CCUG 19606 / CIP 70.34 / NBRC 109757 / NCIMB 12457 / NCTC 12156 / 81),Bacteria,1,0.15015529
tr|A0ABX6CJV7|A0ABX6CJV7_ACIB2,Acinetobacter baumannii,Acinetobacter baumannii (strain ATCC 19606 / DSM 30007 / JCM 6841 / CCUG 19606 / CIP 70.34 / NBRC 109757 / NCIMB 12457 / NCTC 12156 / 81),Bacteria,1,0.10349634
tr|A0ABX6CGL6|A0ABX6CGL6_ACIB2,Acinetobacter baumannii,Acinetobacter baumannii (strain ATCC 19606 / DSM 30007 / JCM 6841 / CCUG 19606 / CIP 70.34 / NBRC 109757 / NCIMB 12457 / NCTC 12156 / 81),Bacteria,1,0.30657017
tr|A0ABX6CB07|A0ABX6CB07_ACIB2,Acinetobacter baumannii,Acinetobacter baumannii (strain ATCC 19606 / DSM 30007 / JCM 6841 / CCUG 19606 / CIP 70.34 / NBRC 109757 / NCIMB 12457 / NCTC 12156 / 81),Bacteria,1,0.23453963
tr|A0ABX6CB85|A0ABX6CB85_ACIB2,Acinetobacter baumannii,Acinetobacter baumannii (strain ATCC 19606 / DSM 30007 / JCM 6841 / CCUG 19606 / CIP 70.34 / NBRC 109757 / NCIMB 12457 / NCTC 12156 / 81),Bacteria,1,0.09663278
tr|A0ABX6CD49|A0ABX6CD49_ACIB2,Acinetobacter baumannii,Acinetobacter baumannii (strain ATCC 19606 / DSM 30007 / JCM 6841 / CCUG 19606 / CIP 70.34 / NBRC 109757 / NCIMB 12457 / NCTC 12156 / 81),Bacteria,1,0.23957577
tr|A0ABX6CDA3|A0ABX6CDA3_ACIB2,Acinetobacter baumannii,Acinetobacter baumannii (strain ATCC 19606 / DSM 30007 / JCM 6841 / CCUG 19606 / CIP 70.34 / NBRC 109757 / NCIMB 12457 / NCTC 12156 / 81),Bacteria,1,0.3142971
tr|A0ABX6CDV5|A0ABX6CDV5_ACIB2,Acinetobacter baumannii,Acinetobacter baumannii (strain ATCC 19606 / DSM 30007 / JCM 6841 / CCUG 19606 / CIP 70.34 / NBRC 109757 / NCIMB 12457 / NCTC 12156 / 81),Bacteria,1,0.11222945
tr|A0ABX6CI44|A0ABX6CI44_ACIB2,Acinetobacter baumannii,Acinetobacter baumannii (strain ATCC 19606 / DSM 30007 / JCM 6841 / CCUG 19606 / CIP 70.34 / NBRC 109757 / NCIMB 12457 / NCTC 12156 / 81),Bacteria,1,0.18205673
tr|A0ABX6CGF1|A0ABX6CGF1_ACIB2,Acinetobacter baumannii,Acinetobacter baumannii (strain ATCC 19606 / DSM 30007 / JCM 6841 / CCUG 19606 / CIP 70.34 / NBRC 109757 / NCIMB 12457 / NCTC 12156 / 81),Bacteria,1,0.41855305
tr|A0ABX6CE05|A0ABX6CE05_ACIB2,Acinetobacter baumannii,Acinetobacter baumannii (strain ATCC 19606 / DSM 30007 / JCM 6841 / CCUG 19606 / CIP 70.34 / NBRC 109757 / NCIMB 12457 / NCTC 12156 / 81),Bacteria,1,0.15650022
tr|A0A198UGC9|A0A198UGC9_MORCA,Moraxella catarrhalis,Moraxella_catarrhalis,Bacteria,1,0.08747077
tr|A0ABY0BHN5|A0ABY0BHN5_MORCA,Moraxella catarrhalis,Moraxella_catarrhalis,Bacteria,1,0.17000481
tr|A0A198UT27|A0A198UT27_MORCA,Moraxella catarrhalis,Moraxella_catarrhalis,Bacteria,1,0.17093436
tr|A0A198UPP9|A0A198UPP9_MORCA,Moraxella catarrhalis,Moraxella_catarrhalis,Bacteria,1,0.4816155
tr|A0A3A9NEJ8|A0A3A9NEJ8_MORCA,Moraxella catarrhalis,Moraxella_catarrhalis,Bacteria,1,0.21493982
tr|A0A198UMX2|A0A198UMX2_MORCA,Moraxella catarrhalis,Moraxella_catarrhalis,Bacteria,1,0.37111744
tr|A0ABY0BIF9|A0ABY0BIF9_MORCA,Moraxella catarrhalis,Moraxella_catarrhalis,Bacteria,1,0.13001375
tr|A0ABY0BIL7|A0ABY0BIL7_MORCA,Moraxella catarrhalis,Moraxella_catarrhalis,Bacteria,1,0.2466962
tr|A0A198UIU5|A0A198UIU5_MORCA,Moraxella catarrhalis,Moraxella_catarrhalis,Bacteria,1,0.22240749
tr|A0A198ULP5|A0A198ULP5_MORCA,Moraxella catarrhalis,Moraxella_catarrhalis,Bacteria,1,0.12820509
tr|A0ACG9DX77|A0ACG9DX77_MORCA,Moraxella catarrhalis,Moraxella_catarrhalis,Bacteria,1,0.23867121
tr|A0ACG9E289|A0ACG9E289_MORCA,Moraxella catarrhalis,Moraxella_catarrhalis,Bacteria,1,0.13318075
tr|A0A198UHJ5|A0A198UHJ5_MORCA,Moraxella catarrhalis,Moraxella_catarrhalis,Bacteria,1,0.40483227
tr|A0ACG9DWU1|A0ACG9DWU1_MORCA,Moraxella catarrhalis,Moraxella_catarrhalis,Bacteria,1,0.21940076
tr|A0ACG9DXY6|A0ACG9DXY6_MORCA,Moraxella catarrhalis,Moraxella_catarrhalis,Bacteria,1,0.16921762
tr|A0ACG9DYA1|A0ACG9DYA1_MORCA,Moraxella catarrhalis,Moraxella_catarrhalis,Bacteria,1,0.12549342
tr|A0ACG9DZH3|A0ACG9DZH3_MORCA,Moraxella catarrhalis,Moraxella_catarrhalis,Bacteria,1,0.2466962
tr|A0A198UM55|A0A198UM55_MORCA,Moraxella catarrhalis,Moraxella_catarrhalis,Bacteria,1,0.08548236
tr|A0A198UMZ2|A0A198UMZ2_MORCA,Moraxella catarrhalis,Moraxella_catarrhalis,Bacteria,1,0.2003348
tr|A0A198X8U9|A0A198X8U9_MORCA,Moraxella catarrhalis,Moraxella_catarrhalis,Bacteria,1,0.2010608
tr|A0A3A9PNH7|A0A3A9PNH7_MORCA,Moraxella catarrhalis,Moraxella_catarrhalis,Bacteria,1,0.59527826
tr|A0A198UEF9|A0A198UEF9_MORCA,Moraxella catarrhalis,Moraxella_catarrhalis,Bacteria,1,0.43763274
tr|A0A198UNJ9|A0A198UNJ9_MORCA,Moraxella catarrhalis,Moraxella_catarrhalis,Bacteria,1,0.25809494
tr|A0ABY0BM03|A0ABY0BM03_MORCA,Moraxella catarrhalis,Moraxella_catarrhalis,Bacteria,1,0.4301165
tr|A0ABY0BJT0|A0ABY0BJT0_MORCA,Moraxella catarrhalis,Moraxella_catarrhalis,Bacteria,1,0.21043754
tr|A0A198UL07|A0A198UL07_MORCA,Moraxella catarrhalis,Moraxella_catarrhalis,Bacteria,1,0.111798085
tr|A0A198UEE4|A0A198UEE4_MORCA,Moraxella catarrhalis,Moraxella_catarrhalis,Bacteria,1,0.2718182
tr|A0ABY0BIJ4|A0ABY0BIJ4_MORCA,Moraxella catarrhalis,Moraxella_catarrhalis,Bacteria,1,0.5714717
tr|A0ABY0BJ61|A0ABY0BJ61_MORCA,Moraxella catarrhalis,Moraxella_catarrhalis,Bacteria,1,0.20905423
tr|A0ACG9DXQ0|A0ACG9DXQ0_MORCA,Moraxella catarrhalis,Moraxella_catarrhalis,Bacteria,1,0.2010608
tr|A0ACG9DZ16|A0ACG9DZ16_MORCA,Moraxella catarrhalis,Moraxella_catarrhalis,Bacteria,1,0.60704434
tr|A0ACG9DZ64|A0ACG9DZ64_MORCA,Moraxella catarrhalis,Moraxella_catarrhalis,Bacteria,1,0.2416094
tr|A0ACG9E0V2|A0ACG9E0V2_MORCA,Moraxella catarrhalis,Moraxella_catarrhalis,Bacteria,1,0.50905114
tr|A0A198UDM3|A0A198UDM3_MORCA,Moraxella catarrhalis,Moraxella_catarrhalis,Bacteria,1,0.27623776
tr|A0ABY0BN53|A0ABY0BN53_MORCA,Moraxella catarrhalis,Moraxella_catarrhalis,Bacteria,1,0.2340068
tr|A0ACG9E136|A0ACG9E136_MORCA,Moraxella catarrhalis,Moraxella_catarrhalis,Bacteria,1,0.13177931
tr|A0ACG9E1V5|A0ACG9E1V5_MORCA,Moraxella catarrhalis,Moraxella_catarrhalis,Bacteria,1,0.4665827
tr|A0ACG9DXA7|A0ACG9DXA7_MORCA,Moraxella catarrhalis,Moraxella_catarrhalis,Bacteria,1,0.20905423
tr|A0ACG9DZU6|A0ACG9DZU6_MORCA,Moraxella catarrhalis,Moraxella_catarrhalis,Bacteria,1,0.35428238
tr|A0ACG9DZM3|A0ACG9DZM3_MORCA,Moraxella catarrhalis,Moraxella_catarrhalis,Bacteria,1,0.258556
tr|A0ACG9E0I0|A0ACG9E0I0_MORCA,Moraxella catarrhalis,Moraxella_catarrhalis,Bacteria,1,0.23427491
tr|A0ACG9DXX4|A0ACG9DXX4_MORCA,Moraxella catarrhalis,Moraxella_catarrhalis,Bacteria,1,0.3239047
sp|P34025|PRTA_LISMN,Listeria monocytogenes,Listeria_monocytogenes,Bacteria,1,0.21661593
sp|P23224|PRTA_LISMO,Listeria monocytogenes,Listeria monocytogenes serovar 1/2a (strain ATCC BAA-679 / EGD-e),Bacteria,1,0.18165894
sp|Q721K3|HTPX_LISMF,Listeria monocytogenes,Listeria monocytogenes serotype 4b (strain F2365),Bacteria,1,0.08176978
sp|Q8Y7G3|Y1318_LISMO,Listeria monocytogenes,Listeria monocytogenes serovar 1/2a (strain ATCC BAA-679 / EGD-e),Bacteria,1,0.08256717
sp|B8DEH2|HTPX_LISMH,Listeria monocytogenes,Listeria monocytogenes serotype 4a (strain HCC23),Bacteria,1,0.09648773
sp|C1L1N4|HTPX_LISMC,Listeria monocytogenes,Listeria monocytogenes serotype 4b (strain CLIP80459),Bacteria,1,0.08176978
sp|Q8Y8E1|HTPX_LISMO,Listeria monocytogenes,Listeria monocytogenes serovar 1/2a (strain ATCC BAA-679 / EGD-e),Bacteria,1,0.09271869
tr|Q8YAC6|Q8YAC6_LISMO,Listeria monocytogenes,Listeria monocytogenes serovar 1/2a (strain ATCC BAA-679 / EGD-e),Bacteria,1,0.2081182
tr|A0A0H3G8Q4|A0A0H3G8Q4_LISM4,Listeria monocytogenes,Listeria monocytogenes serotype 1/2a (strain 10403S),Bacteria,1,0.2081182
tr|B0G0D3|B0G0D3_LISMN,Listeria monocytogenes,Listeria_monocytogenes,Bacteria,1,0.17397612
tr|G3FFF9|G3FFF9_LISMN,Listeria monocytogenes,Listeria_monocytogenes,Bacteria,1,0.21808821
tr|Q6E9N9|Q6E9N9_LISMN,Listeria monocytogenes,Listeria_monocytogenes,Bacteria,1,0.21635191
tr|Q6E9P5|Q6E9P5_LISMN,Listeria monocytogenes,Listeria_monocytogenes,Bacteria,1,0.17873773
tr|Q6EA57|Q6EA57_LISMN,Listeria monocytogenes,Listeria_monocytogenes,Bacteria,1,0.18165894
tr|Q6EA99|Q6EA99_LISMN,Listeria monocytogenes,Listeria_monocytogenes,Bacteria,1,0.28214544
tr|G3FFE7|G3FFE7_LISMN,Listeria monocytogenes,Listeria_monocytogenes,Bacteria,1,0.19608337
tr|Q45RG5|Q45RG5_LISMN,Listeria monocytogenes,Listeria_monocytogenes,Bacteria,1,0.23363853
tr|Q6E8S1|Q6E8S1_LISMN,Listeria monocytogenes,Listeria_monocytogenes,Bacteria,1,0.22185601
tr|Q6EAG9|Q6EAG9_LISMN,Listeria monocytogenes,Listeria_monocytogenes,Bacteria,1,0.3404777
tr|A0A0H3GFG1|A0A0H3GFG1_LISM4,Listeria monocytogenes,Listeria monocytogenes serotype 1/2a (strain 10403S),Bacteria,1,0.09255203
tr|A0A0H3GMC1|A0A0H3GMC1_LISM4,Listeria monocytogenes,Listeria monocytogenes serotype 1/2a (strain 10403S),Bacteria,1,0.20318723
tr|B0G037|B0G037_LISMN,Listeria monocytogenes,Listeria_monocytogenes,Bacteria,1,0.17773068
tr|G3FFE1|G3FFE1_LISMN,Listeria monocytogenes,Listeria_monocytogenes,Bacteria,1,0.20056269
tr|G3FFG5|G3FFG5_LISMN,Listeria monocytogenes,Listeria_monocytogenes,Bacteria,1,0.28814477
tr|G3FFH7|G3FFH7_LISMN,Listeria monocytogenes,Listeria_monocytogenes,Bacteria,1,0.20750548
tr|G3FFI9|G3FFI9_LISMN,Listeria monocytogenes,Listeria_monocytogenes,Bacteria,1,0.23162135
tr|Q6E9T1|Q6E9T1_LISMN,Listeria monocytogenes,Listeria_monocytogenes,Bacteria,1,0.19204909
tr|Q6EAH5|Q6EAH5_LISMN,Listeria monocytogenes,Listeria_monocytogenes,Bacteria,1,0.17494489
tr|A0A0H3G990|A0A0H3G990_LISM4,Listeria monocytogenes,Listeria monocytogenes serotype 1/2a (strain 10403S),Bacteria,1,0.17494489
tr|A0A0H3GBT6|A0A0H3GBT6_LISM4,Listeria monocytogenes,Listeria monocytogenes serotype 1/2a (strain 10403S),Bacteria,1,0.08256717
tr|B9UY66|B9UY66_LISMN,Listeria monocytogenes,Listeria_monocytogenes,Bacteria,1,0.2001627
tr|Q4TVP7|Q4TVP7_LISMN,Listeria monocytogenes,Listeria_monocytogenes,Bacteria,1,0.16085741
tr|Q6E9I5|Q6E9I5_LISMN,Listeria monocytogenes,Listeria_monocytogenes,Bacteria,1,0.16584511
tr|Q6EAJ8|Q6EAJ8_LISMN,Listeria monocytogenes,Listeria_monocytogenes,Bacteria,1,0.21661593
tr|B2L5Q1|B2L5Q1_LISMN,Listeria monocytogenes,Listeria_monocytogenes,Bacteria,1,0.15956059
tr|G3FFF3|G3FFF3_LISMN,Listeria monocytogenes,Listeria_monocytogenes,Bacteria,1,0.23622984
tr|Q6E8R5|Q6E8R5_LISMN,Listeria monocytogenes,Listeria_monocytogenes,Bacteria,1,0.2223973
tr|Q6E941|Q6E941_LISMN,Listeria monocytogenes,Listeria_monocytogenes,Bacteria,1,0.21700656
tr|Q6EAC2|Q6EAC2_LISMN,Listeria monocytogenes,Listeria_monocytogenes,Bacteria,1,0.273971
tr|Q6EAI1|Q6EAI1_LISMN,Listeria monocytogenes,Listeria_monocytogenes,Bacteria,1,0.2854694
tr|Q8Y583|Q8Y583_LISMO,Listeria monocytogenes,Listeria monocytogenes serovar 1/2a (strain ATCC BAA-679 / EGD-e),Bacteria,1,0.20277345
sp|C1L2K9|LEXA_LISMC,Listeria monocytogenes,Listeria monocytogenes serotype 4b (strain CLIP80459),Bacteria,1,0.040016573
sp|B8DG25|LEXA_LISMH,Listeria monocytogenes,Listeria monocytogenes serotype 4a (strain HCC23),Bacteria,1,0.040016573
sp|Q9RQI6|CLPP_LISMO,Listeria monocytogenes,Listeria monocytogenes serovar 1/2a (strain ATCC BAA-679 / EGD-e),Bacteria,1,0.02211559
sp|Q71WV9|CLPP_LISMF,Listeria monocytogenes,Listeria monocytogenes serotype 4b (strain F2365),Bacteria,1,0.02211559
sp|Q720B9|LEXA_LISMF,Listeria monocytogenes,Listeria monocytogenes serotype 4b (strain F2365),Bacteria,1,0.040016573
sp|Q8Y7H7|LEXA_LISMO,Listeria monocytogenes,Listeria monocytogenes serovar 1/2a (strain ATCC BAA-679 / EGD-e),Bacteria,1,0.05860743
sp|P58495|Y363_LISMO,Listeria monocytogenes,Listeria monocytogenes serovar 1/2a (strain ATCC BAA-679 / EGD-e),Bacteria,1,0.16833468
tr|A0A3T2ER33|A0A3T2ER33_LISMN,Listeria monocytogenes,Listeria_monocytogenes,Bacteria,1,0.13628265
tr|A0A0H3GJY8|A0A0H3GJY8_LISM4,Listeria monocytogenes,Listeria monocytogenes serotype 1/2a (strain 10403S),Bacteria,1,0.040016573
tr|A0A0H3GKA5|A0A0H3GKA5_LISM4,Listeria monocytogenes,Listeria monocytogenes serotype 1/2a (strain 10403S),Bacteria,1,0.02211559
tr|A0A0H3GBU1|A0A0H3GBU1_LISM4,Listeria monocytogenes,Listeria monocytogenes serotype 1/2a (strain 10403S),Bacteria,1,0.14070685
tr|Q8Y7Y1|Q8Y7Y1_LISMO,Listeria monocytogenes,Listeria monocytogenes serovar 1/2a (strain ATCC BAA-679 / EGD-e),Bacteria,1,0.14070685
tr|Q8Y5K8|Q8Y5K8_LISMO,Listeria monocytogenes,Listeria monocytogenes serovar 1/2a (strain ATCC BAA-679 / EGD-e),Bacteria,1,0.07516619
tr|Q8Y7K8|Q8Y7K8_LISMO,Listeria monocytogenes,Listeria monocytogenes serovar 1/2a (strain ATCC BAA-679 / EGD-e),Bacteria,1,0.054578356
tr|A0A0H3GC68|A0A0H3GC68_LISM4,Listeria monocytogenes,Listeria monocytogenes serotype 1/2a (strain 10403S),Bacteria,1,0.052249968
tr|A0A0H3GGA7|A0A0H3GGA7_LISM4,Listeria monocytogenes,Listeria monocytogenes serotype 1/2a (strain 10403S),Bacteria,1,0.06062562
tr|Q8Y7K6|Q8Y7K6_LISMO,Listeria monocytogenes,Listeria monocytogenes serovar 1/2a (strain ATCC BAA-679 / EGD-e),Bacteria,1,0.052249968
tr|Q8Y7K7|Q8Y7K7_LISMO,Listeria monocytogenes,Listeria monocytogenes serovar 1/2a (strain ATCC BAA-679 / EGD-e),Bacteria,1,0.06477602
tr|A0A0H3GFV8|A0A0H3GFV8_LISM4,Listeria monocytogenes,Listeria monocytogenes serotype 1/2a (strain 10403S),Bacteria,1,0.042507127
tr|A0A0H3GIS9|A0A0H3GIS9_LISM4,Listeria monocytogenes,Listeria monocytogenes serotype 1/2a (strain 10403S),Bacteria,1,0.0725584
tr|Q83UB9|Q83UB9_LISMN,Listeria monocytogenes,Listeria_monocytogenes,Bacteria,1,0.100862205
tr|A6P5Y6|A6P5Y6_LISMN,Listeria monocytogenes,Listeria_monocytogenes,Bacteria,1,0.1062593
tr|M9Z817|M9Z817_LISMN,Listeria monocytogenes,Listeria_monocytogenes,Bacteria,1,0.0977577
tr|Q83UC0|Q83UC0_LISMN,Listeria monocytogenes,Listeria_monocytogenes,Bacteria,1,0.100174494
tr|A0SYN4|A0SYN4_LISMN,Listeria monocytogenes,Listeria_monocytogenes,Bacteria,1,0.10091098
tr|M9V7V6|M9V7V6_LISMN,Listeria monocytogenes,Listeria_monocytogenes,Bacteria,1,0.1019806
tr|Q83Z05|Q83Z05_LISMN,Listeria monocytogenes,Listeria_monocytogenes,Bacteria,1,0.10766053
tr|Q83UC1|Q83UC1_LISMN,Listeria monocytogenes,Listeria_monocytogenes,Bacteria,1,0.100174494
tr|A0A0F6ZMY8|A0A0F6ZMY8_LISMN,Listeria monocytogenes,Listeria_monocytogenes,Bacteria,1,0.1077678
sp|Q9ZM66|FTSH_HELPJ,Helicobacter pylori,Helicobacter_pylori,Bacteria,1,0.25657842
sp|Q9ZMH8|Y242_HELPJ,Helicobacter pylori,Helicobacter_pylori,Bacteria,1,0.26850665
sp|Q9ZKS4|HTPX_HELPJ,Helicobacter pylori,Helicobacter_pylori,Bacteria,1,0.19893816
sp|Q9ZL50|CLPP_HELPJ,Helicobacter pylori,Helicobacter_pylori,Bacteria,1,0.1270844
sp|Q9ZJL3|LON_HELPJ,Helicobacter pylori,Helicobacter_pylori,Bacteria,1,0.22721078
sp|Q9ZLQ5|LEP_HELPJ,Helicobacter pylori,Helicobacter_pylori,Bacteria,1,0.5298323
sp|A2RGB7|HTPX_STRPG,Streptococcus pyogenes,Streptococcus pyogenes serotype M5 (strain Manfredo),Bacteria,1,0.1363878
sp|P0DD30|HTPX_STRP3,Streptococcus pyogenes,Streptococcus pyogenes serotype M3 (strain ATCC BAA-595 / MGAS315),Bacteria,1,0.13864954
sp|P0DD32|Y1689_STRP3,Streptococcus pyogenes,Streptococcus pyogenes serotype M3 (strain ATCC BAA-595 / MGAS315),Bacteria,1,0.22704588
sp|Q1J8D6|HTPX_STRPF,Streptococcus pyogenes,Streptococcus pyogenes serotype M4 (strain MGAS10750),Bacteria,1,0.1363878
sp|Q1JII1|HTPX_STRPD,Streptococcus pyogenes,Streptococcus pyogenes serotype M2 (strain MGAS10270),Bacteria,1,0.1363878
sp|Q9A1D5|HTPX_STRP1,Streptococcus pyogenes,Streptococcus pyogenes serotype M1,Bacteria,1,0.1363878
sp|P0DD31|HTPX_STRPQ,Streptococcus pyogenes,Streptococcus pyogenes serotype M3 (strain SSI-1),Bacteria,1,0.13864954
sp|Q48V70|HTPX_STRPM,Streptococcus pyogenes,Streptococcus pyogenes serotype M28 (strain MGAS6180),Bacteria,1,0.13204028
sp|Q99XY3|Y1963_STRP1,Streptococcus pyogenes,Streptococcus pyogenes serotype M1,Bacteria,1,0.20267068
sp|B5XJV3|HTPX_STRPZ,Streptococcus pyogenes,Streptococcus pyogenes serotype M49 (strain NZ131),Bacteria,1,0.14316696
sp|Q1JND2|HTPX_STRPC,Streptococcus pyogenes,Streptococcus pyogenes serotype M12 (strain MGAS9429),Bacteria,1,0.1363878
sp|P0DD33|Y1689_STRPQ,Streptococcus pyogenes,Streptococcus pyogenes serotype M3 (strain SSI-1),Bacteria,1,0.22704588
sp|Q5X9U6|Y1682_STRP6,Streptococcus pyogenes,Streptococcus pyogenes serotype M6 (strain ATCC BAA-946 / MGAS10394),Bacteria,1,0.2210138
sp|Q5XDS0|HTPX_STRP6,Streptococcus pyogenes,Streptococcus pyogenes serotype M6 (strain ATCC BAA-946 / MGAS10394),Bacteria,1,0.13139312
sp|Q8NZB3|Y2031_STRP8,Streptococcus pyogenes,Streptococcus pyogenes serotype M18 (strain MGAS8232),Bacteria,1,0.2154279
sp|Q8P2K0|HTPX_STRP8,Streptococcus pyogenes,Streptococcus pyogenes serotype M18 (strain MGAS8232),Bacteria,1,0.1363878
tr|A0A0H2UTC4|A0A0H2UTC4_STRP3,Streptococcus pyogenes,Streptococcus pyogenes serotype M3 (strain ATCC BAA-595 / MGAS315),Bacteria,1,0.15135877
tr|Q9A200|Q9A200_STRP1,Streptococcus pyogenes,Streptococcus pyogenes serotype M1,Bacteria,1,0.14460374
tr|E9P6N1|E9P6N1_STRPY,Streptococcus pyogenes,Streptococcus_pyogenes,Bacteria,1,0.1340274
tr|Q99Z53|Q99Z53_STRP1,Streptococcus pyogenes,Streptococcus pyogenes serotype M1,Bacteria,1,0.10822114
sp|P15926|C5AP_STRPY,Streptococcus pyogenes,Streptococcus_pyogenes,Bacteria,1,0.18847366
sp|P0DD35|C5AP_STRPQ,Streptococcus pyogenes,Streptococcus pyogenes serotype M3 (strain SSI-1),Bacteria,1,0.15888913
sp|Q8NZ80|C5AP_STRP8,Streptococcus pyogenes,Streptococcus pyogenes serotype M18 (strain MGAS8232),Bacteria,1,0.16139892
sp|P58099|C5AP_STRP1,Streptococcus pyogenes,Streptococcus pyogenes serotype M1,Bacteria,1,0.18598491
sp|Q5X9R0|C5AP_STRP6,Streptococcus pyogenes,Streptococcus pyogenes serotype M6 (strain ATCC BAA-946 / MGAS10394),Bacteria,1,0.16628784
sp|P0DD34|C5AP_STRP3,Streptococcus pyogenes,Streptococcus pyogenes serotype M3 (strain ATCC BAA-595 / MGAS315),Bacteria,1,0.15888913
sp|A2RG72|CLPP_STRPG,Streptococcus pyogenes,Streptococcus pyogenes serotype M5 (strain Manfredo),Bacteria,1,0.054346953
sp|B5XJZ8|CLPP_STRPZ,Streptococcus pyogenes,Streptococcus pyogenes serotype M49 (strain NZ131),Bacteria,1,0.054346953
sp|P69886|CLPP_STRP8,Streptococcus pyogenes,Streptococcus pyogenes serotype M18 (strain MGAS8232),Bacteria,1,0.054346953
sp|P69884|CLPP_STRP1,Streptococcus pyogenes,Streptococcus pyogenes serotype M1,Bacteria,1,0.054346953
sp|Q1J887|CLPP_STRPF,Streptococcus pyogenes,Streptococcus pyogenes serotype M4 (strain MGAS10750),Bacteria,1,0.054346953
sp|Q5XDM4|CLPP_STRP6,Streptococcus pyogenes,Streptococcus pyogenes serotype M6 (strain ATCC BAA-946 / MGAS10394),Bacteria,1,0.054346953
sp|P0DA34|CLPP_STRP3,Streptococcus pyogenes,Streptococcus pyogenes serotype M3 (strain ATCC BAA-595 / MGAS315),Bacteria,1,0.054346953
sp|Q1JDA9|CLPP_STRPB,Streptococcus pyogenes,Streptococcus pyogenes serotype M12 (strain MGAS2096),Bacteria,1,0.054346953
sp|P0DA35|CLPP_STRPQ,Streptococcus pyogenes,Streptococcus pyogenes serotype M3 (strain SSI-1),Bacteria,1,0.054346953
sp|Q1JID4|CLPP_STRPD,Streptococcus pyogenes,Streptococcus pyogenes serotype M2 (strain MGAS10270),Bacteria,1,0.054346953
sp|Q1JN83|CLPP_STRPC,Streptococcus pyogenes,Streptococcus pyogenes serotype M12 (strain MGAS9429),Bacteria,1,0.054346953
sp|Q48V25|CLPP_STRPM,Streptococcus pyogenes,Streptococcus pyogenes serotype M28 (strain MGAS6180),Bacteria,1,0.053607162
tr|A0A0H2USZ5|A0A0H2USZ5_STRP3,Streptococcus pyogenes,Streptococcus pyogenes serotype M3 (strain ATCC BAA-595 / MGAS315),Bacteria,1,0.11233959
tr|A2T8Z0|A2T8Z0_STRPY,Streptococcus pyogenes,Streptococcus_pyogenes,Bacteria,1,0.1150046
tr|Q001F4|Q001F4_STRPY,Streptococcus pyogenes,Streptococcus_pyogenes,Bacteria,1,0.11518945
tr|Q99Y69|Q99Y69_STRP1,Streptococcus pyogenes,Streptococcus pyogenes serotype M1,Bacteria,1,0.08970818
tr|Q8RP52|Q8RP52_STRPY,Streptococcus pyogenes,Streptococcus_pyogenes,Bacteria,1,0.11372799
tr|R9TES9|R9TES9_STRPY,Streptococcus pyogenes,Streptococcus_pyogenes,Bacteria,1,0.10397711
tr|A0A0H2UUJ9|A0A0H2UUJ9_STRP3,Streptococcus pyogenes,Streptococcus pyogenes serotype M3 (strain ATCC BAA-595 / MGAS315),Bacteria,1,0.08883207
tr|A0A0H2UXF4|A0A0H2UXF4_STRP3,Streptococcus pyogenes,Streptococcus pyogenes serotype M3 (strain ATCC BAA-595 / MGAS315),Bacteria,1,0.08970818
tr|Q99ZD2|Q99ZD2_STRP1,Streptococcus pyogenes,Streptococcus pyogenes serotype M1,Bacteria,1,0.08883207
tr|Q9A1S3|Q9A1S3_STRP1,Streptococcus pyogenes,Streptococcus pyogenes serotype M1,Bacteria,1,0.10855398
sp|Q92C36|Y1355_LISIN,Listeria innocua,Listeria innocua serovar 6a (strain ATCC BAA-680 / CLIP 11262),Bacteria,1,0.09088483
sp|Q92D58|HTPX_LISIN,Listeria innocua,Listeria innocua serovar 6a (strain ATCC BAA-680 / CLIP 11262),Bacteria,1,0.07439496
tr|A0ACH1DD85|A0ACH1DD85_LISIO,Listeria innocua,Listeria_innocua,Bacteria,1,0.07439496
tr|A0ACH1D6K1|A0ACH1D6K1_LISIO,Listeria innocua,Listeria_innocua,Bacteria,1,0.14747152
tr|A0ACH1D8Z8|A0ACH1D8Z8_LISIO,Listeria innocua,Listeria_innocua,Bacteria,1,0.38093245
tr|A0ACH1DD83|A0ACH1DD83_LISIO,Listeria innocua,Listeria_innocua,Bacteria,1,0.1367869
sp|Q92C51|LEXA_LISIN,Listeria innocua,Listeria innocua serovar 6a (strain ATCC BAA-680 / CLIP 11262),Bacteria,1,0.025018629
sp|Q928C4|CLPP_LISIN,Listeria innocua,Listeria innocua serovar 6a (strain ATCC BAA-680 / CLIP 11262),Bacteria,1,0.0077760755
sp|Q92ES6|Y382_LISIN,Listeria innocua,Listeria innocua serovar 6a (strain ATCC BAA-680 / CLIP 11262),Bacteria,1,0.13996996
tr|Q929W6|Q929W6_LISIN,Listeria innocua,Listeria innocua serovar 6a (strain ATCC BAA-680 / CLIP 11262),Bacteria,1,0.04859268
tr|A0ACH1DD56|A0ACH1DD56_LISIO,Listeria innocua,Listeria_innocua,Bacteria,1,0.2495371
tr|A0ACH1DDZ1|A0ACH1DDZ1_LISIO,Listeria innocua,Listeria_innocua,Bacteria,1,0.04396523
tr|A0ACH1DE22|A0ACH1DE22_LISIO,Listeria innocua,Listeria_innocua,Bacteria,1,0.025018629
tr|A0ACH1DEG4|A0ACH1DEG4_LISIO,Listeria innocua,Listeria_innocua,Bacteria,1,0.038469035
tr|A0ACH1D8M9|A0ACH1D8M9_LISIO,Listeria innocua,Listeria_innocua,Bacteria,1,0.0077760755
tr|A0ACH1D8Y4|A0ACH1D8Y4_LISIO,Listeria innocua,Listeria_innocua,Bacteria,1,0.04859268
tr|A0ACH1DDJ6|A0ACH1DDJ6_LISIO,Listeria innocua,Listeria_innocua,Bacteria,1,0.051964242
tr|A0ACH1DE14|A0ACH1DE14_LISIO,Listeria innocua,Listeria_innocua,Bacteria,1,0.4991004
tr|A0AAQ2T166|A0AAQ2T166_MORBO,Moraxella bovis,Moraxella_bovis,Bacteria,1,0.26757547
tr|A0AAQ2Q260|A0AAQ2Q260_MORBO,Moraxella bovis,Moraxella_bovis,Bacteria,1,0.38550755
tr|A0AAQ2Q414|A0AAQ2Q414_MORBO,Moraxella bovis,Moraxella_bovis,Bacteria,1,0.28544542
tr|A0A2Z4R870|A0A2Z4R870_MORBO,Moraxella bovis,Moraxella_bovis,Bacteria,1,0.27281985
tr|A0AAQ2Q968|A0AAQ2Q968_MORBO,Moraxella bovis,Moraxella_bovis,Bacteria,1,0.16709073
tr|A0AAQ2Q2E0|A0AAQ2Q2E0_MORBO,Moraxella bovis,Moraxella_bovis,Bacteria,1,0.28818676
tr|A0AAQ2T0T2|A0AAQ2T0T2_MORBO,Moraxella bovis,Moraxella_bovis,Bacteria,1,0.11867618
tr|A0AAQ2QD56|A0AAQ2QD56_MORBO,Moraxella bovis,Moraxella_bovis,Bacteria,1,0.48875755
tr|A0AAQ2SZE2|A0AAQ2SZE2_MORBO,Moraxella bovis,Moraxella_bovis,Bacteria,1,0.2653966
tr|A0AAQ2Q2L2|A0AAQ2Q2L2_MORBO,Moraxella bovis,Moraxella_bovis,Bacteria,1,0.30004072
tr|A0A1S9ZYU1|A0A1S9ZYU1_MORBO,Moraxella bovis,Moraxella_bovis,Bacteria,1,0.14909038
tr|A0AAQ2SZN3|A0AAQ2SZN3_MORBO,Moraxella bovis,Moraxella_bovis,Bacteria,1,0.17583722
tr|A0AAQ2Q4G8|A0AAQ2Q4G8_MORBO,Moraxella bovis,Moraxella_bovis,Bacteria,1,0.4425141
tr|A0AAQ2Q663|A0AAQ2Q663_MORBO,Moraxella bovis,Moraxella_bovis,Bacteria,1,0.2688109
tr|A0AAX3ESR2|A0AAX3ESR2_MORBO,Moraxella bovis,Moraxella_bovis,Bacteria,1,0.19434755
